683 64
skiing 0.613746 -0.462319 0.457507 0.006937 -0.217749 -0.035826 0.154186 -0.095125 -0.432501 -0.167596 0.111854 -0.760328 -0.247264 -0.713528 0.398717 0.644910 -0.257221 -0.389068 0.195284 -0.060371 0.288049 0.371107 0.016574 0.633814 0.196662 -1.066498 -0.216056 -0.566471 -0.521186 0.379078 0.130450 0.256679 -0.358844 0.882278 0.313354 -0.880219 0.337004 0.219578 -0.107840 0.195339 -0.140392 -0.204804 -0.397846 -0.503990 -0.678147 -0.502665 -0.030921 -0.109748 -0.259782 0.067404 0.055864 -0.368425 0.065161 -0.324399 0.115799 -0.042721 -0.261802 -0.167946 -0.032475 -0.196183 -0.339232 -0.209143 0.248508 -0.142111
involves -0.004154 -0.282749 0.206125 0.333028 -0.261179 -0.434120 0.345938 -0.184168 -0.637273 -0.673224 -0.391351 -0.324305 -0.452234 -0.032963 1.048742 0.486032 -0.403671 0.084826 0.013370 0.307987 0.108441 0.037621 -0.803156 0.088085 0.377823 -0.272807 -0.193608 -0.511421 0.498181 0.561653 0.019048 0.350820 -0.146932 1.119042 0.756210 -0.426596 0.009869 -0.121638 -0.074239 -0.180713 -0.135746 0.200048 0.048945 0.699796 -0.105688 0.110884 0.130021 -0.507744 -0.043657 -0.101565 -0.056916 -0.714337 0.118683 -0.297719 -0.228739 -0.123818 0.160030 0.031936 -0.652536 -0.361178 -0.236981 0.139509 0.065158 0.326733
sliding -0.049532 -0.665179 0.048817 0.262672 -0.659860 -0.087692 0.101252 0.106345 -0.040690 0.000899 0.202526 -0.604549 -0.047136 -0.175492 0.136016 0.252226 -0.193369 -0.540005 0.013493 -0.081307 0.332384 0.365329 -0.394504 0.190693 0.418087 -0.879354 0.235655 -0.857087 -0.272292 0.287087 0.094020 0.124361 0.050135 0.960288 0.462198 -0.133835 0.347362 0.239080 -0.084644 0.090686 0.351121 -0.009073 0.243843 -0.064153 0.191070 -0.173250 -0.187354 -0.696534 -0.080895 -0.496870 0.239746 0.286306 0.210123 -0.280931 -0.240521 0.246783 -0.165629 -0.195220 0.403399 -0.435009 0.133308 -0.235784 0.029847 0.064282
down -0.069074 -0.468074 0.037920 0.203062 -0.025978 -0.334673 0.496122 -0.131299 -0.117601 0.048877 -0.211703 -0.164258 -0.436159 -0.541203 0.020136 1.032966 -0.081692 -0.698483 0.565594 0.434613 0.267710 0.048177 0.088627 0.071507 0.197136 -0.644583 0.133218 -0.860516 -0.493075 0.400746 -0.071546 0.156177 0.240330 0.528343 0.162790 -0.490737 -0.097278 0.079931 -0.249713 -0.263979 -0.359629 -0.182281 -0.296605 0.169203 -0.056514 -0.174219 -0.133499 -0.364091 0.233119 -0.257944 -0.208300 -0.191644 -0.185622 -0.208997 -0.212284 0.161047 0.042302 -0.028475 0.009485 -0.773348 -0.200066 0.098939 0.542713 -0.086910
snowcovered 0.188615 -0.153877 0.189962 0.850124 -0.267157 0.196701 0.242784 0.291386 -0.293148 0.171529 -0.090484 0.163997 -0.658388 -0.214792 0.033281 0.333110 -0.318398 -0.750251 0.079276 -0.170669 0.268813 -0.225183 0.001762 0.412271 0.314351 -0.530142 0.594312 -0.657419 -0.302444 0.659272 0.253103 0.619292 -0.245068 1.072993 -0.031101 -0.231713 0.246287 0.230229 -0.014641 -0.442542 0.538343 0.251211 -0.269178 0.175682 0.068550 -0.135217 -0.352903 -0.262521 -0.186146 -0.280301 0.085137 0.393772 -0.101248 -0.456053 0.398215 -0.360161 0.659655 -0.049749 0.057361 -0.303383 0.081391 0.084025 0.317714 0.159071
slopes -0.035188 -0.191292 0.251164 0.743564 -0.221184 0.507576 0.109772 0.266128 -0.285649 0.105614 -0.461823 -0.126834 -0.979910 -0.582289 0.266547 0.357253 -0.219741 -0.418540 0.485672 -0.014957 -0.023819 0.005547 0.093820 -0.346194 -0.098643 -0.392725 0.280153 -1.016536 -0.302404 -0.122135 0.356269 0.340049 -0.305000 0.930122 -0.005566 0.024009 0.190308 0.038724 -0.506746 0.523921 -0.100078 0.262153 -0.230051 -0.242343 0.010668 -0.404231 -0.089071 -0.521868 0.099156 -0.721040 -0.206284 0.175127 0.460928 -0.282372 -0.263386 -0.333873 -0.056392 -0.385828 -0.392061 -0.212688 -0.174990 -0.038328 0.201866 0.252549
parents 0.992007 0.032513 0.118832 0.067266 -0.057117 0.233413 0.678960 -0.089403 -0.189916 -0.005153 0.719370 -0.214808 0.076005 -0.064681 0.467621 0.043329 -0.362017 0.143083 -0.016676 -0.036323 0.070331 -0.731170 0.696533 -0.059422 -0.069272 -0.775019 0.034323 0.097459 -0.205164 0.021227 -0.043669 0.427901 -0.250041 0.033866 -0.359950 -0.664231 0.425579 0.119858 0.334783 -0.108691 0.439648 0.278121 -0.196103 0.036142 0.207860 0.204574 0.279544 -0.740853 0.070239 0.381335 -0.235689 -0.071922 0.351483 -0.462026 0.138591 0.045887 -0.298556 -0.689489 0.096158 0.328262 -0.732941 0.017616 -0.315653 0.253229
care 0.673550 0.351496 -0.017611 -0.386211 -0.717345 0.045462 0.712452 0.709346 -0.462944 0.032017 0.314033 -0.156671 -0.043386 -0.012458 0.458001 0.312505 -0.607799 0.575017 -0.260468 -0.034910 -0.485359 -0.441252 0.258843 -0.439927 -0.385191 -0.756761 0.210707 0.150759 -0.003634 0.341637 -0.020644 -0.031575 0.306926 0.432944 -0.289497 0.016273 -0.307557 0.199556 0.188913 -0.268447 0.407604 0.128362 0.179190 0.009712 0.513922 0.543762 0.067212 -0.663546 -0.339022 -0.184715 0.003721 0.168164 0.099305 -0.517140 -0.238365 -0.091411 -0.180744 -0.543200 0.349915 -0.001659 -1.036881 -0.023299 0.366978 -0.044105
for 0.020320 0.132883 -0.304672 0.134009 0.020111 -0.339496 0.096297 -0.031812 0.188127 -0.023370 -0.127862 -0.468296 -0.066608 -0.122442 -0.086854 0.375586 0.090729 0.280907 0.221790 0.277078 0.333569 -0.109372 0.636674 0.245872 -0.558306 0.145142 0.304748 0.248907 -0.170429 -0.285687 -0.318335 0.291366 -0.237066 0.057587 -0.200458 0.180099 -0.376916 -0.325439 -0.058624 -0.313692 -0.377704 -0.698951 0.193111 -0.376735 0.280639 1.102729 0.021298 -0.006671 0.139433 -0.791809 -0.054697 -0.027638 0.331136 -0.302363 -0.251042 0.256866 -0.419728 -0.701874 0.301141 0.188912 -0.402706 0.220388 0.409400 0.345675
their 0.713438 -0.108225 -0.191930 0.065617 -0.751331 -0.116918 0.026742 0.087528 -0.297077 -0.462425 1.322017 -0.139765 0.281017 -0.143463 0.204035 -0.285331 0.222997 0.609189 0.348741 -0.140070 -0.514614 -0.129254 0.417336 -0.088348 -0.131711 -0.863605 0.034103 0.319462 0.146816 -0.258527 0.426409 0.714266 0.526891 0.033683 0.319705 -0.289245 0.881239 -0.007440 -0.030094 -0.237070 0.273734 0.250198 -0.108598 0.053661 0.186980 0.487150 0.876005 -0.815347 0.579754 0.099828 0.444308 0.482950 0.208120 -0.573092 0.118962 -0.092044 -0.802249 -0.956200 0.850310 -0.371927 -0.459579 -0.293540 -0.398834 -0.039443
children 0.709239 0.265551 -0.292684 0.577571 -0.204990 0.744177 0.091263 0.523216 0.499269 -0.301132 0.456252 0.167248 -0.401415 0.152601 0.228817 -0.161466 -0.349946 0.841656 -0.203540 0.121328 -0.238628 -0.149196 -0.236985 -0.090979 -0.297453 -1.067984 0.377449 0.411796 0.633413 0.524670 0.144386 0.576133 0.191571 0.022654 -0.039924 0.054325 0.597859 0.079339 0.418461 -0.047826 0.538929 -0.092968 -0.149797 -0.012150 0.510418 -0.149272 0.439675 -0.326002 0.869547 -0.154088 0.187663 0.092207 -0.210881 -0.528998 0.115402 0.190790 -0.204807 -0.658967 0.109865 0.262295 -0.434818 0.398898 -0.170030 -0.398409
with 0.497858 0.336488 -0.357131 0.152948 -0.278325 -0.244416 0.628614 0.202552 -0.244365 -0.116170 0.116199 -0.204042 0.004275 1.225148 -0.137936 -0.496553 -0.639184 -0.240078 -0.236545 0.221252 0.141748 -0.286666 0.432442 0.128718 -0.456836 0.200042 0.167381 0.152698 0.476147 -0.139616 -0.362040 0.216879 0.201879 0.942892 0.034235 -0.332821 0.755330 0.325319 -0.148495 -0.321931 -0.039478 -0.074379 0.320253 -0.268861 -0.033299 0.427779 1.034744 -0.892417 0.449262 -0.384148 -0.025920 0.419445 -0.401632 -0.331572 -0.455535 0.134295 -0.104093 0.442553 -0.319800 -0.458879 -0.033215 -0.174389 -0.454738 -0.296867
love 0.218576 0.505616 -0.468237 0.435832 0.274094 0.355039 0.522501 0.342878 0.242794 -0.186688 -0.215140 0.177000 -0.628927 0.662772 -0.097129 -0.399390 -0.025018 0.194109 0.007752 -0.046750 -0.116301 -0.150295 0.691759 -0.379119 -0.384457 -0.347971 -0.459009 0.346584 -0.158603 -0.294512 -0.034307 0.403604 0.047927 -0.411258 -0.041652 -0.068286 0.488848 0.254479 0.262750 0.357003 0.453728 -0.172240 0.179403 -0.284202 -0.590936 -0.308588 0.261117 -0.272468 -0.086125 -0.234146 0.133911 0.213385 0.281922 -1.022058 -0.241479 0.132189 -0.630972 -0.644752 0.221254 0.414200 -0.059288 0.353712 0.201381 -0.004691
and 0.156031 0.242417 -0.057299 0.098895 0.454479 -0.134549 -0.144170 0.319031 -0.084586 0.157431 -0.235633 0.485438 -0.068025 -0.063060 0.400177 0.092485 -0.189266 0.236434 -0.084520 0.269670 0.165968 -0.322649 0.201655 0.042277 -0.149029 0.259069 0.257924 -0.218585 0.151382 0.056177 0.058489 0.045996 0.197979 0.043296 -0.221116 0.038760 0.002634 0.201822 -0.375940 -0.287606 -0.088632 0.234703 0.291725 -0.020657 -0.092164 0.122168 0.130492 -0.129573 0.187484 0.052278 0.469761 0.078711 0.263538 0.080012 0.237901 0.009083 0.024988 0.065911 0.083885 -0.004754 0.050148 -0.027149 -0.135833 -0.319818
patience 0.014192 0.192673 0.319177 0.319513 -0.485883 0.566915 0.096542 0.769624 -0.052619 -0.114718 -0.015104 -0.039041 -0.277675 -0.276450 0.250690 0.135558 0.397827 -0.018257 -0.016869 0.259796 0.388079 -0.568106 0.483047 -0.173136 0.271325 -0.081817 -0.124028 0.238036 0.334635 -0.160204 -0.021531 0.446158 -0.092369 -0.160436 -0.861059 0.366192 -0.159976 0.294423 0.236577 0.750089 0.013794 -0.146710 0.004979 -0.020384 0.172104 -0.061180 0.439351 -0.717905 0.413103 -0.089711 -0.170069 0.082870 0.272327 -0.433159 -0.572860 -0.036657 0.016023 0.043638 -0.605561 -0.018174 -0.229005 -0.014625 0.279951 -0.444262
software 0.302082 0.215265 0.165124 0.273836 -0.645988 0.326968 0.357943 -0.329712 -0.302963 0.255544 -0.068592 -0.202439 0.249709 -0.040187 -0.456539 0.085597 0.032912 -0.071506 -0.537165 -0.137703 0.083559 -0.533756 -0.187716 -0.227448 0.225335 -0.748683 -0.315881 0.704443 -0.284668 -0.331368 0.015240 0.061793 -0.054383 -0.078252 -0.032322 0.079461 0.643044 0.285269 -0.129879 0.415780 0.316510 -0.061332 -0.321643 0.042374 -0.251623 -0.058835 -0.491432 0.175160 0.000199 0.296656 0.323008 -0.806499 -0.042118 0.379579 0.359734 1.137119 -0.333778 0.333493 0.126375 -0.234148 0.180397 -0.044093 -1.311614 0.582099
is 0.236226 -0.056662 0.316418 0.031095 -0.429493 -0.100426 0.580723 -0.236613 0.266244 0.184621 0.098745 -0.278962 0.096252 0.460296 0.524552 -0.155937 -0.008801 0.393392 -0.199229 -0.122583 -0.066206 0.025856 -0.315285 0.115607 -0.313204 0.427348 -0.789973 -0.030343 -0.169200 0.207165 0.189257 0.269177 0.076821 0.171041 -0.092120 0.246704 0.315468 -0.308910 -0.008585 -0.207716 -0.141245 -0.241341 0.445690 0.098420 -0.088449 -0.059495 0.199781 0.420636 -0.234982 -0.106039 -0.000795 -0.044533 0.233830 0.028297 0.392240 -0.192107 -0.357644 0.508939 -0.228703 -0.152199 0.258235 -0.015429 0.254773 -0.171792
written -0.121513 -0.360423 -0.101983 -0.011030 -1.002820 -0.422134 0.507436 0.019061 -0.042946 0.292644 0.032800 0.198023 0.604985 0.037782 -0.526065 0.114349 0.265179 -0.021717 -0.314443 0.115803 -0.433859 -0.536243 -0.644048 -0.341167 -0.073391 -0.579756 0.541092 0.134603 0.426643 -0.586743 0.213060 0.107088 0.170385 0.144627 0.194891 0.289506 0.748976 0.286814 -0.045935 -0.183641 0.531521 0.626373 -0.096013 0.374538 0.176861 0.224741 -0.174527 -0.126601 0.190963 -0.271846 0.428633 0.232509 0.164653 0.159134 -0.313712 0.683069 0.015161 0.230181 0.243403 -0.714511 -0.124901 0.122517 -0.758880 -0.160197
by 0.693716 0.596528 -1.266780 -0.308518 -0.476163 -0.149751 0.364889 0.084560 0.006603 -0.006434 0.480588 0.195203 0.004555 0.425278 -0.508988 -0.090239 0.220784 -0.120255 0.389636 -0.047993 0.457633 -0.362050 -0.039469 -0.221886 -0.240280 -0.364680 0.146320 0.335550 -0.335794 -0.250662 0.464442 0.199897 -0.099527 0.032593 0.288006 -0.421690 0.489685 0.008449 0.020710 0.120457 -0.064466 0.104946 -0.010674 0.123612 -0.103768 -0.267291 -0.451332 0.490151 0.472296 -0.107925 0.119885 0.361125 0.038733 0.136415 0.287103 0.995281 -0.998517 -0.186355 0.100241 -0.583652 -0.130600 -0.079003 -0.122618 0.226079
programmers 0.076913 0.570977 0.070013 0.783448 -0.844402 -0.002745 0.490142 -0.219894 -0.277464 0.830147 -0.586742 0.467266 0.305127 0.074929 -0.374733 0.482889 0.710409 -0.548880 0.210436 -0.019676 -0.305724 -0.506213 -0.281025 0.082992 -0.189032 -0.526279 0.409177 0.821366 -0.026934 -0.200033 -0.117065 0.374858 -0.281752 -0.607963 -0.328495 0.046517 0.699708 0.352411 -0.254030 -0.464958 0.291818 0.183603 0.135165 -0.373331 -0.193552 -0.145262 -0.317076 0.268093 0.428526 -0.468077 0.345370 0.201080 -0.098691 -0.335835 -0.149568 0.674606 0.261105 0.334920 0.084734 -0.696626 -0.135582 0.215731 -0.560091 0.326053
using 0.262961 -0.038542 -0.415651 -0.251211 -0.414809 0.221531 0.087889 -0.096433 -0.239526 0.805546 -0.378927 0.279834 -0.160421 -0.670126 -0.255426 -0.218942 0.636955 -0.411153 -0.275659 0.064008 0.140141 -0.310168 -0.680231 -0.288033 -0.002010 -0.153193 -0.349224 0.326787 0.006146 -0.238587 0.282922 0.001678 0.125825 -0.574961 -0.588466 -0.037467 0.404413 -0.012184 -0.373570 -0.054664 0.110401 0.560477 -0.318088 0.066064 -0.109101 0.094866 -0.311655 0.287437 0.599378 -0.518810 -0.170373 0.118467 0.401389 -0.437480 -0.176831 0.164538 0.396414 0.153298 0.593451 -0.080453 0.118117 0.473040 -0.205438 -0.003439
code 0.232308 0.250537 0.409318 0.504994 -1.213099 0.662037 -0.048723 -0.021661 -0.119033 0.694285 -1.130589 0.251936 0.012001 -0.055550 -0.232180 -0.062610 0.046036 -0.354983 -0.225250 -0.374197 -0.221146 -0.470415 -0.212288 -0.267536 -0.380629 -0.415502 0.337772 0.151794 -0.271969 -0.820416 0.258860 0.270086 -0.038629 0.019728 -0.372411 0.338022 0.919436 0.178391 -0.302453 0.404559 0.325294 0.714224 0.039025 -0.322476 -0.224995 0.131250 -0.430624 -0.059912 0.259503 -0.163566 0.127055 0.649812 0.220445 -0.065698 0.012662 0.504223 0.200359 -0.015821 -0.213666 -0.465247 0.420879 -0.341254 -0.724161 0.588006
empathy 0.404727 0.616857 0.250435 -0.345916 -0.156119 0.201369 0.114281 -0.326626 -0.109744 0.400281 -0.287143 -0.415565 0.070651 0.073024 -0.202704 -0.537647 0.070318 0.553990 0.302062 -0.894599 0.321061 0.113180 0.101394 0.056550 -0.632639 -0.718310 0.332009 0.195510 0.062578 -0.058966 -0.067686 0.352765 -0.255009 0.059709 -0.689857 -0.324551 -0.244744 -0.406101 0.994282 0.264259 0.581950 -0.408855 0.432455 -0.056109 -0.192422 -0.381418 -0.480682 0.158966 0.062320 0.717768 0.063000 0.240162 0.422944 0.514612 0.052656 -0.457910 0.004207 0.179222 0.347183 0.433248 0.355529 -0.603972 -0.734403 0.356341
allows 0.411101 0.579050 0.010893 0.071923 0.073883 -0.050577 0.064121 -0.325568 0.477039 -0.368199 -0.187852 -0.263516 0.267032 0.081779 -0.451281 -0.740237 0.120197 0.813163 0.009862 -0.709606 -0.176488 0.244052 -0.151359 -0.100343 -0.560091 -0.821289 0.314192 0.089062 0.545636 0.115244 -0.191739 0.577037 -0.334802 0.364732 -0.277446 -0.008621 -0.407648 -0.431848 0.421353 0.286023 0.232429 0.366036 0.152122 0.094839 0.081216 -0.530518 -0.555141 0.570815 -0.531254 0.835808 -0.264300 0.151012 0.350039 0.173416 0.169760 0.004028 0.454855 0.271382 -0.046279 0.011913 0.247262 0.167356 -0.377531 -0.072510
us -0.149153 -0.473000 -0.396132 -0.164905 -0.064925 -0.500488 0.046755 -0.850177 -0.013972 0.055828 -0.159284 0.266349 0.475115 0.552245 -0.056383 -0.746293 0.603832 0.949301 0.506634 -0.369290 -0.327254 0.106624 -0.491792 -0.267450 -0.129204 -0.817096 0.455122 -0.133243 1.016073 -0.000934 -0.064483 0.008031 0.213824 0.306501 0.002619 0.016959 -0.340413 -0.472636 0.830394 -0.242536 0.194795 0.364969 0.028864 0.370724 0.247236 0.023270 -0.105819 -0.314072 -0.898899 0.514401 0.342672 0.739921 0.483079 -0.116897 0.020798 -0.378443 -0.546471 0.608856 0.517588 -0.085282 -0.167249 -0.261309 -0.160210 0.299289
to -0.161853 -0.114950 -0.526600 -0.211882 -0.052240 -0.224425 -0.387632 -0.197134 0.863862 0.250333 -0.290411 0.192315 0.125491 0.121612 0.206630 0.303904 0.237529 0.249854 0.351005 0.336177 0.130442 0.170124 -0.200551 -0.363324 -0.018671 -0.296145 -0.170834 0.300715 -0.089409 -0.653978 0.090707 -0.193322 0.176986 0.503915 -0.298646 -0.159336 -0.138971 0.054164 0.112214 -0.166251 -0.055023 -0.053121 -0.145471 0.357773 0.022704 -0.071197 0.084713 -0.370060 -0.198248 -0.315419 -0.737904 0.688206 -0.067050 0.119196 0.266097 -0.160769 0.512784 -0.155769 0.423647 -0.071705 -0.057468 0.435227 -0.128944 0.195865
understand -0.419200 0.568760 -0.283811 -0.306873 -0.163664 -0.508031 -0.018226 -0.093820 0.055373 -0.200782 -0.124894 -0.009124 0.685676 -0.227626 -0.380927 0.439392 0.682349 -0.250297 0.173342 -0.262638 -0.323637 0.514369 0.077223 0.295184 0.113907 -0.455374 0.496630 -0.127513 0.568639 0.067512 -0.406578 0.000965 -0.123750 -0.186984 -0.668020 -0.846074 -0.337626 -0.493353 0.088752 -0.673118 0.529265 0.776304 0.164308 0.608067 -0.173249 -0.136091 -0.186404 0.100283 0.234291 0.114536 0.184209 0.290347 0.043602 -0.438469 0.030757 -0.203848 -0.401255 0.219081 0.475050 -0.095505 -0.105406 -0.366825 0.225398 0.230391
how -0.165945 0.467676 0.210189 0.534235 0.282370 -0.395737 0.099255 -0.315316 -0.243222 0.156408 -0.102776 -0.312277 -0.101613 -0.088486 -0.373697 -0.466553 0.461648 0.215340 -0.543491 0.033218 -0.577061 0.535471 -0.442417 -0.044759 0.347610 0.129675 0.800934 0.005309 0.822015 -0.726474 -0.354786 -0.115665 0.101029 0.274796 -0.407519 -0.258684 -1.023502 -0.494059 0.252557 0.123174 0.382694 0.114706 0.139664 -0.051585 0.305649 0.220940 -0.071438 -0.664302 -0.457372 -0.050904 -0.360303 0.258001 0.459728 0.246547 -0.150780 -0.520832 -0.478348 0.398265 -0.159228 -0.316585 -0.139394 -0.502682 -0.130719 0.117969
others 0.071215 0.571382 -0.237526 0.279193 -0.597431 0.330078 -0.067955 -0.129425 0.220823 0.525664 0.070681 0.431823 -0.053493 -0.423248 -0.068996 0.100177 0.133440 -0.442676 -0.335308 -0.446782 0.058833 0.628084 0.022063 0.537240 0.011466 -0.073586 0.403267 -0.248031 0.319517 -0.157482 -0.588666 0.456815 0.244028 0.063734 -1.162342 -0.305858 -0.597390 -1.139445 0.615769 0.093729 0.433081 0.776601 0.093503 -0.006186 -0.419735 -0.324186 0.261861 -0.016470 0.151454 -0.139189 0.063985 0.577243 -0.041258 0.158123 -0.065915 -0.531673 -0.358303 0.267773 -0.405340 0.453141 0.321909 -0.219189 -0.459969 0.341400
feel -0.120236 0.434472 -0.470826 0.280370 -0.008440 0.072760 0.101873 -0.265833 0.232834 0.111907 0.018255 0.472574 -0.294369 -0.555218 0.021165 -0.394425 -0.080395 -0.371334 -0.181638 -0.340544 -0.096931 0.980942 0.156607 -0.065627 0.237651 -0.325843 0.046908 -0.281568 0.408539 -0.711421 -0.466832 0.093307 -0.274511 0.155363 -1.018155 -0.353145 -0.635745 -0.774483 0.273977 0.362219 0.240621 1.036092 -0.086377 -0.381816 -0.184189 -0.520943 0.109388 0.277381 0.152167 0.111827 -0.097833 0.709186 0.856791 0.152384 -0.455057 -0.294129 -0.219840 -0.000279 -0.630276 -0.031295 0.284796 -0.363213 -0.268263 0.279689
water -0.024125 -0.733256 0.116002 0.755428 -0.031830 0.318076 0.172795 0.272051 0.193959 0.106246 -0.137514 -0.476685 -0.089366 -0.242426 -0.149277 -0.027677 0.061489 0.150481 0.131234 -0.404233 -0.002748 -0.831908 -0.190221 -0.359131 0.602722 0.383571 -0.162888 -0.191817 -0.003483 -0.372268 -0.302127 0.212289 -0.406865 0.175961 -0.614479 0.239157 -0.039496 0.065448 -0.259417 0.251072 -0.655686 0.000186 0.327308 -0.252718 -0.222898 0.021089 0.060248 0.456508 0.486581 0.381547 -0.066615 0.840586 0.022655 0.235272 -0.428671 0.365386 -0.004234 0.004391 -0.066832 0.326715 0.173870 0.095653 0.342147 0.285619
freezes 0.689590 -0.300719 0.560908 -0.557109 0.345199 0.456849 0.180519 0.008098 1.188969 -0.553589 -0.268730 -0.505414 0.960951 -0.207663 0.554821 0.258202 0.082799 0.716013 -0.813043 -0.567741 -0.575760 -0.289742 0.038083 -0.633658 0.276242 -0.328319 0.261708 -0.312069 0.695955 0.318987 -0.430058 -0.186926 -0.102713 0.280853 -0.033673 -0.040439 0.449313 -0.213566 -0.123397 0.218503 -0.409741 0.478926 0.504443 -0.200003 -0.041380 -0.035819 0.572461 0.777217 0.232056 0.802139 -0.220676 0.072215 -0.216631 0.186195 -0.694920 0.017826 0.327002 0.144822 0.547145 0.146216 0.256709 -0.360313 0.032229 -0.186015
at -0.187375 0.293061 -0.021715 -0.007754 0.243487 0.061596 0.303524 -0.012525 0.794879 -0.479344 0.133559 -0.418041 0.270887 0.125732 0.304489 0.063755 -0.058414 -0.238840 -0.390828 0.099533 -0.556923 0.062167 0.014487 -0.488826 0.412850 -0.271141 -0.283365 0.217220 0.178443 0.193570 0.181502 -1.144721 -0.376164 -0.354229 -0.251706 0.044770 0.092796 -0.436420 -0.031673 -0.031506 -0.735325 0.021369 0.624005 0.086858 0.136223 0.478180 0.415504 0.230575 0.246663 0.075589 0.035234 0.115905 -0.526996 0.095974 -0.741986 0.669206 -0.189136 0.281592 -0.188079 -0.374201 -0.201021 -0.005204 -0.247055 0.328701
zero 0.133901 -0.128228 -0.449804 -0.381565 -0.400068 0.026090 -0.011980 -0.151620 1.286983 -0.346786 0.270685 -0.311643 1.134526 0.027472 0.401070 0.500524 -0.138281 0.260271 -0.428818 -0.313602 0.159100 -0.837884 0.178778 -0.879633 0.770996 -0.124595 0.127067 -0.009748 0.380798 -0.082705 -0.023027 -0.692102 0.189187 0.028218 0.096348 -0.170783 0.385094 -0.475132 0.032105 0.245192 0.004463 -0.140436 0.769394 0.294338 0.266821 0.242124 0.300868 0.605192 0.420502 0.511733 -0.451887 0.285115 -0.128047 0.307418 -0.673496 -0.034148 -0.269021 0.294822 0.444133 -0.016142 0.215082 -0.227084 0.658603 -0.317206
degrees 0.393346 -0.118359 -0.369100 -0.039403 -0.374094 0.721549 -0.039759 0.253482 1.564855 -0.677924 -0.000381 -0.440249 1.457257 -0.077534 0.034912 0.186335 -0.419694 0.268786 -0.666292 -0.069021 0.174602 -0.557750 0.209992 -0.702097 0.811082 -0.290095 0.446898 0.024598 -0.092737 0.635504 -0.165029 -0.547790 -0.118961 -0.658526 -0.361916 -0.136603 0.415320 -0.138764 -0.366743 -0.375257 0.110076 -0.163815 0.614689 0.311301 0.413550 -0.190376 0.269007 1.065443 0.472084 0.247913 -0.270634 0.062849 -0.237142 -0.412132 -0.805734 -0.108152 0.053923 -0.087718 0.457019 -0.269595 0.164023 -0.086125 0.759464 -0.852468
boils -0.322700 0.040532 -1.140928 0.713579 -0.093866 0.655057 -0.165558 0.958382 1.413779 -0.200994 0.321559 0.023020 0.402626 -0.292988 -0.098288 0.497291 -0.345497 -0.060097 -0.533977 0.150146 0.005172 -0.116568 -0.111696 -1.235160 0.462798 0.086277 -0.272653 -0.439151 -0.102452 -0.098655 0.150142 -0.705681 -0.517633 -0.729439 -0.341926 -0.012555 0.544772 0.188807 -0.441051 0.283451 -0.366154 -0.206245 0.553629 0.846948 -0.022550 -0.100083 0.446825 0.388168 0.980138 -0.476524 -0.243931 0.246580 -0.094826 -0.024044 -0.611887 0.509270 -0.052396 -0.111173 0.286787 -0.016740 0.359298 0.115378 0.411055 -0.411784
one 0.544309 0.049770 -0.024722 0.027072 0.033650 -0.147435 -0.036805 1.080232 0.070996 -0.315218 0.188113 0.132410 0.994246 -0.009920 0.034713 -0.006921 -0.170912 -0.441139 -0.415185 0.099815 0.188782 0.253206 -0.321390 -0.696747 0.287461 -0.247111 -0.301759 0.068189 0.691013 -0.106048 -0.025455 -0.262691 -0.635754 -0.116605 0.210389 -0.261938 -0.048819 0.180386 -0.069237 0.384695 -0.633036 -0.227902 0.744281 0.284795 0.064378 0.512764 0.408714 0.888308 0.875093 -0.191392 0.130780 -0.421415 0.390960 -0.268616 0.189686 0.745489 0.001665 0.101832 -0.194661 0.235212 -0.043942 0.248917 0.015136 -0.228809
hundred -0.238284 0.331865 -0.300847 0.435974 -0.493743 0.743926 0.291430 0.490400 0.354393 -0.155285 -0.134804 0.387878 -0.112728 0.052061 0.430401 0.318069 -0.234519 -0.059283 -0.316485 0.099093 -0.111712 -0.094620 0.016421 -0.996938 0.627765 0.138326 -0.461658 -0.304637 -0.078575 -0.042673 -0.003556 -0.153917 -0.360622 -0.480648 0.116960 0.106310 0.044839 0.290516 -0.084330 0.938405 -0.170708 0.412616 0.648716 0.233687 0.106764 0.176042 0.157226 0.183814 0.234043 -0.355049 -0.220388 -0.047705 0.272920 0.424338 -0.306266 0.390846 0.171869 0.034037 -0.362848 -0.008434 0.145260 -0.034638 0.060988 -0.141414
soldiers 0.623073 0.079217 0.799971 0.210403 -0.613540 -0.094919 -0.194734 0.064866 0.151297 0.630519 0.820827 -0.112717 -0.015717 -0.537652 0.371332 0.018268 -0.505700 0.189694 0.366165 -0.005794 -0.072257 -0.010774 -0.035907 0.141892 0.560475 -0.078649 -0.310489 0.529693 0.327832 -0.161381 0.176062 0.230571 0.524080 -0.634542 0.013084 -0.404519 0.833182 -0.034463 0.112718 0.056505 -0.206642 -0.180146 -0.314536 -0.688439 0.295966 -0.282831 0.697801 0.150983 -0.221411 0.406410 -0.162748 0.740209 -0.147448 -0.613660 -0.040921 0.068262 -0.333903 -0.218642 0.520698 0.841476 -0.346949 -0.790266 -0.353449 -0.027793
protect 1.122177 -0.130076 0.876362 -0.046953 -0.144304 -0.441814 0.151679 -0.029529 0.285279 0.119837 0.932225 -0.094125 0.288620 -0.169531 0.336565 0.195061 -0.243908 0.444773 0.594029 -0.152755 -0.262111 0.327027 -0.340336 -0.251697 -0.172309 0.281840 -0.085648 0.653004 0.793963 -0.600563 0.122351 0.985982 0.644141 0.576159 0.512313 -0.489407 0.917601 -0.442521 0.129088 -0.128726 -0.147018 0.201880 -0.384642 0.143108 0.024082 0.213582 0.874180 0.066683 0.149976 0.210902 -0.389379 0.502310 -0.322301 -0.738168 0.017481 0.091425 -0.399041 -0.665506 0.152645 0.555448 -0.549608 -0.476372 -0.575255 -0.172382
country 0.337246 0.017508 0.949176 -0.077731 -0.759815 0.067596 -0.135680 0.149842 0.176880 -0.348070 0.821107 -0.148794 0.228765 -0.102462 0.435883 0.119230 0.169759 0.441417 0.792927 0.105503 -0.345450 -0.553522 -0.241767 0.323812 -0.097125 -0.061160 -0.207590 -0.202481 -0.205549 -0.310078 -0.436073 0.046277 0.335608 -0.104474 -0.206359 0.041713 0.686454 -0.265119 -0.199261 -0.247662 -0.197712 0.217114 0.049345 0.574168 -0.125269 0.419459 0.662820 -0.826715 0.597140 0.030571 -0.068918 0.784364 0.128309 -0.310469 -0.582726 0.317406 0.117000 -0.337590 0.250858 0.030689 -0.261687 0.438270 0.156470 0.411133
in -0.077908 -0.419464 0.312797 -0.180263 -0.140969 -0.398953 0.007989 0.468942 0.141307 0.134909 0.118906 0.477953 -0.187463 0.197955 0.178746 -0.392602 0.153332 0.136686 0.116685 -0.093747 0.031713 0.065908 0.592303 -0.090779 0.287612 0.310583 -0.346586 0.109638 0.222490 0.004035 -0.038941 0.139307 0.153885 -0.142449 -0.085385 -0.249804 -0.254172 0.536404 -0.253471 -0.075034 0.302763 0.700053 -0.241898 -0.187236 -0.147736 0.167416 -0.053716 0.281132 0.397602 -0.306427 0.198421 -0.224402 -0.490886 -0.441082 0.343003 -0.014111 -0.078431 0.379252 -0.037086 -0.324189 -0.288206 0.039391 0.716192 0.274579
times -0.460731 0.180158 0.357696 0.265881 -0.161594 -0.028727 -0.407173 0.507400 -0.394109 -0.124629 0.501038 0.037457 0.216119 -0.075657 0.223776 0.514461 0.291699 0.247685 1.319569 -0.238092 -0.485175 0.787988 0.118351 0.119180 0.188132 0.824735 -0.247356 -0.150259 0.298521 -0.143821 0.048798 0.314624 -0.084555 0.175712 0.218557 -0.638539 0.530880 0.169218 -0.868086 0.167404 -0.516807 0.148723 -0.086268 -0.212093 -0.056074 -0.119000 0.287926 -0.221402 0.808447 0.135171 -0.102315 0.534888 -0.195364 -0.436887 0.133684 0.025434 -0.189356 -0.353865 -0.450860 -0.253671 -0.180611 -0.373686 -0.197732 0.073693
of 0.080606 0.015378 -0.017492 0.298457 0.363440 0.229379 0.518132 0.149106 -0.130918 0.319611 0.504761 -0.021049 0.381030 0.019483 0.384839 -0.113488 0.018178 -0.270049 0.115205 0.113421 -0.512472 0.155382 -0.102551 0.340217 0.437593 0.237061 0.189865 0.589169 -0.023776 -0.052473 0.546557 0.110450 0.097664 -0.230682 -0.609467 0.160546 -0.292349 -0.171314 -0.478083 0.027483 0.420494 -0.584265 0.662246 0.086645 -0.119375 -0.167921 -0.473343 0.103540 0.403678 -0.105611 -0.151856 0.168690 -0.571979 -0.021652 0.211551 -0.027939 -0.022093 -0.275071 0.134886 -0.104374 -0.634029 -0.269079 0.294483 0.473095
war 0.004544 -0.029862 0.279264 0.084159 -0.684050 0.608287 -0.357262 0.586314 0.116072 -0.058310 0.781934 0.266924 0.307052 -0.460542 0.335215 0.758481 -0.305514 0.452226 0.775409 0.093745 0.093622 0.400622 0.193024 -0.274048 -0.283518 0.961244 0.293594 -0.056298 -0.094727 -0.505619 0.407916 0.304981 0.481787 0.364430 0.099100 -0.524039 0.281901 0.455339 -0.082021 0.242500 -0.178892 0.178115 0.095896 -0.295789 -0.135106 0.149142 -0.181605 -0.167578 0.866562 -0.075980 -0.235205 0.244832 -0.143346 -0.850485 -0.251273 0.295646 -0.011384 0.435853 -0.152990 0.461020 -0.420686 -0.391371 0.162349 0.118659
the 0.220936 -0.187396 0.310877 -0.012268 0.323204 0.189816 0.073000 -0.085790 -0.320757 -0.350714 0.024790 0.155279 0.081515 -0.073566 0.154202 0.011867 -0.046947 -0.126366 0.081332 -0.054336 0.166501 -0.150054 -0.092754 0.236824 0.038890 -0.079730 -0.035636 0.198148 -0.001709 -0.049537 -0.044824 -0.295596 -0.069921 0.145001 -0.052183 0.150796 0.117339 -0.560096 0.005537 -0.016324 0.174158 0.155122 -0.086595 -0.102669 0.094327 -0.010135 0.112299 0.122943 0.008988 -0.317707 -0.093708 0.213138 -0.070182 0.074396 0.543383 0.475512 -0.072262 -0.114347 -0.128366 -0.044034 0.285024 0.127015 0.235643 0.074397
sahara 0.109340 0.247647 0.748104 0.692063 0.073367 0.094080 -0.205918 -0.119958 0.123949 0.514049 0.142579 0.155703 0.881911 1.252897 -0.145082 -0.115136 -0.066471 -0.244233 -0.118405 0.282584 -0.065702 0.031822 0.535742 -0.107483 -0.044321 0.150756 -0.231903 0.187831 0.833726 0.326784 -0.628721 -0.257917 -0.025478 1.204230 0.144654 0.238501 -0.080583 -1.102638 -0.648801 0.015571 0.649091 -0.185081 -0.902396 0.043586 -0.065611 0.463019 0.230419 -0.042947 -0.165618 1.163708 -0.016505 -0.331212 0.094800 -0.093745 -0.032093 0.839854 0.041271 0.230645 -0.049782 0.710261 -0.304193 0.331478 -0.167449 0.080323
desert -0.235708 -0.192501 0.238367 0.661195 -0.894285 -0.114531 -0.450980 -0.122348 0.084158 -0.034944 0.502360 -0.135814 1.188819 1.353117 -0.268172 -0.270943 0.071757 -0.330020 -0.042203 0.069565 0.221388 -0.011527 0.360937 -0.276436 -0.394278 -0.447737 -0.424428 -0.125772 0.343994 -0.185223 -0.105414 -0.532147 0.251615 0.760791 -0.052712 0.087470 0.559926 -0.836409 -0.753321 -0.186767 0.595049 -0.764833 -0.990710 0.371475 -0.255862 -0.049353 0.418687 -0.438571 -0.126913 0.686628 0.010788 0.326763 0.284795 0.001913 -0.503226 0.684866 -0.797234 0.297071 0.135490 0.230837 0.058801 0.133865 0.176120 0.039411
hot -0.334298 0.006912 -0.023803 1.060059 -0.259673 0.231066 -0.360010 0.242578 0.289935 0.173470 0.103265 0.565054 0.856170 1.589473 -0.302706 -0.200443 0.223124 -0.553053 -0.134905 0.228134 -0.060169 -0.266028 0.201164 0.031632 -0.576659 0.019274 -0.249009 -0.244197 0.186090 0.126220 -0.341802 -0.731876 -0.039516 0.516776 -0.535852 -0.280910 0.341034 -0.695641 -0.583471 -0.798650 0.265525 -0.759675 -0.967967 0.641861 -0.097540 0.184402 0.565985 -0.334276 -0.046750 -0.129602 0.023095 0.136562 0.047435 -0.688027 -0.535582 -0.018658 -0.466893 0.577514 0.219541 0.489290 -0.228647 0.103911 0.828205 -0.214554
dry -0.153591 -0.261967 0.159355 0.001024 0.106848 0.397058 -0.391277 0.586722 0.030177 0.252099 0.356447 0.436424 0.538774 0.939436 -0.164991 0.267150 -0.139412 -0.610511 -0.019120 0.313828 -0.003273 -0.463363 -0.404290 -0.441753 -0.100652 -0.236170 -0.352168 0.024075 -0.165896 0.851939 -0.302516 -0.326181 -0.118594 0.630413 0.108034 -0.799645 0.413336 -0.455035 0.025750 0.207411 -0.136083 -0.261836 -0.819649 -0.067122 0.284373 0.302742 0.307807 -0.814757 0.335828 0.586927 0.241996 0.300792 0.441354 0.352905 -0.585490 -0.431099 -0.419648 0.453384 -0.017710 0.095248 -0.065725 0.157339 0.023179 -0.062595
vast -0.432934 0.068807 0.206498 0.761640 -0.425177 0.844427 0.145474 0.280927 -0.326346 0.207187 -0.031471 0.485475 -0.167703 0.664579 0.573396 -0.107294 -0.049295 -0.058368 -0.055980 1.294241 0.281462 -0.415532 0.588929 0.291706 0.077058 0.524501 -0.153667 -0.015850 0.583635 -0.429058 -0.568886 -0.057673 0.361432 0.773848 -0.179054 0.628108 0.114161 -0.387499 -0.270799 0.244179 -0.179137 -0.217343 -0.282178 0.507377 -0.134518 0.249332 0.340588 -0.331666 0.683307 0.440992 -0.105132 0.345875 0.325252 -0.231845 -1.128490 -0.179706 0.060807 0.260848 0.056256 0.818204 -0.122964 -0.048281 0.035764 0.338170
communities 0.347276 0.263262 0.208742 -0.176297 -0.445114 0.749377 -0.535221 0.344255 -0.303831 0.276732 0.259996 -0.172284 -0.334697 -0.186335 -0.431884 -0.118493 -0.476618 0.253801 -0.316700 0.463719 0.727452 0.869314 0.186926 0.204682 0.570986 -0.681071 0.009106 0.465087 -0.420332 0.035586 0.100934 0.513058 -0.635976 0.579120 -0.009013 -0.011083 0.641923 -0.131943 -0.478759 -0.156960 -0.142846 0.304778 -0.036175 0.143651 -0.720177 -0.085658 0.313221 0.161700 -0.665873 0.342565 -0.490813 -0.393925 0.422219 -0.022545 -0.031450 -0.400287 -0.006481 -0.230966 0.973102 0.239609 -0.150860 -0.042571 -0.422008 -0.018856
work -0.136663 0.376625 -0.518826 0.161824 -0.083925 0.241045 -0.346100 0.073163 0.463532 0.310877 0.060024 -0.164293 -0.225329 -0.468432 -0.144253 0.299586 -0.061585 0.440703 -0.359703 -0.032352 0.071281 0.737886 0.196130 0.087474 0.333824 -0.478536 0.385450 -0.198204 -0.089888 -0.342204 0.066524 0.100669 -0.761103 0.683796 0.242523 0.214233 0.587821 0.161249 -0.495557 -0.310608 0.131382 0.043451 -0.237554 1.068767 -0.126275 0.577256 1.064772 0.433537 0.340204 -0.132434 -0.179374 0.296568 0.474633 -0.025864 0.215740 -0.643014 0.235900 0.274821 1.033636 0.074406 -0.161087 -0.035373 0.271074 -0.249456
together 0.080775 0.116036 -0.094388 0.028911 -0.268918 0.428478 -0.402369 -0.501471 0.307774 -0.259381 0.982698 0.074651 -0.155070 -0.077390 -0.446178 -0.444136 0.120772 0.564023 -0.548373 0.027937 0.712497 0.376165 -0.690298 -0.564227 0.138983 -0.267689 0.609577 -0.059377 0.455433 0.029638 0.285397 0.335617 0.104745 0.300095 0.084796 0.480673 0.976121 -0.105716 -0.302353 -0.200022 0.248771 0.444547 0.534361 0.279327 -0.104574 0.249961 0.291892 -0.089134 -0.407428 -0.212654 -0.412316 -0.109568 -0.005495 0.003522 -0.499007 -0.166755 -0.289152 0.193195 0.841229 0.039976 -0.712118 0.258659 0.849707 0.317294
solve -0.135951 0.656469 0.043907 -0.666905 -0.141070 0.176357 -0.119370 -0.484131 -0.577163 0.360090 0.241950 0.530039 0.244495 0.175030 -0.497460 0.135031 0.112682 -0.011823 0.039838 -0.043490 -0.142430 0.935137 -0.410399 -0.318529 0.326912 -0.316911 -0.046613 0.301309 0.210968 0.128109 -0.063821 0.285121 -0.573834 -0.083014 -0.454659 0.410013 0.576600 0.385420 -0.409214 -0.002271 0.160965 0.150956 0.178073 0.290943 -0.783297 0.239117 0.166565 -0.173048 -0.461575 -0.535245 0.170671 0.109022 0.487581 -0.071219 -0.112929 0.143148 0.516244 0.031288 1.037427 -0.258095 -0.023024 -0.185911 0.207044 -0.221721
local -0.263570 0.757995 -0.012516 0.214382 0.020712 1.131169 -0.343065 -0.356995 -0.375667 0.453536 0.168182 0.751088 -0.373538 0.272024 -0.498256 0.151149 -0.814292 -0.375747 -0.202244 -0.141029 0.152843 1.392187 -0.220409 -0.247169 0.366135 0.201108 0.158777 0.485613 0.249802 -0.354151 0.067366 0.965564 -0.535471 -0.067527 -0.744190 -0.094893 0.443846 0.184563 -0.397088 0.119592 -0.187127 0.340295 -0.115244 0.768675 -0.507486 0.120583 0.245786 0.292834 0.037248 -0.429091 -0.202004 0.065129 0.326568 -0.239987 0.023284 -0.598335 0.528823 0.182454 0.770460 0.202247 -0.381716 0.135633 -0.258354 0.423176
problems -0.311807 0.429720 0.085611 -0.485220 -0.117071 0.118108 0.276968 0.069006 -0.737112 0.261767 -0.305202 0.334331 0.187092 0.137236 -0.628028 0.194532 -0.076227 -0.157592 0.201232 0.034105 0.159622 0.502535 -0.398568 0.137626 0.421998 0.378720 -0.110716 0.554409 0.058334 0.112946 0.103638 0.070865 -0.637920 -0.257739 -0.251079 0.722195 0.416360 0.022885 -0.228921 0.258423 -0.016198 0.305201 0.252349 0.306374 -0.421192 0.285963 0.111772 0.255878 -0.134263 -0.356983 0.046149 0.358668 0.537308 -0.049547 -0.193409 0.147303 0.385634 0.091151 0.876386 -0.136093 -0.002967 0.032657 -0.080813 -0.033877
robots 0.186937 0.253665 0.164663 -0.458868 -0.486846 0.299000 -0.957528 0.451819 0.067624 -0.130911 0.638961 -0.403731 0.135557 -0.249631 -0.087741 -0.085024 -0.364219 -0.110780 0.501335 -0.308942 0.400590 0.406013 -0.298351 -0.205343 0.109068 -0.436625 -0.635798 0.762218 -0.270384 -0.068476 0.014792 0.646325 -0.078230 0.705194 -0.093875 -0.043017 -0.055409 -0.106214 -0.344586 -0.130790 -0.024589 0.008427 -0.302698 -0.436980 0.174886 0.047363 -0.494913 -0.178171 -0.239896 0.701957 0.134574 -0.268425 -0.294626 0.077615 0.374513 -0.950946 -0.421160 0.827883 -0.532802 0.040426 0.523853 -0.121304 -0.152501 -0.442942
are -0.213103 -0.213254 0.322788 -0.125833 0.287731 -0.591788 0.157514 -0.291178 -0.349573 -0.255264 0.193455 -0.196509 -0.200891 0.082737 -0.271211 -0.154077 -0.218284 0.266728 0.148569 0.257895 -0.393462 -0.209128 -0.204380 -0.180973 0.215484 0.045152 0.100392 0.164418 -0.230007 0.207535 -0.135761 -0.368770 0.113591 0.199233 0.122665 0.430572 0.050482 -0.551226 0.021219 0.290060 -0.205246 -0.217095 -0.310860 0.099582 -0.024247 0.182859 -0.364717 0.402618 0.558023 0.054751 0.241921 0.429777 0.109084 -0.471229 -0.035462 -0.237325 -0.486649 0.865145 0.066883 0.092256 -0.498485 -0.233738 -0.239429 -0.612851
used -0.378439 0.065194 0.062076 -0.137204 -0.235156 -0.878787 -0.131817 0.659195 0.085125 0.095447 0.682238 0.131228 0.195238 -0.260953 -0.260444 -0.478612 0.322084 0.603015 -0.283513 -0.241194 0.730317 0.312601 0.310087 -0.850254 0.217714 -0.832420 -0.125423 0.526228 -0.189232 -0.124554 0.196979 0.805137 0.049941 0.582872 -0.094173 0.299374 0.144922 -0.763245 -0.769457 -0.236492 0.282276 -0.362761 -0.092571 0.023243 0.916734 0.090864 -0.494686 0.123289 -0.353722 0.390661 0.581172 0.024699 -0.524116 -0.229887 -0.342127 -0.121162 -0.344305 0.838207 0.211237 -0.598164 0.057952 0.006465 0.087354 0.250163
factories -0.883699 0.446111 -0.249656 -0.101058 0.005729 0.592980 -0.381243 0.834337 0.238759 0.273892 -0.010330 0.622995 -0.131881 -0.053819 -0.223836 -0.840880 -0.021315 0.387259 0.570138 0.060140 0.137225 0.017828 0.191271 -0.231576 0.154939 -0.393299 0.109031 -0.315604 -0.632522 -0.749876 0.217617 0.258173 0.025338 0.379866 -0.462267 0.209445 -0.129300 0.030471 -0.365087 -0.306530 0.128916 0.217377 -0.360431 0.262854 0.784274 0.019985 -0.506005 -0.090126 -0.179430 0.203329 -0.024764 0.073472 -0.279963 -0.441724 0.428672 -0.381252 -0.421780 0.379400 -0.694356 -0.184911 -0.061662 0.037919 -0.160444 0.009507
build -0.362393 0.220189 -0.480725 0.040042 -0.209929 0.255034 -0.430004 0.189799 0.212808 0.154866 -0.098692 0.093056 -0.399553 -0.727434 -0.373693 0.001791 0.012354 -0.281798 0.286318 0.080555 -0.188501 0.299678 -0.143520 -0.138415 0.431563 0.091354 0.140960 0.263064 -0.001270 0.628168 -0.201944 0.835236 0.048649 0.783665 0.042460 -0.164125 -0.213561 -0.069375 0.148076 -0.349263 0.002934 -0.255978 -0.194447 -0.013147 0.716333 0.589302 -0.754512 0.038436 -0.422908 0.685108 -0.325620 0.483846 -0.317455 0.050885 0.161987 -0.387591 -0.319559 0.455374 -0.660387 -0.072583 -0.086586 0.133976 -0.069465 -0.612404
cars -0.333503 0.207119 -0.313733 -0.124704 -0.223156 0.287189 -0.911156 0.438770 0.181688 0.439802 -0.111606 0.108528 -0.994855 -0.004693 0.320079 -0.231223 -0.110189 0.317005 0.261955 0.129785 -0.736706 0.517055 0.203106 -0.278854 0.765629 -0.187600 -0.126623 0.284960 -0.189049 -0.179550 -0.117385 0.757979 -0.105261 0.371651 -0.334556 0.815199 -0.225461 -0.346109 -0.249774 0.174493 0.004299 -0.251794 0.247311 -0.190838 0.602352 0.108382 -0.334868 -0.321872 -0.137550 0.542065 -0.075908 0.603066 -0.558202 -0.270910 0.390339 -0.086627 -0.882609 0.731018 -0.861694 0.125199 -0.144721 -0.074615 -0.511970 0.270491
farmers 0.577475 0.417316 0.056490 -0.045962 -0.244734 0.424727 -0.350335 -0.036420 0.111419 0.269620 0.566933 -0.228597 0.057391 -0.778050 -0.381226 0.021609 -0.233885 0.447775 -0.520611 -0.412739 -0.262211 -0.238439 0.370840 -0.306229 0.123185 -0.584548 0.082355 0.815374 -1.168530 -0.018179 -0.279112 0.112060 -0.243336 -0.708760 0.884167 -0.112113 -0.072978 -0.264986 0.350238 0.100333 0.635560 -0.122045 0.420187 -0.291385 0.272547 0.234108 -0.112707 0.110716 0.081468 0.625399 0.111844 -0.209124 -0.133412 -0.204171 0.077623 -0.216804 -0.344965 -0.156809 -0.139532 0.411921 0.377584 0.610113 -0.602864 0.460338
grow 0.353065 0.230944 -0.019289 -0.325333 -0.057420 0.153081 -0.595687 0.186649 0.359757 0.040519 0.524979 -0.116216 0.377591 -0.501668 -0.038374 0.508875 -0.198961 1.060657 -0.619388 -0.355478 -0.457502 -0.276597 -0.059455 -0.649416 0.079625 -0.270592 0.310015 0.633906 -0.668089 0.081510 -0.071892 0.900427 -0.214992 -0.144568 1.285864 0.634246 -0.084313 -0.204395 0.077101 0.356460 0.533357 0.096124 0.773614 -0.345254 0.498265 1.124329 0.094715 0.096647 -0.393848 1.094084 0.155179 -0.340200 -0.079402 -0.559926 0.430376 -0.098794 0.160670 -0.475467 -0.498543 -0.024734 0.299839 0.445403 -0.081084 0.036072
food -0.280217 -0.286375 -0.653403 0.020390 0.310600 0.037816 0.009404 0.203711 0.112224 0.067670 0.202379 0.146417 1.038758 -0.232324 -0.553308 0.294907 0.099358 0.891022 -0.070954 -0.036951 -0.323887 -0.056184 0.031996 -0.421798 0.289916 -0.586962 0.501517 0.142358 0.009563 -0.366054 0.271286 -0.333934 0.515527 -0.217629 -0.242218 0.143265 -0.107470 0.187192 0.329956 0.208309 0.478700 -0.505626 0.475242 0.115306 0.301646 0.747156 -0.177220 -0.539305 -0.543689 -0.199662 0.417638 0.203352 -0.229196 -0.646215 0.576122 -0.046357 -0.117944 -0.124076 -0.522025 -0.234087 0.101762 0.731819 0.284035 0.314481
people -0.406390 -0.383669 -0.844189 -0.015852 -0.125180 -0.562570 -0.372274 0.651042 0.051137 -0.377060 0.406478 -0.235295 0.063967 0.335311 -0.111777 -0.697027 0.137969 0.166814 -0.243767 0.305121 0.300126 0.062070 -0.426830 0.252330 0.040383 -0.301899 0.449610 0.287819 -0.562359 0.007385 0.064115 -0.235372 -0.282499 -0.154690 0.507210 0.259894 0.032728 0.510500 0.050570 -0.144388 0.357012 0.554072 0.286450 -0.425604 0.183478 0.164854 0.346984 -0.117808 -0.264297 0.316319 -0.128299 0.655168 -0.145906 -0.028972 0.210177 0.081241 0.304526 -0.088318 0.140520 -0.049542 -0.057839 -0.518658 0.095586 -0.089328
cities 0.017057 0.053545 -0.509677 0.245964 0.294253 0.322186 -0.390086 0.220456 -0.128320 -0.302028 -0.194978 0.165188 -0.235620 0.309768 0.231449 0.013698 -0.157185 0.284043 -0.259988 0.138214 -0.198837 -0.270340 0.141667 -0.958487 0.156233 0.290705 -0.081393 -0.068726 -1.230475 -1.008460 -0.251755 0.100004 -0.294005 -0.278640 0.136879 -0.293679 0.036622 0.201437 0.268203 0.452703 0.506074 -0.043192 0.712499 -0.065845 -0.122814 0.701764 0.183252 0.678118 0.416315 0.300800 -0.046595 0.375331 -0.306744 -0.375217 0.272622 0.126922 -0.252354 -0.113050 -0.741121 0.201806 -0.072222 0.000559 0.277172 0.410667
musicians 0.802412 -0.582629 -0.020255 0.232205 -0.533585 0.510678 -0.071045 0.693676 -0.028073 -0.014710 -0.129046 -0.310083 -0.196173 0.371755 0.220094 -0.177043 0.021641 0.187222 0.411410 -0.320935 -0.028678 -0.154759 0.580096 0.445878 0.072449 -0.145625 -0.137942 0.084128 -0.377965 -0.242602 -0.516481 -0.662853 0.058659 0.029812 -0.035848 -0.480848 0.133321 -0.276777 -0.228923 -0.044411 -0.288794 0.179669 -0.330103 0.143929 -0.255696 0.156978 0.121975 0.326606 -0.524878 1.022656 -0.650884 -0.605481 -0.154811 -0.019466 0.246024 -0.327255 -0.795671 -0.416553 0.552903 -0.056219 -0.235898 -0.272267 -0.436359 -0.284516
play 0.264491 -0.770592 -0.153966 0.399281 -0.137378 0.075273 -0.130337 0.394215 0.284419 -0.225267 -0.508873 -0.422272 -0.269336 0.551474 -0.317771 -0.357706 0.060768 0.301764 -0.011192 -0.851519 -0.868913 0.185554 -0.088284 -0.305142 -0.239319 0.477267 -0.072064 -0.207026 0.198607 -0.256468 -0.140307 -0.043505 0.112894 0.580133 0.302981 -0.166275 0.092164 -0.383293 -0.223100 -0.273209 0.019191 0.127041 -0.160119 0.367421 0.139306 0.734154 0.220614 -0.042120 -0.373703 0.673812 -0.701993 -1.034025 0.216885 -0.232155 -0.129998 -0.567596 -0.318830 -0.697884 0.063235 -0.501205 -0.369842 -0.278864 -0.191043 -0.549899
instruments -0.097157 -1.031369 -0.464358 0.323859 -0.265235 0.109910 0.125757 0.742227 0.012955 -0.266391 -0.299186 -0.017063 -0.205715 0.921318 -0.405024 -0.347685 0.122397 0.116783 0.006074 -0.144659 -0.562335 0.031137 -0.003861 -0.022453 0.231757 -0.191800 0.211494 -0.058849 0.075358 -0.532090 -0.449958 -0.598997 0.195535 0.177270 0.081266 0.049258 -0.051789 0.080577 -0.216289 0.260280 -0.048481 0.458130 -0.437072 0.473069 0.170374 0.496622 0.341390 -0.240305 -0.433936 0.248384 -0.510134 0.013485 -0.149050 -0.319386 -0.026300 -0.028731 -0.680885 -0.501805 0.620028 -0.531776 0.018729 -0.048655 -0.040012 -0.194099
sing 0.304044 -0.362560 0.030163 0.664842 -0.085724 0.712855 -0.185798 0.546230 -0.120358 0.013717 -0.772774 0.199127 -0.177482 0.766494 0.044960 -0.014975 0.139336 -0.373630 0.028678 -0.446696 -0.446316 -0.152810 -0.225806 0.353903 0.298934 0.133941 0.136822 -0.005005 -0.161072 -0.120287 -0.285568 -0.340653 0.419327 0.138342 -0.156950 -0.328836 0.184408 -0.063358 -0.378003 -0.496594 0.065561 0.149819 -0.140324 0.861008 0.008281 0.110887 0.351234 0.655383 -0.077400 -0.138699 0.086860 -0.676888 -0.803339 -0.483442 0.049031 -0.422933 -0.352578 -0.813651 0.483986 -0.335500 0.113070 0.212324 -0.129012 -0.170847
songs -0.002858 -0.357223 -0.394474 0.743772 -0.223734 1.250178 -0.106072 0.444109 -0.143445 0.081192 -0.901817 0.111930 -0.623343 0.806710 -0.223418 -0.316331 0.310776 -0.087403 0.567302 -0.494167 -0.679190 -0.136536 0.271599 -0.134645 0.376564 0.381277 0.061630 -0.223146 -0.112251 -0.384079 -0.074267 -0.384456 -0.120006 0.041645 -0.355838 -0.061881 -0.286186 -0.387027 -0.296681 0.672332 -0.190019 0.437526 -0.145487 0.194137 -0.048959 0.112678 0.081580 0.090452 -0.311548 -0.025468 -0.671984 -0.183964 -0.252975 -0.259327 -0.366508 -0.337127 -0.108373 -0.604593 -0.124561 -0.116639 0.076132 -0.176622 0.032376 0.376585
atoms 0.675710 -0.222001 0.791026 -0.204789 0.506524 -0.056683 -0.323519 0.112249 -0.201193 0.173960 0.382256 -0.276988 0.268419 -0.099875 -0.596459 -0.401639 -0.324155 -0.586438 0.773858 -0.355113 0.528635 0.262253 0.209382 -0.173964 0.289787 -0.455940 -1.102764 -0.216159 -0.231691 0.052472 0.121729 -0.008289 -0.136235 0.740523 -0.534931 -0.193468 0.597852 -0.433112 0.128792 0.543132 -0.088158 -0.456291 -0.196685 -0.354520 -0.261500 0.622269 0.230371 -0.278341 0.217848 0.674830 -0.196380 -0.494936 -0.006156 0.080256 0.420709 -0.309843 -0.302732 0.256643 0.104433 0.038008 -0.401632 -0.267872 -0.147685 0.073972
building 0.314721 -0.584007 0.231575 -0.281681 1.264926 -0.848983 0.310162 0.069398 0.089283 0.254606 0.639890 -0.127633 0.560648 0.821522 -0.754616 -0.205258 -0.148761 -0.195339 0.887477 -0.310563 -0.154342 0.093959 -0.716109 -0.627860 -0.199720 0.045531 -0.434657 -0.331608 -0.390484 0.354428 0.271495 0.375204 -0.048763 0.894801 -0.054406 0.174206 0.320990 -0.715000 0.368487 0.067353 -0.082865 -0.534637 0.306846 -0.160276 0.508389 0.313484 -0.162580 -0.514049 0.557612 -0.026862 -0.213774 0.135619 -0.258888 0.490165 0.383109 -0.240226 -0.078295 0.045152 0.019137 -0.533595 -0.823310 0.332218 0.393272 -0.267384
blocks -0.162445 -0.673244 -0.329381 -0.144865 0.951415 -0.373617 -0.064510 -0.014730 0.069538 0.381495 0.457916 -0.045742 0.511641 0.531780 -1.133755 -0.300363 0.116800 -0.873280 0.600080 -0.076210 0.515188 -0.110137 -0.171795 -0.326202 0.035470 -0.163252 -0.172600 -0.689649 -0.064279 0.111662 0.582277 0.170796 0.246255 0.272969 -0.707726 -0.252864 -0.213681 -0.232689 -0.027664 -0.095703 0.049798 -0.592096 0.178578 0.112916 0.412547 0.752848 -0.005674 -0.167730 0.804089 -0.916678 0.416716 0.383470 -0.302238 0.177744 0.435057 -0.565853 -0.270111 0.470158 0.052379 -0.376998 -0.768738 0.008592 0.259281 0.449533
all -0.202353 0.023417 0.094579 -0.030476 1.385304 0.600852 0.238469 0.454000 -0.112200 0.722154 0.342680 -0.025140 -0.087328 0.539517 -0.787451 -0.421421 0.045139 -0.481249 0.406884 -0.483297 -0.157746 0.396032 0.196075 -0.406139 -0.128006 0.209564 -0.059276 -0.739863 -0.555196 0.199164 -0.102694 0.497181 -0.417107 0.542737 -0.681130 -0.565735 -0.421228 -0.143705 -0.037046 0.332889 0.133674 -0.580752 0.393894 -0.454128 0.187634 0.567525 -0.570372 0.067452 0.560996 -0.100282 0.527599 0.465176 -0.183003 0.325607 0.125889 -0.397209 0.224063 -0.222782 -0.617907 0.277192 -0.760164 0.206032 0.055020 0.906888
matter -0.385121 0.005587 0.078266 0.260824 1.037952 0.450652 0.330297 -0.076358 -0.415620 0.716490 0.506442 -0.510137 -0.212459 0.810256 -0.196942 -0.183448 -0.204291 -0.314315 0.167102 0.021847 0.142805 0.283191 0.541825 -0.593504 -0.234543 0.011001 0.033774 -0.501630 -0.196749 -0.001406 -0.005607 0.176929 -0.287206 0.512096 -0.363003 0.263248 0.045326 -0.486715 -0.251478 0.958058 -0.143491 -0.465291 0.236537 -0.290648 0.100660 0.410217 -0.404302 -0.003774 0.551274 -0.466373 0.409850 0.328291 0.340326 0.083374 0.185375 -0.196093 -0.097741 0.260056 -0.762228 0.069320 -0.680883 0.131709 -0.069850 0.397597
coffee 0.060898 -0.550461 0.410323 -0.415094 0.137675 0.493845 0.363913 0.371582 -0.424738 0.297550 0.021959 0.065020 0.105699 0.606427 -0.409263 -0.112705 -0.307868 0.543301 0.451415 -0.055386 0.125041 -0.614386 0.106314 -0.244562 0.415276 -0.405336 -0.349298 0.308572 -0.500730 -0.225454 0.149722 0.516869 -0.196955 -0.107164 -0.305690 -0.458883 -0.211729 0.086307 -0.086648 0.201976 0.122071 -0.035857 -0.243635 -0.730971 -0.470885 0.345495 0.117458 0.095381 0.259162 0.204563 0.028401 -0.866192 0.114805 0.528733 -0.291355 -0.434152 0.023748 -0.665612 -0.127737 -0.399009 -0.095180 -0.357782 -0.608135 -0.899352
tea -0.254990 -0.559112 -0.610819 0.177151 0.096318 -0.166166 0.695278 0.128757 0.023084 -0.251705 0.019340 0.339493 0.089811 0.365000 -0.681154 -0.007915 0.073299 0.623295 0.201012 -0.000195 -0.100987 -0.527214 -0.835289 -0.747533 0.146093 -0.534495 -0.041854 0.272071 0.287905 -0.261837 0.196304 0.514259 -0.312848 0.103614 0.170111 -0.223600 0.242320 0.290358 0.322015 0.113313 0.525724 0.361255 0.018293 0.256123 -0.085981 0.588057 -0.014970 0.206398 0.017994 -0.355770 0.251894 -0.376286 0.065373 0.461885 -0.488601 -0.462245 -0.037935 -0.483909 0.000997 -0.433952 -0.383642 -0.286748 -0.029148 -1.183492
popular -0.587410 0.037817 -0.319344 0.056451 -0.039910 -0.073841 0.029259 -0.433944 -0.190495 -0.152696 0.110459 0.467483 0.326439 0.669319 -0.031113 -0.147258 -0.275751 0.035915 0.531602 0.111210 0.486193 -1.107924 -0.318700 0.794875 -0.004012 0.684070 -0.083086 0.085755 0.083377 -0.337979 0.293952 0.035038 -0.579912 -0.116806 -0.355627 -1.114462 -0.191768 -0.265616 0.009340 0.052411 0.318510 0.096570 0.478661 0.186512 0.297426 0.269280 -0.204344 0.418746 0.143658 -0.185873 0.144887 -0.122001 -0.079437 -0.353042 -0.808103 -0.567754 0.455228 -0.529978 -0.014987 -1.173770 -0.215956 0.051152 -0.400009 -0.371191
morning -0.443000 -0.414343 -0.808137 0.917100 0.058113 0.530939 -0.122758 0.226725 -0.076509 0.092451 0.016190 0.790758 -0.043929 0.398616 -0.348994 0.333360 -0.304956 0.347784 0.352232 -0.143846 0.288042 -0.821317 -0.412942 -0.269400 0.191241 -0.482410 0.086877 0.270947 -0.031928 -0.555335 -0.086029 0.309607 -0.447647 0.213583 -0.822419 -0.498987 -0.435166 0.520879 0.366609 0.822586 0.670945 0.186799 -0.392825 0.684766 -0.273545 0.305076 -0.110957 0.551431 0.442949 -0.774139 0.153149 -0.142834 -0.590012 0.174256 -0.477016 -0.777936 0.341419 -0.482331 0.103056 0.046737 -0.437183 0.080409 -0.571563 -0.740459
drinks -0.098934 -0.380855 -0.442938 0.158589 0.003083 0.418051 0.136205 0.462070 -0.016056 0.073547 0.048328 0.641526 -0.168865 0.633890 -0.539113 -0.101296 -0.118050 0.560271 0.216237 0.362888 -0.132698 -0.636993 -0.518012 -0.419659 0.309931 0.096881 -0.234850 0.110254 -0.307340 -0.491946 -0.163017 -0.187352 -0.569186 0.083383 -0.240116 -0.596216 -0.368313 0.172295 -0.001713 1.277650 0.433625 0.072514 -0.197385 0.244857 -0.207601 0.144000 0.117972 0.147400 0.357909 -0.247522 -0.309881 -0.277432 0.369240 0.591915 -0.710024 -0.804385 -0.104821 -0.840615 -0.122116 -0.678383 -0.264852 -0.266247 -0.903666 0.025876
cameras 0.440787 0.258628 0.176509 0.022155 -0.206382 0.239815 -0.456323 0.807479 -0.195013 -0.012859 0.307347 -0.632028 0.149914 -0.170667 -0.236371 0.087108 -1.029821 0.455380 0.535000 0.017492 0.062349 -0.252932 -0.361692 0.709187 0.579075 -0.000594 0.206722 0.140954 0.088982 -0.142186 0.667085 -0.002075 -0.367995 -0.212073 0.911687 -0.408760 -0.131638 0.008115 0.597188 0.131870 0.162479 -0.451107 0.042847 -0.057446 -0.358152 -0.505630 -0.100606 0.109144 0.427136 0.458556 -0.503470 -0.679460 -0.254021 0.339478 -0.277990 -0.360771 -0.456102 0.129647 0.089842 0.003255 0.019523 0.183115 0.045067 -0.396038
capture 0.487449 0.205006 -0.023963 0.302534 0.170125 -0.200909 -0.270614 0.559014 0.264971 -0.181466 0.102862 -0.201541 0.153354 -0.067572 -0.375717 -0.050084 -0.571679 0.639800 0.373844 -0.281084 -0.199716 -0.220136 -0.929356 0.024540 0.287271 0.265831 0.344885 -0.050626 0.013362 -0.134862 0.270072 0.293411 -0.177804 0.321195 1.131036 -0.076495 -0.194330 -0.499534 0.359490 -0.271048 0.163604 0.023323 -0.028312 0.132222 -0.226983 -0.128259 -0.104546 0.222900 0.069483 -0.009394 -0.538772 -0.853237 -0.101560 0.198388 -0.240448 -1.021130 -0.198915 0.199897 -0.051879 -0.567411 0.144149 0.284862 0.268044 -0.333932
photographs -0.156159 -0.402071 0.145581 -0.016562 -0.196409 -0.400230 -0.026421 0.675622 -0.218471 0.114607 0.145324 -0.326056 0.355669 0.089142 -0.765292 0.016152 -0.767283 0.534696 0.100663 -0.166341 0.034821 0.054558 -0.626543 0.136218 0.324249 -0.142179 0.636250 0.009701 -0.046263 -0.493195 0.331965 -0.144450 -0.118659 -0.168252 1.018656 -0.164474 -0.282761 -0.035986 0.166432 0.129284 -0.079526 -0.172796 0.148806 0.416740 -0.408059 -0.195868 0.099607 -0.428577 0.574960 -0.166930 -0.357967 0.129701 0.130385 0.259538 -0.343364 -0.263924 -0.490400 0.498609 0.412940 -0.653697 0.481954 -0.112520 -0.023099 -0.203068
video 0.265443 0.202424 -0.149960 0.738003 -0.045682 0.663728 -0.352634 0.877998 -0.022285 0.063884 -0.225877 -0.254819 0.149705 0.115303 -0.601058 -0.136080 -0.838292 0.203853 0.083899 0.039305 -0.441173 -0.325086 -0.205246 0.641905 0.361120 0.323486 0.557278 -0.390068 -0.567561 0.003359 0.266599 0.324493 -0.110195 -0.390421 0.059157 -0.521571 -0.365058 0.069501 0.408564 -0.360952 -0.140026 -0.207280 0.380832 0.105341 -0.277115 -0.382869 0.208020 -0.063799 0.645496 -0.569470 -0.450241 -0.454597 -0.303950 -0.198166 -0.295935 -0.645435 -0.032765 0.194353 0.599675 -0.243726 0.648037 0.075501 0.360560 0.008310
recordings -0.128793 0.352831 -0.414073 0.571546 0.082539 0.812923 -0.389351 1.021695 0.219890 -0.246704 -0.292695 0.022075 -0.269007 0.143707 -0.360290 0.121546 -1.055059 0.365648 0.156745 -0.493131 -0.520103 0.119484 -0.117886 -0.102909 0.093774 0.819903 0.372218 -0.735389 0.305154 -0.633520 0.326539 0.099154 -0.375631 -0.199494 0.777215 -0.484433 -0.371841 -0.074557 0.287664 0.531216 -0.464891 0.239492 0.310702 -0.040431 -0.197968 -0.191326 0.172955 -0.473877 0.168715 -0.594983 -0.483874 -0.267894 0.301010 0.181354 -0.590190 -0.448082 -0.451133 0.005280 -0.113921 -0.308265 0.645608 0.009331 0.280704 0.390612
chef -0.237266 0.471640 0.311573 -0.286516 -0.726032 0.134531 0.175696 -0.038910 -0.636648 -0.461000 -0.247649 -0.334962 -0.046588 0.164889 0.223967 -0.189030 0.141077 0.098410 -0.601012 0.154467 0.105230 -0.254473 0.212185 -0.177752 0.317201 -0.391541 -0.395617 0.954814 0.192619 0.108390 -0.216121 0.187360 0.227522 0.188444 0.913002 -0.449672 -0.015655 -0.593251 0.128073 -0.514107 0.159290 -0.023049 0.848932 -0.397363 -0.721194 0.131875 0.138361 -0.601209 -0.333422 0.571383 0.555292 -0.664863 -0.302689 -0.030414 0.087727 -0.458672 -0.400718 -0.465570 -0.445468 0.105876 -0.235354 0.177629 0.644250 0.604789
cooked -0.612117 0.019919 -0.012476 -0.003071 -0.974344 -0.004130 0.152614 0.010735 -0.748984 -0.906334 -0.347571 -0.513347 0.048624 -0.021822 -0.207960 -0.246484 -0.360970 -0.019422 -1.152721 -0.381736 0.190759 0.134665 0.083717 -0.102466 0.299413 -0.866886 -0.007308 0.600691 0.269563 -0.590236 -0.387885 0.024125 0.440799 -0.090605 1.438400 -0.073868 0.050398 -0.568279 0.195119 -0.321376 0.107136 -0.392074 0.998368 -0.499702 -0.429230 0.682283 0.352233 -0.607666 -0.559102 0.485336 0.986112 -0.378009 -0.034886 0.226968 -0.108141 0.092613 -0.865004 0.360890 -0.405787 0.153878 -0.575060 0.303280 0.394538 1.116980
a 0.378926 0.025270 -0.168227 -0.014503 -0.202819 0.032091 0.394693 0.019347 0.035420 -0.353878 -0.391092 0.086394 0.540710 0.385260 0.590322 0.035427 -0.069641 0.243743 -0.071413 0.375341 -0.426407 -0.086118 -0.065602 0.377823 -0.331188 -0.484441 -0.220385 -0.200208 0.134945 -0.643854 0.596186 0.297881 0.180999 0.186693 0.141581 -0.077346 0.002760 0.135389 -0.272822 0.066331 -0.266099 -0.420508 -0.098119 0.172548 -0.169480 0.131430 0.166686 0.013164 -0.175688 0.140908 0.678771 0.259048 0.127589 -0.134868 -0.052886 0.099240 -0.166523 0.223964 -0.076318 -0.153863 0.286012 -0.106904 0.833025 -0.369985
delicious -0.350685 0.436178 0.214454 0.543284 -0.910778 0.497552 -0.069234 0.091374 0.055805 -0.333269 -0.515726 0.263974 -0.027089 0.517563 -0.364595 -0.190077 0.335126 -0.151253 -1.018288 -0.068169 -0.140162 -0.222390 -0.028506 0.041760 0.184310 -0.180852 -0.083642 0.068128 -0.769925 0.200863 -0.079659 0.223681 -0.196119 0.257940 0.351539 0.020287 -0.217473 0.028216 -0.343349 -0.470000 -0.048729 -0.411265 0.668126 -0.563623 -0.518030 0.551452 0.098102 -0.345796 0.311346 -0.008371 0.698936 0.690194 -0.045268 0.238951 -0.187244 0.206350 0.167511 -0.115510 -0.229362 0.164271 -0.474760 0.726559 0.346245 0.490190
meal -0.846532 0.151311 -0.437881 0.210667 -0.562202 0.159372 0.267644 0.318805 -0.166640 -0.661201 -0.288947 0.259767 -0.065739 0.430262 0.095771 -0.092510 -0.134051 -0.733965 -0.890283 -0.235838 0.287800 -0.001292 -0.141634 0.135463 0.274089 -0.225796 0.180624 0.676073 -0.349738 -0.030526 0.083155 -0.464350 -0.187378 0.145337 0.215369 -0.029298 0.322393 -0.130481 -0.640355 -0.138754 0.081753 -0.554042 1.002309 -0.607277 -1.182540 0.459007 0.414353 -0.845210 -0.011752 -0.438342 1.325531 0.652365 0.178679 -0.629855 -0.783689 -0.257181 -0.571491 -0.279168 -0.374189 -0.216388 -0.460738 0.070297 1.143983 1.193558
guests -0.464283 -0.121905 -0.211994 0.183600 -0.345017 0.148864 0.288956 0.273979 -0.428897 -0.060705 -0.329266 0.109974 -0.121384 0.379993 0.191813 0.404870 -0.099893 -0.335398 -0.935515 -0.087656 0.412530 0.086873 0.184429 -0.094581 0.097825 0.130140 0.132987 0.493926 -0.118694 -0.663617 0.055710 -0.058680 -0.502709 0.317427 0.489091 0.341376 0.141550 -0.408160 -0.685765 0.803058 0.209088 0.317961 0.806679 -0.846369 -1.475852 0.287445 0.228126 -0.002196 0.277958 0.110518 0.763625 0.102648 0.061178 -0.483653 -0.724175 -0.133637 0.311065 0.082674 -0.538597 0.114781 0.074992 -0.282132 0.622844 0.683552
fear 0.093879 0.002959 -0.262688 0.123157 -0.419379 0.113299 0.407744 0.228267 -0.147654 0.417045 0.124780 -0.211994 -0.328458 -0.730419 -0.299147 -0.521989 -0.288062 -0.413486 -0.239940 0.476276 0.017392 0.158047 0.127656 0.146089 0.391741 -0.121577 0.035453 0.183379 -0.017405 -0.564084 0.006384 0.019014 -0.338628 -0.082491 0.172632 0.498053 0.149702 -0.162058 0.248592 0.032100 -0.413766 0.192220 -0.291022 -0.027822 -0.898330 0.359101 -0.305966 0.236234 -0.686058 -0.211905 0.220956 -0.174898 0.244592 0.089707 0.290679 0.297025 0.566788 -0.242173 -0.643667 0.125161 0.123024 0.318140 0.071537 0.281151
natural 0.112575 -0.006041 -0.790648 0.303938 -1.035216 -0.223734 0.154626 0.038485 -0.285501 -0.479107 0.057151 0.067212 0.066478 0.271406 -0.155437 -0.251036 0.004619 -0.234916 -0.075486 0.402367 0.190527 0.017724 -0.266993 0.359252 0.482569 -0.226306 0.305151 0.668601 0.148672 -0.862662 -0.111096 -0.053131 -0.335490 -0.342970 0.158883 0.110581 0.644018 -0.051813 -0.564202 -0.889024 0.050827 -0.434040 -0.038153 0.755548 -0.554774 0.201939 0.189939 -0.294336 -0.754277 -0.457080 0.545642 0.684414 -0.079348 0.140884 -0.518378 0.109245 0.153822 0.831609 -0.448320 -0.777673 0.073510 0.801996 -0.347585 -0.063739
response 0.253307 0.538543 -0.742651 0.072319 -0.767587 0.362131 -0.145774 -0.140110 -0.208689 -0.294702 -0.046658 0.294674 -0.167133 -0.079466 -0.368461 0.311353 -0.212549 -0.417154 -0.328103 0.032015 -0.264816 -0.134779 0.294625 0.750243 0.438235 -0.205448 0.634392 0.708445 -0.104612 -1.090052 -0.324991 -0.000795 -0.707428 -0.615293 -0.173674 0.009419 0.058548 0.025259 -0.187476 -1.334502 0.324708 -0.417062 0.305072 0.294135 -0.769256 0.526306 -0.156274 0.187888 -0.730363 -0.760348 0.548194 0.398449 -0.313461 -0.148104 -0.003106 -0.318247 0.606079 0.442307 -0.582191 -0.400404 0.259506 0.910051 -0.523481 0.126652
danger -0.126434 0.223174 -0.286092 0.520831 -0.524973 0.597391 0.443527 0.310688 -0.193552 0.212113 0.173680 0.299236 -0.465532 -0.025119 -0.068674 -0.013117 0.223694 -0.168691 0.281568 0.281768 -0.280866 -0.310522 0.156172 -0.052317 0.080993 0.595932 0.174237 0.156977 0.140198 -1.210508 -0.125736 -0.226288 -0.309746 0.293071 -0.038078 0.433629 0.094165 0.180234 -0.061142 0.260850 0.229798 -0.028576 -0.294445 -0.016522 -0.901795 0.336119 -0.294464 -0.026751 -0.455115 -0.283468 0.231821 0.382787 0.330660 0.241799 -0.471286 -0.083809 0.507879 0.302483 -0.859115 0.296002 0.076779 0.525681 -0.569222 0.809268
resilience 0.139120 -0.192536 0.065357 -0.157077 -0.171293 0.182545 -0.021744 0.440713 -0.176442 -0.149047 0.969096 0.193057 0.390967 -0.115588 -0.231426 0.490967 0.269613 0.756066 -0.169097 -0.508689 -0.023655 -0.376399 -0.007546 1.003047 -0.012762 -0.596178 -0.245403 0.276276 -0.747581 -0.071072 0.176856 0.166954 -0.084625 -0.425165 0.283574 0.404479 -0.276493 0.497885 -0.015146 0.222678 -0.227471 0.315579 -0.516461 -0.583845 -0.605937 0.623327 0.752872 -0.034285 -0.303741 0.708768 -0.064322 -0.207123 -0.140895 0.652782 -0.012910 -0.215911 0.293341 0.540773 -0.210125 0.734003 -0.417028 -0.155239 -0.156954 0.154601
helps -0.103151 -0.319724 -0.010445 -0.151698 0.329995 -0.198186 0.086415 -0.034379 0.121759 -0.319204 0.630425 0.464005 -0.170901 -0.121190 -0.044346 0.413666 0.358335 0.983186 -0.380703 -0.722316 -0.188132 0.118298 -0.799541 0.316580 -0.225758 -0.099829 -0.276508 0.041266 -0.229666 0.158063 -0.200201 0.700798 0.126514 -0.057881 0.488694 0.625028 -0.331525 0.560430 0.005661 -0.179255 -0.379068 0.517776 -0.093805 -0.007088 -0.187087 0.688748 0.532277 -0.242123 -0.075914 0.215362 0.005653 -0.232618 -0.175280 0.780509 0.212193 -0.148142 0.425052 0.139333 -0.370636 0.360460 -0.096056 0.434861 0.289168 0.023967
recover -0.037186 -0.362091 -0.445860 0.139294 -0.124444 -0.351027 -0.220589 -0.070370 0.033677 0.037935 0.377711 -0.079050 -0.216241 -0.124720 -0.036338 0.418362 0.406052 0.612923 0.110500 -0.106862 0.386565 -0.309288 -0.682482 0.718175 -0.459159 0.040667 0.078852 -0.132691 -0.500644 -0.006892 -0.076226 0.130671 -0.083893 -0.370990 -0.225773 0.114273 -0.612192 0.818905 0.132585 -0.490173 -0.410546 0.206642 -0.172211 0.093239 0.204673 0.771588 0.666634 -0.339414 0.447188 -0.060586 -0.211792 -0.023625 -0.548867 0.441085 0.026470 -0.182739 0.378635 0.291578 -0.054976 0.321703 -0.658764 0.050423 0.218971 0.286109
from -0.251791 0.050685 0.177923 0.589191 -0.112045 -0.103485 0.060202 -0.656854 0.192169 0.311138 0.174845 0.032139 0.074545 0.251693 -0.536259 0.949420 0.215487 0.225200 0.262782 -0.257673 0.079832 -0.193476 0.178782 0.395029 -0.014752 -0.197199 0.592443 0.068875 0.173643 0.373230 0.221908 -0.277552 -0.366703 -0.214240 -0.043449 0.856050 -0.151703 0.290924 -0.042580 -0.131779 -0.475990 0.540289 0.232739 -0.136650 -0.351648 0.222713 0.272232 -0.128561 0.107801 0.067960 0.055385 0.317963 -0.264395 -0.221137 -0.345820 0.166850 0.286247 0.273376 -0.276919 -0.462894 -0.363735 -0.765252 0.858922 -0.146384
setbacks -0.458860 -0.259916 -0.351031 0.137429 0.066433 0.362465 -0.040940 0.485243 0.118422 0.043226 0.520881 0.206633 -0.677989 0.038656 0.093330 0.049000 -0.300735 0.330220 -0.082690 -0.302099 0.269078 0.179207 -0.418700 0.486295 -0.353886 0.225006 0.183276 -0.213444 -0.531255 -0.244879 -0.085051 0.649323 0.198927 -0.178136 -0.252999 0.883440 -0.501900 1.328500 -0.139566 0.752944 -0.363084 0.474284 -0.445770 0.082723 -0.658066 0.258622 0.083298 -0.258955 0.269573 0.218912 -0.106330 0.197746 -0.337235 0.432914 0.075978 -0.049463 -0.093522 0.412856 -0.501215 0.483717 -0.241821 -0.077958 0.099547 0.356585
regret 0.554051 -0.108101 0.259578 -0.288520 -0.051015 0.513410 -0.093772 -0.205954 -0.759646 0.410069 -0.303252 -0.149683 0.227050 0.534689 -0.016830 -0.019211 0.151870 1.198007 0.648469 -0.138250 0.398499 -0.540537 0.762000 -0.256994 0.297438 -0.551198 0.173741 0.256904 0.581120 0.263293 -0.319249 -0.478385 -0.083254 -0.133034 -0.160565 -0.315285 -0.695686 -0.113739 0.334761 0.235581 0.143452 0.063224 -0.517313 -0.129045 -0.344496 -0.072352 -0.078207 0.468713 -1.301368 0.547842 -0.202872 0.351923 -0.222039 0.549210 0.085385 -0.249169 -0.503369 0.012301 0.156657 0.086960 -0.065317 -0.407272 -0.474418 0.493837
teaches 0.232924 -0.085358 -0.034088 -0.170026 0.266694 0.305754 -0.003410 -0.504246 -0.063151 0.123137 0.187357 0.008882 0.228060 0.801609 -0.014945 -0.509833 0.419389 0.933292 0.465161 -0.737374 0.166815 -0.719536 0.047112 -0.309313 -0.285829 -0.405979 -0.089071 0.326794 0.751108 0.614242 0.010521 0.353870 -0.324269 0.301221 0.166500 -0.258467 -0.553850 -0.334116 0.335450 -0.408243 -0.092685 0.271831 -0.255242 0.191351 -0.331062 0.236679 -0.115382 0.430677 -1.276497 1.143623 0.030996 0.166013 -0.373630 0.010488 0.285639 -0.173486 -0.324986 0.214365 -0.051106 0.069306 -0.177170 0.318030 -0.428329 0.123635
make 0.011161 -0.127801 -0.691200 -0.079239 0.108221 0.208719 -0.424445 0.356887 -0.642163 -0.391224 -0.466676 -0.018793 0.187402 0.278935 -0.337360 -0.151566 0.166929 0.929919 -0.386789 0.472100 -0.062276 -0.394577 -0.074802 0.185074 -0.095862 -0.425052 -0.483805 0.568377 1.207109 0.258627 -0.342593 -0.303404 -0.478969 -0.127537 -0.543659 -0.270237 0.127879 0.255594 0.237951 -1.002545 0.296385 -0.300096 0.041528 0.241837 -0.057933 0.428275 -0.103593 0.009220 -0.412142 0.337074 -0.251280 0.337333 0.209765 -0.107734 -0.217304 -0.106282 0.135253 0.005688 -0.607967 0.064685 0.247551 0.327272 0.272087 0.320690
better 0.283147 -0.163047 -0.887679 0.967673 0.066608 0.991071 -0.473815 -0.353362 -0.363921 -0.041522 -0.064412 0.253220 -0.541330 0.713385 0.351857 0.014749 0.074578 -0.312170 0.201198 0.352536 -0.272305 -0.032584 0.080549 -0.010021 -0.073305 -0.367719 -0.070604 -0.240437 0.652859 0.033866 -0.485873 -0.217535 -0.668955 -0.012794 -0.512970 -0.354291 -0.044502 0.906137 0.534025 -0.153117 0.240055 0.157486 0.152278 -0.156554 -0.338411 0.174137 -0.812787 -0.157398 -0.596499 0.423630 0.701221 0.499119 -0.323616 -0.406202 -0.010883 -0.645754 0.226133 0.077482 -0.516378 0.108798 -0.153772 0.704344 -0.011502 0.856290
choices 0.014012 0.045906 -0.659749 0.244419 -0.260901 0.691200 -0.059519 -0.179119 -0.468161 0.158911 0.392137 0.091005 -0.525675 0.313463 0.482470 -0.216809 0.108358 0.356077 0.399019 0.387075 0.025612 0.716652 0.245706 -0.391386 0.049859 -0.361581 0.054032 -0.324802 0.757807 -0.141122 0.038915 -0.333711 -0.516211 -0.043359 -0.501552 0.054517 -0.459939 0.011213 0.238950 0.501015 -0.183250 0.352093 0.180086 -0.176328 0.023732 0.340205 -0.472801 -0.180653 -0.663347 0.468080 -0.145714 0.295475 0.177052 0.500507 -0.116548 -0.126975 0.170440 0.313635 -0.359580 0.095578 0.088394 0.015766 -0.144946 0.738581
nile 0.276623 -0.369750 -0.092419 0.262677 0.305657 -0.132951 -0.142873 -0.071301 0.618224 -0.900521 -0.445011 0.292048 0.441071 -0.306348 -0.571529 -0.100543 -0.095240 0.225551 0.178259 -0.678073 0.248110 -0.083657 0.476788 -0.348377 0.182727 -0.396274 -0.322552 0.240251 0.285453 0.362449 0.258875 -0.180854 0.195634 1.043392 -0.319582 0.304049 0.328148 -0.156227 -0.105164 0.264017 0.016120 -1.159034 0.106717 0.417598 -0.125504 -0.109489 0.307546 0.456729 -0.935983 0.004404 -0.048488 -0.072407 0.740885 0.100860 0.271746 -0.362232 0.240487 -0.356640 -0.607679 -0.381844 -0.305445 -0.167210 -0.463065 0.400868
river 0.132177 -0.272904 0.283309 0.174654 0.067770 -0.142294 -0.084038 0.162403 0.348067 -0.512270 -0.397139 0.445224 -0.090105 -0.034388 0.135119 -0.350956 -0.262395 0.420123 -0.331065 0.022487 0.107443 0.343611 0.086348 -0.310316 0.101709 -0.766722 0.023747 -0.277729 0.072361 0.298469 -0.192766 -0.515814 0.279306 0.148627 -0.456652 0.300846 -0.028416 0.335360 0.017974 0.550152 -0.132965 -0.879684 0.614027 -0.399149 -0.309580 -0.194781 0.056559 0.301775 -0.433003 -0.533772 -0.056597 0.299418 0.167687 -0.042271 0.272191 -0.065786 -0.028986 -0.547903 -0.667324 0.080122 -0.084172 0.320078 -0.272102 0.613486
flows 0.333728 -0.448543 -0.005284 0.260929 -0.329826 -0.646523 0.010383 -0.327618 0.366640 -0.852054 -0.480259 0.149034 0.288000 -0.090317 -0.723210 0.180123 -0.259155 0.315401 -0.087973 -0.412879 0.597461 0.532740 0.780407 -0.224742 -0.285365 -1.340369 -0.368350 -0.117308 1.142817 0.674276 -0.084420 -0.957280 0.342150 0.536202 -0.440741 0.368859 0.325960 -0.226175 -0.069359 0.266667 -0.212804 -1.496088 0.094881 0.867323 -0.154539 0.090913 1.271206 0.250278 -0.896136 0.374266 -0.256743 0.135971 0.122812 -0.268474 0.336520 -0.238793 -0.045927 -0.071505 -0.378443 -0.650196 -0.298442 -0.265026 -0.055617 0.346428
through -0.488067 0.283653 -0.538058 0.263841 0.080249 0.046110 -0.148113 -0.252510 -0.110683 -0.829812 -0.212036 0.571710 0.145162 -0.454617 0.101705 -0.109548 0.625807 -0.271142 -0.278205 -0.051286 0.659551 -0.129570 0.157943 0.271790 0.236923 -0.927216 -0.086916 0.015946 0.528447 0.474751 0.078445 -0.087689 0.245792 -0.152523 -0.183667 -0.118000 -0.007495 0.798117 0.250862 0.021344 0.264914 -0.378307 0.096512 0.876203 -0.024640 0.202152 0.354754 0.238271 -0.134295 -0.518496 -0.074550 0.158752 -0.158909 -1.351226 -0.091824 -0.776258 -0.071155 0.155997 -0.783508 -0.186217 0.143234 0.190431 -0.350444 0.202547
egypt -0.654299 -0.336668 -0.568862 0.725763 -0.315629 -0.143705 -0.176756 -0.295520 0.537552 -0.434940 -0.534968 0.918821 0.020145 -0.481494 -0.295272 -0.077918 0.042508 -0.366817 0.092303 0.022232 -0.133193 0.852606 0.500672 -0.536575 -0.286567 -0.919638 -0.092918 0.001387 0.859331 -0.181332 0.228864 -0.265011 0.235106 0.636036 -1.057902 0.254912 0.179613 0.289896 -0.431582 0.225439 0.288687 -0.773053 0.173872 0.832251 -0.013160 0.443780 1.362759 -0.130046 -0.219355 -0.080172 -0.054267 0.805461 -0.096086 -0.264885 0.409137 -0.317367 -0.023080 -0.071344 -0.735034 -0.543898 0.073098 -0.458766 0.164294 1.153633
sea 0.322080 0.685839 -0.275834 0.149106 -0.546890 -0.032014 -0.462048 0.261281 0.014378 0.064067 -0.518087 0.568773 0.150812 -0.487723 -0.412758 -0.639885 -0.450691 0.121827 -0.112510 0.107447 -0.435474 0.285215 0.104647 0.226790 -0.159636 -0.274835 -0.384713 -0.197969 0.116071 0.648882 -0.142642 0.247286 -0.445544 0.376948 -0.289478 0.468406 -0.041786 -0.165054 -0.288835 0.405159 -0.161314 -0.379156 -0.487752 0.539729 -0.390595 0.273938 0.505457 0.242688 -0.471882 0.044628 -0.097875 0.493833 0.438741 -0.022852 0.094735 0.352826 0.520928 0.087752 -0.558532 -0.172587 -0.475007 -0.160053 -0.009414 0.572913
politicians 0.382555 0.296612 -0.378276 0.281855 0.280008 0.115797 -0.559594 0.004195 -0.361046 0.199574 -0.153450 0.271001 0.405148 0.214511 0.098514 -0.407280 0.910217 0.490602 -0.224803 -0.368028 0.533598 -0.221769 0.495321 0.303380 0.044734 -0.611068 -0.454349 -0.040803 0.162822 0.379709 0.265001 -0.256236 -0.369976 -0.323649 0.582859 0.464964 0.758324 0.100981 -0.097150 -0.065354 0.179368 -0.087565 -0.989849 0.091701 -0.321370 -0.066502 -0.198981 0.147412 0.199378 0.762720 -0.203287 0.180600 -0.291446 0.312163 -0.067669 -0.748554 -0.137852 0.065824 0.069501 0.607715 -0.394071 0.180559 -0.534810 -0.249542
decisions -0.322854 0.193634 -0.424167 0.208074 0.225997 -0.024158 -0.440590 -0.022935 -0.264406 -0.076335 -0.193464 0.351286 0.052129 0.562513 0.061528 -0.808242 0.916692 1.353728 -0.523479 -0.122476 -0.137230 0.213399 -0.034313 -0.278370 -0.541838 0.051031 -0.384689 -0.109207 0.701275 0.386211 0.199723 0.277089 -0.518115 -0.207345 0.889128 0.635607 0.608249 0.439094 -0.352479 -0.566607 0.036776 0.090940 -0.347514 0.753764 -0.299989 0.186924 -0.096644 -0.161682 -0.037679 -0.063402 -0.472284 0.258668 -0.176437 0.043644 0.060720 -0.350192 -0.369645 -0.145320 -0.267321 0.097902 -0.170276 -0.027813 -0.276383 -0.283312
about -0.464071 -0.131995 -0.790809 -0.005728 0.233749 -0.276730 -0.965757 0.027153 0.265717 0.369982 -0.447748 0.398678 0.293446 0.889411 -0.189874 -0.279470 1.265150 0.804443 -0.156648 0.003096 0.152697 -0.336700 0.416782 -0.018517 -0.762922 -0.390390 -0.411121 0.106033 0.631882 0.111092 0.128751 -0.418455 -0.827964 -0.680591 0.733657 0.470559 0.600457 0.560644 -0.318019 -0.287799 -0.252461 0.195491 -0.870021 0.588002 -0.230683 0.028636 -0.142086 -0.415490 0.095850 -0.123605 -0.216125 0.513987 -0.910270 0.122707 -0.052346 0.044674 -0.607375 -0.134073 -0.083640 -0.047071 0.203751 0.032845 -0.205957 -0.477572
laws -0.575619 -0.615764 -0.229201 0.453814 0.380222 0.094637 -0.695108 0.160440 -0.191267 0.494367 -0.796608 0.044113 0.618398 0.634115 -0.169558 0.062871 0.119380 0.647535 -0.381407 -0.229129 0.057072 0.011038 0.004495 0.288320 0.244693 -0.139078 0.102699 0.595849 0.217058 0.334648 0.255530 -0.003336 -0.294828 -0.189827 0.149146 0.293280 -0.148801 0.338620 -0.194036 -0.158360 0.070865 0.335147 -0.100171 0.969511 -0.187955 -0.480238 -0.196955 -0.578701 -0.038597 -0.057588 -0.016100 0.177518 -0.623603 0.173233 0.147656 0.050135 -0.520633 -0.501391 -0.076939 0.430177 -0.018338 0.204209 0.083916 -0.312955
government -0.637514 0.358076 -0.271944 -0.088739 -0.074339 0.912325 -0.584282 0.360480 0.146556 0.065582 -0.340091 0.616860 -0.075813 0.390002 -0.033521 -0.441677 0.366369 0.838678 -0.316406 -0.166093 0.047030 0.116909 0.333795 -0.127243 -0.439023 0.098928 -0.397246 0.080416 0.648595 -0.177170 0.243680 -0.108010 -0.835223 -0.216930 0.060608 0.202564 0.237183 0.735988 -0.358073 0.137287 -0.098211 -0.157068 -0.295100 0.743263 -0.285673 -0.185204 -0.423295 0.068792 0.142590 -0.454041 0.135445 0.212959 -0.288825 0.567132 -0.209883 -0.205216 -0.085865 -0.397581 -0.239403 0.115645 0.010970 0.215671 -0.476535 0.434448
light 0.154502 -0.571279 0.042617 0.074980 -0.023915 -0.083702 -0.242973 -0.082946 0.023451 -0.026323 -0.425616 -0.252401 -0.451476 0.357570 -0.103071 -0.080082 -0.013392 0.019601 -0.203161 -0.470482 0.516511 0.521049 -0.590964 -0.136726 0.247854 0.808703 -0.013015 0.081778 -0.396134 0.139893 0.133600 -0.795735 -0.150065 -0.108391 -0.770490 0.076302 0.014151 0.622231 -0.425471 0.301572 0.303204 -0.148133 -0.237019 0.010051 0.149558 -0.321969 0.141925 -0.439568 -0.376471 0.029345 0.337078 -0.399683 -0.373162 -0.195353 -0.574830 0.669342 -0.007641 -0.180567 -0.274743 0.041950 -0.095591 0.354376 -0.167406 -0.033376
travels -0.116532 -0.474494 0.418868 -0.140500 -0.331293 -0.035016 -0.056603 0.033861 -0.148594 0.256996 0.066211 -0.132313 -0.064079 -0.007360 -0.036713 0.081266 0.326723 0.149879 0.001064 -0.453113 0.421253 0.912358 -0.496746 0.315218 -0.167946 0.484502 0.387327 -0.165157 0.050539 -0.352586 0.049414 0.398698 0.123211 0.829896 -0.251486 0.576239 -0.009803 -0.141184 -0.298090 -0.162946 0.754251 0.032994 -0.122118 0.244371 0.227661 -0.285218 -0.108230 0.187121 -0.220757 -0.204017 0.226874 -0.840441 -0.125485 0.577289 -0.525283 1.183332 -0.167717 0.241490 0.088985 0.358410 0.109608 -0.091126 0.219716 -0.997655
faster -0.304098 -0.346858 -0.212856 0.187716 -0.383460 -0.011088 -0.136397 -0.157137 -0.108200 0.645352 0.052269 -0.315778 -0.022939 0.084135 0.048828 0.115879 0.068645 0.010909 0.144837 0.043037 0.589916 0.535355 -0.206040 0.510495 0.221473 0.103965 0.370198 -0.086916 0.302398 -0.168515 -0.131402 0.039520 0.208636 0.468137 -0.280801 0.434013 -0.063930 -0.207813 -0.412892 -0.166960 0.598367 -0.522561 -0.385675 0.395230 0.026798 -0.424504 -0.212588 -0.176763 -0.370985 -0.008694 0.241751 -0.690893 0.386762 0.414669 -0.730919 0.690373 -0.223305 0.022782 0.075590 0.378903 -0.090552 0.005560 0.498988 -0.802031
than -0.265385 0.173011 -0.168735 -0.045395 -0.219935 -0.135521 0.092968 0.064789 0.127615 0.361401 0.202024 -0.054416 -0.189629 -0.116863 0.229485 0.010856 0.036898 -0.434586 0.058524 -0.203591 0.168069 0.237484 -0.015997 0.288334 0.024000 0.262313 0.128515 -0.222968 -0.129131 0.064293 0.108946 -0.070899 0.020871 0.538155 -0.371761 0.314050 0.101293 0.023477 0.173304 -0.242814 0.834462 -0.152928 0.076954 0.699257 0.143295 -0.060437 -0.045660 0.257801 -0.035780 -0.278517 0.409120 -0.733025 -0.436510 -0.073268 -0.434780 0.645524 -0.028030 0.010001 -0.192432 0.421356 -0.126474 0.154195 0.297879 -0.655662
sound -0.675046 -0.380807 0.110408 0.144953 -0.038347 -0.419273 -0.034277 0.160319 0.112257 0.100344 -0.192692 0.278475 -0.120183 0.139220 -0.171124 0.429082 0.171765 -0.570416 0.059081 -0.373314 0.192394 0.001298 -0.021871 0.145903 -0.107163 0.267451 0.131828 0.097303 -0.477579 -0.043604 0.167304 -0.218110 0.114670 0.367625 0.096319 0.353839 -0.267280 -0.297841 0.196526 -0.355798 0.608953 -0.568370 -0.035340 0.444973 -0.466265 -1.008213 0.193358 -0.248879 0.637484 -0.412269 0.444140 -0.474591 0.749913 0.207288 -0.138487 0.766502 0.190886 0.446863 -0.626795 -0.145434 -0.604402 -0.045600 -0.016084 -0.498865
sugar -0.212289 0.516498 0.485881 -0.164159 0.002461 0.262364 0.555566 0.325320 -0.232440 -0.450986 0.296460 -0.630287 0.377924 -0.758097 -0.502135 0.023820 0.637722 0.270883 -0.101153 0.209591 0.658106 -0.071966 -0.140179 -0.078049 -0.353265 0.131375 0.253548 0.382143 -0.581006 -0.017514 -0.039404 0.539874 -0.079998 0.223294 0.367681 -0.406801 -0.125585 -0.263595 -0.134350 0.613711 0.094696 -0.848114 -0.949491 -0.768578 -0.431636 0.177439 -0.085230 -0.089756 0.000399 0.607768 0.238793 -0.148513 0.326116 0.734201 -0.533684 -0.537310 -0.569798 0.395379 0.061954 0.211741 -0.008228 0.307096 -0.254942 -0.232501
salt -0.569198 0.419025 0.194851 -0.254291 0.160145 -0.349528 0.461137 0.236580 -0.240275 -0.820299 0.596915 -0.239746 0.831204 -0.435454 -0.168172 -0.054981 0.484416 0.432419 -0.040433 -0.231173 0.206582 -0.250462 -0.884186 -0.778452 0.030243 0.077293 0.046048 0.072700 -0.151084 -0.118945 -0.441546 0.578756 0.181459 0.662150 0.421762 -0.010165 0.035139 0.260805 0.032516 -0.098735 0.283866 -0.525875 -0.529660 -0.321063 -0.093313 0.302635 -0.610063 -0.588071 -0.018617 0.103002 0.471739 0.126403 -0.302009 0.709853 -0.678780 -0.501024 0.134240 0.297444 0.313466 -0.356580 -0.076448 0.157049 0.176384 -0.518127
basic -0.647528 0.647798 -0.043991 -0.047601 0.220805 0.200078 0.559909 -0.077541 0.078205 -0.311416 0.495170 0.189731 0.316533 -0.558286 -0.348053 0.151277 0.612788 0.015220 0.130898 0.379985 0.560863 0.029356 0.046182 -0.118105 -0.268158 0.120028 0.191649 -0.275239 -0.736654 0.025241 -0.498068 0.381642 -0.237028 -0.125482 -0.215431 -0.603955 0.115028 0.162882 0.144470 -0.003042 0.001377 -0.574991 -0.780109 -0.057401 0.044144 0.185782 -0.457533 -0.344898 0.233156 -0.602984 0.339063 -0.073638 -0.693344 0.279304 -0.718756 -0.827065 0.002718 0.093798 0.590829 -0.450931 -0.047177 0.325920 0.124684 -0.213518
cooking -0.526412 0.428759 -0.059651 0.129060 -0.198086 0.367492 0.512009 0.677601 0.098460 0.087165 -0.070984 -0.069070 0.525636 -0.426484 0.290350 0.198837 0.400813 0.287611 0.048752 0.125062 0.929599 0.023608 0.380013 -0.486943 -0.191902 -0.169328 -0.103151 0.295986 -0.243278 0.011715 -0.400050 0.149967 -0.300040 0.214797 -0.552547 -0.224276 -0.088300 -0.234666 -0.044922 0.279348 0.286447 -0.275224 -0.104716 -0.521038 0.141473 0.155745 -0.483856 0.045204 0.052341 -0.599391 0.672063 -0.035367 -0.296920 0.354532 -0.378425 -0.166590 0.062603 0.386060 -0.016115 -0.169326 -0.498414 -0.420400 0.121849 0.045239
ingredients -0.899501 0.568012 0.113768 -0.210482 0.627639 0.257865 0.802977 -0.018240 0.031358 -0.153639 0.617406 0.251547 0.383774 -0.812989 -0.383236 0.030778 0.410697 0.075622 -0.018612 0.240964 0.038280 0.353793 0.205710 -0.332030 -0.057859 0.517035 0.328011 -0.080641 -0.428433 -0.648074 -0.233680 0.331255 -0.017800 0.386834 0.075629 -0.691977 0.167723 0.098896 -0.340376 1.399031 -0.300545 -0.485323 -0.356323 -0.169335 -0.126942 0.061345 -0.467602 -0.068540 0.420535 -0.071474 0.272398 0.194501 -0.176096 0.424644 -0.681295 -0.557878 -0.207207 0.085259 0.091703 -0.243498 0.047023 0.021883 -0.317894 0.334834
elephant -0.287800 -0.022709 0.504871 -0.332868 0.220620 -0.109380 -0.854021 0.107534 0.608169 -0.055579 0.685493 -0.295324 -0.050620 0.410602 0.082105 -0.091165 -0.142699 -0.415749 -0.464036 0.025233 -0.244491 -0.040176 0.271173 0.199982 -0.853597 -0.658975 -0.356168 0.152964 0.626508 0.070083 0.365536 0.306426 -0.478750 0.474080 -0.008618 0.343897 0.005775 0.155018 -0.053949 -0.140763 0.258071 -0.333280 0.224790 -0.167595 -0.076911 0.436599 -0.217306 0.250668 0.435943 0.742190 0.334117 -0.584236 0.109929 -0.118015 0.249507 0.733854 -0.077411 -0.272958 -0.424365 -0.441512 0.547362 -0.007424 0.361193 0.160455
largest -0.432222 -0.686319 -0.045483 0.118555 0.351539 0.415860 -0.954689 -0.261231 0.478963 0.145531 0.676823 0.044151 0.271535 0.602426 0.253644 -0.173833 0.834535 -0.742872 -0.498620 -0.590736 -0.083520 -0.693600 -0.089603 0.001438 -0.299707 0.355053 -0.235716 0.061961 -0.196777 -0.476678 0.004505 0.272637 -0.514950 0.234627 -0.566540 -0.061487 0.098659 0.305508 -0.145449 -0.685648 0.442143 -0.507159 0.675188 0.248802 0.034971 0.143596 0.601131 -0.308666 0.657704 -0.102993 0.151565 0.474302 -0.754645 -0.283900 0.334329 0.635335 -0.687038 0.297908 0.313662 -0.706502 0.640510 -0.438841 0.688581 0.190148
land -1.628784 -0.787945 -0.091073 -0.232079 0.327550 0.052500 0.075937 0.142272 0.400395 0.698231 0.057657 -0.054032 0.110577 0.142634 0.156471 -0.150026 -0.330733 -1.016941 -0.366704 -0.822153 -0.080764 -0.245853 0.527104 0.098401 -0.631172 0.025305 0.339685 -0.119334 0.757691 -0.067889 0.620154 0.432121 -0.986659 0.063704 -0.278143 0.273588 -0.035794 0.882839 0.269755 -0.436665 -0.104224 -0.611300 0.441218 -0.320062 -0.084860 -0.136311 0.240583 -0.117887 0.346599 0.173175 -0.245226 0.434033 -0.074327 -0.498722 0.358540 0.536391 -0.891815 0.456105 0.213153 -0.438225 1.077636 -0.431041 0.206679 1.216762
animal -1.132955 -0.217493 0.062702 0.066093 0.517725 0.547569 0.019519 -0.120788 0.889574 0.766559 -0.244677 0.192503 -0.098274 0.248036 0.550039 -0.007635 0.176385 -0.812123 0.117632 -0.487230 -0.019385 -0.564985 0.076289 -0.200076 -0.442904 0.161591 -0.012553 0.088867 0.304296 0.073856 0.259819 0.749174 -0.718148 0.093349 -0.479607 -0.060495 -0.265301 0.501078 0.315162 -0.515938 0.113669 -0.293349 0.201989 -0.470285 0.014606 -0.105815 0.305873 0.026197 0.663832 0.371311 -0.179609 0.520454 -0.081013 -0.013243 0.937374 0.393252 -0.315956 0.226217 -0.036582 -0.172280 0.997290 -0.158816 0.228990 0.814977
on -0.332310 0.163306 -0.259720 -0.334334 0.460650 0.017382 -0.050347 -0.003348 -0.217102 0.505182 0.058028 -0.407472 -0.175326 -0.033159 0.358511 -0.151027 -0.328703 -0.361362 -0.104764 0.166426 -0.508856 -0.712244 -0.268932 -0.036190 -0.408181 0.024270 0.003513 -0.413040 0.173893 0.191486 -0.111390 0.078950 0.341887 -0.280375 -0.545199 0.490321 0.261571 -0.175949 -0.563464 -0.312500 0.346666 -0.250314 -0.109528 -0.345390 -0.198099 -0.046879 0.054845 -0.140532 -0.385337 0.230308 -0.554410 0.466083 -0.642723 -0.000180 0.021905 0.250347 -0.029435 0.462531 0.248406 -0.442071 0.795712 -0.170175 0.364072 0.570533
earth -0.013162 -0.214678 0.489543 -0.094984 0.644900 0.204628 0.006009 0.103459 -0.373169 0.010522 -0.094790 -0.095085 -0.190347 -0.229485 0.132785 -0.355133 0.146022 -0.149734 -0.489983 -0.444352 -0.284041 -0.361406 -0.485774 -0.263346 -0.259356 -0.188302 0.231435 -0.230880 0.044386 -0.229568 0.277870 0.081046 -0.743420 0.512781 -0.488169 0.082347 -0.008984 0.086250 0.554974 0.062767 -0.401231 0.382248 -0.038939 -0.308749 -0.088849 -0.003075 0.173301 -0.384362 -0.231209 -0.018927 -0.291258 0.392026 0.168206 -0.197343 -0.370627 0.597589 -0.092425 0.755848 -0.217715 0.451327 0.195963 -0.635841 0.123007 0.113054
fox 0.417765 -0.330636 0.213394 -0.677366 0.117311 0.421997 0.066246 0.355358 -0.046000 -0.311698 0.010493 -0.350965 0.122708 -0.008046 -0.928934 -0.164039 -0.562944 0.182011 -0.702268 -0.335405 0.325967 0.361837 0.100059 -0.161944 -0.386248 0.000584 0.347953 -0.218527 0.534442 0.023976 0.379183 0.668926 -0.641417 -0.278986 0.716549 -0.134296 0.587256 -0.438613 -0.191858 0.242980 -0.063171 -0.443827 -0.090229 -0.711675 0.092929 -0.035326 0.163031 0.617232 0.208208 0.530138 -0.988504 -0.221352 0.475283 -0.197478 -0.101399 -0.206332 0.045939 -0.395359 -0.253811 0.351654 -0.767095 0.195620 0.513648 -0.083109
was -0.032154 -0.441658 -0.073047 -0.425680 0.101607 -0.274322 -0.145091 0.296342 -0.144755 -0.108397 0.337972 -0.262689 0.326149 0.238607 -1.161233 -0.189129 -0.701547 0.662506 -0.410773 -0.747412 0.688716 -0.178935 0.189538 0.072323 -0.423509 -0.265018 0.216564 -0.571658 0.211309 -0.081608 0.496584 0.290420 -0.389622 -0.484354 0.870600 -0.468601 0.758345 -0.718463 -0.182567 -0.097354 0.055314 -0.731054 -0.088498 -0.298373 0.432252 -0.621908 0.779828 0.269692 0.404641 0.297286 -0.416179 0.051826 0.982568 0.004976 0.157901 -0.127073 -0.035359 -0.075633 0.251125 0.297584 -0.552328 -0.211418 0.590443 0.065742
clever -0.338907 -0.745013 -0.188936 -0.539203 0.218298 -0.521823 0.069330 0.031432 0.127602 -0.455980 0.175260 -0.127972 0.073023 0.582669 -1.189721 -0.029522 -0.174279 0.273854 -0.408196 -0.381899 -0.161307 -0.019350 -0.335685 -0.259305 0.041311 0.179872 0.758040 -0.740445 0.459411 -0.267283 0.638806 0.613547 -0.447592 -0.379305 0.730304 -0.204311 0.270621 -0.223829 -0.151697 -0.302424 -0.107634 -0.666132 0.171725 -0.254164 0.707254 -0.184901 0.716270 0.139002 0.343218 -0.005985 -0.702578 0.127138 0.760833 -0.835393 -0.007703 0.169793 0.302444 -0.125438 -0.264940 -0.178301 -0.876183 0.296670 1.185014 -0.059038
quick -0.589351 -0.210374 -0.435480 0.243330 0.208487 0.252475 0.116262 0.106321 -0.163071 -0.242740 -0.178234 0.068078 -0.663041 0.218062 -1.051629 -0.131369 -0.178346 0.365372 -0.421533 0.126135 0.228440 -0.503930 -0.016897 -0.241171 -0.257168 -0.069353 0.323551 -1.010865 0.458484 -0.271516 -0.029754 0.276261 -0.470218 -1.004312 -0.131641 -1.166208 0.182611 -0.294290 -0.509780 -0.451179 -0.163216 -0.723029 -0.151090 -0.386757 0.220893 -0.051050 0.464136 -0.272719 0.866768 -0.305581 -0.331758 0.494467 0.250384 -0.875604 -0.023181 -0.567954 0.828569 -0.089857 -0.437281 0.303468 -0.342479 0.130430 0.564656 0.680189
cunning -0.564360 -0.197636 0.156378 0.009171 -0.179607 0.678217 0.073005 0.190618 -0.148389 0.069486 0.045142 0.262530 -0.050721 0.035830 -0.324795 0.006605 0.008141 0.461102 -0.377957 0.391588 0.318383 -0.512424 0.347155 -0.606360 -0.179972 0.030505 0.508626 -0.589327 0.513767 -0.254651 0.605697 0.555402 -0.356739 -0.305115 0.258405 -0.342528 0.016135 -0.210460 -0.425825 0.358785 -0.452647 -0.145926 -0.311430 -0.438314 0.095910 -0.108393 0.400716 0.116223 0.238948 0.057091 -0.200312 0.636282 0.373880 -0.509863 0.079303 -0.707009 0.698627 -0.686004 -0.593861 0.321136 0.060335 -0.004012 -0.056566 0.322907
alps -0.421642 0.413751 -0.255821 -0.677122 -0.160635 -0.313953 0.381710 -0.638037 -0.091101 -0.255488 0.708837 0.227808 -0.204092 -0.083871 -0.530429 -0.585971 -0.027628 0.303498 0.483003 -0.205800 0.450242 -0.325407 -0.292193 0.228871 -0.205605 -0.433935 0.069533 0.371222 0.065997 -0.427779 -0.166406 0.568978 -0.061132 0.880572 0.360507 -0.139988 0.583877 0.006753 -0.406799 0.257477 0.372084 -0.337972 -0.177729 0.021362 -0.546987 0.307986 0.322661 0.814854 0.168577 0.903163 0.199719 -0.841012 -0.601662 0.139839 0.314870 -0.286018 -0.401786 -0.139594 -0.350994 0.095029 -0.380311 -0.592600 0.366025 -0.184618
mountains -0.425429 0.197009 0.017847 -0.536971 -0.211573 -0.699804 0.478450 -0.138798 0.414422 0.009187 0.325133 0.610313 -0.174560 0.656056 -0.497965 -0.566528 -0.144909 0.130754 -0.045695 0.038111 0.316897 -0.510303 -0.729060 0.344030 -0.027796 -0.218042 0.101036 0.062142 0.048194 -0.185783 -0.243494 0.483060 -0.048489 -0.053135 -0.223134 0.276287 0.426396 -0.451533 -0.600735 0.142335 -0.096499 -0.342353 -0.413932 0.198673 -0.266935 -0.032422 -0.461542 -0.382734 0.010205 0.422995 0.469281 -0.365235 -0.495902 -0.404077 0.440503 0.460689 -0.176738 -0.218662 -0.058618 -0.111218 -0.091384 -0.652689 -0.102738 0.037158
central -1.059875 0.621443 -0.407134 0.049045 0.251605 0.298767 0.123791 -0.813619 -0.089224 -0.008358 0.168412 0.806687 -0.982953 -0.018867 -0.732011 -0.589331 -0.326383 -0.486069 0.640690 -0.212455 0.176182 0.060717 -0.461951 0.287048 -0.577075 0.698006 -0.077103 -0.335489 0.012741 -0.427084 -0.406909 -0.028148 0.457383 0.628836 -0.346333 0.107280 0.332529 0.170842 -1.179528 0.001819 0.557359 -0.422495 0.081214 0.394854 -0.356586 0.360073 -0.050127 0.535071 0.239044 0.734046 0.364155 0.102766 -0.710022 -0.757325 0.247209 -0.113421 -0.013518 -0.173305 -0.259405 0.387785 -0.304392 -0.447378 -0.009270 0.352722
europe -0.768227 0.396883 -0.251893 0.038997 0.287048 0.222950 0.337841 0.003944 -0.322091 -0.088508 -0.141256 0.726434 -0.668878 0.101323 -0.291411 -0.366080 -0.050458 0.151304 0.406075 -0.235589 0.162974 -0.292631 -0.278264 0.050422 -0.217246 0.747927 0.235266 -0.397295 -0.155297 -0.478900 -0.365074 -0.029547 0.261965 0.379658 0.236974 0.445237 0.243612 -0.117281 -1.194472 0.545898 0.339163 0.503930 -0.316595 0.374681 -0.129704 0.105781 0.151094 -0.065779 0.225438 0.494470 0.206149 0.015504 -0.288897 -0.159069 0.358674 0.318262 -0.049652 -0.343780 -0.349505 0.242712 0.306114 -0.590005 -0.200209 0.314665
india 0.373648 0.203265 0.435131 -0.118004 -0.583156 0.402893 0.252247 -0.285822 -0.169941 -0.230099 0.590756 -0.336774 0.382517 -0.567057 0.054792 -0.044822 -0.369780 -0.075900 0.160191 0.709017 0.136339 -0.560299 0.500440 0.689448 -0.214466 0.274631 -0.280917 0.704418 0.289127 -0.224362 0.290349 -0.010242 0.615985 0.093149 0.148932 0.017983 0.636102 -0.244842 0.121637 -0.054530 0.109352 0.200460 -0.384178 0.210720 -0.322642 0.820351 0.316745 -0.014455 0.033395 0.791812 -0.049104 -0.275769 0.033473 -0.119757 -0.667017 0.267813 -0.165553 0.271817 -0.039453 0.332229 -0.372333 -0.031511 -0.338105 0.534849
diverse -0.491054 0.420437 0.260263 0.376538 -0.532707 1.153685 0.431442 0.246415 0.150209 0.010408 0.601845 0.546914 -0.255063 0.306602 0.288891 -0.903580 0.066279 -0.004559 -0.277297 0.981263 0.127822 -0.462014 0.392654 0.432922 -0.296457 0.307206 0.164009 -0.422855 0.198455 0.011904 -0.061869 0.252650 0.249520 0.036047 0.065432 0.212542 0.747832 0.336498 0.332933 -0.441158 -0.025029 0.110590 -0.344778 0.829707 0.187501 -0.143834 0.459241 0.446210 0.244463 0.178235 0.182509 0.344598 -0.303232 -0.570517 -0.542067 -0.768812 0.159160 0.263613 -0.195499 0.333863 -0.360805 -0.363157 0.444451 0.455943
population -0.506121 0.785826 0.582082 0.302815 -0.607498 0.737787 0.437984 0.697641 0.036637 0.193896 0.347002 0.041366 -0.147691 0.360976 0.699662 -0.815175 0.217482 0.357549 -0.503185 0.741439 -0.198406 -0.742922 0.262637 0.126986 -0.402618 0.232723 -0.414012 -0.945092 -0.271304 -0.561074 -0.561313 -0.211250 -0.083726 0.232061 -0.099985 0.318764 0.822171 0.018736 0.254308 -0.123429 -0.334390 -0.117619 -0.200156 1.085135 0.105987 -0.179963 0.785480 -0.536572 0.315408 0.442534 -0.247058 0.217662 0.144073 0.274481 -0.072963 -0.164866 0.049686 -0.247297 0.095803 0.558074 -0.055596 -0.505100 0.473629 0.199386
soup 0.365555 0.524380 0.145589 0.133785 -0.309116 -0.075579 -0.226807 0.332892 0.167028 0.612681 0.312648 -0.577411 -0.015029 0.358984 -0.196677 0.269403 -0.121154 -0.126127 0.236837 -0.359992 0.011016 -0.443970 0.711459 -0.173823 -0.226479 -0.576876 -0.862229 0.375778 0.138064 0.352080 -0.278779 0.638136 -0.740095 0.306791 0.421583 0.298118 0.259409 -0.621011 0.164836 0.144204 0.443766 -0.083720 -0.509872 -0.221785 0.198666 -0.490048 0.711721 0.003400 -0.191503 0.281125 0.406453 -0.135843 -0.015856 0.225887 -0.241555 0.587058 0.061689 0.232165 -0.083246 -0.274682 0.003027 -0.099599 -0.088892 -0.408282
warm 0.061610 -0.221287 -0.279982 -0.021594 -0.123237 0.025546 -0.674755 -0.659413 -0.047113 0.751953 0.135277 0.070488 0.093138 -0.279893 0.070610 -0.055510 -0.469572 -0.061039 -0.383807 -0.264634 -0.030495 -0.379632 0.035775 -0.469348 -0.850855 -0.116361 -0.118740 -0.326344 0.257204 -0.041855 -0.227787 -0.059851 0.406547 0.138601 0.065071 -0.066725 -0.307389 -0.009729 -0.428995 0.151735 0.553129 -0.100508 -0.755065 -0.162273 0.282671 -0.169953 0.784542 0.271988 0.088800 -0.063393 0.535016 0.319288 -0.520831 0.207471 -0.007412 0.081508 -0.038226 0.543859 -0.114170 -0.271620 0.069885 0.045494 0.131019 0.431357
comforting -0.643656 0.229888 -0.607395 0.330544 -0.520164 -0.238383 -0.387847 0.749712 0.155919 0.875927 0.030586 0.238319 0.133383 0.593643 -0.095920 -0.804077 0.485940 -0.511853 0.370431 -0.243842 -0.207876 -1.109498 0.054845 -0.630192 -0.298041 -0.031707 0.169238 -0.042874 0.146773 0.335749 -0.322480 0.693582 -0.083712 -0.346089 0.172076 0.021178 0.142688 0.201440 -0.266600 -0.009082 0.693875 -0.155491 -0.696763 -0.243911 0.381679 -0.351918 0.987670 -0.528932 -0.640381 -0.717102 0.117057 -0.045469 -0.288198 0.431696 -0.187664 0.471156 -0.122519 0.989998 0.360196 -0.819332 0.302428 0.222130 0.820584 -0.529981
cold -0.372619 -0.344790 -0.499977 0.353441 0.129053 0.348135 -0.937072 -0.203229 -0.061039 -0.040560 -0.030989 -0.154625 0.200775 -0.425736 -0.437456 -0.461935 -0.019832 -0.271126 0.625481 -0.146780 -0.515106 -0.702746 -0.027221 0.058075 -0.610426 0.727658 -0.408338 0.262754 -0.114865 0.296911 -0.370940 0.107405 -0.093736 -0.512611 -0.236264 -0.104064 -0.618059 0.034044 0.193977 0.102602 0.177214 -0.248821 -0.404364 -0.111926 -0.312408 -0.240501 0.349548 0.483929 -0.056690 -0.596158 0.701279 -0.183328 -0.225902 -0.103077 0.181286 0.100915 0.165881 0.378974 -0.281397 0.001324 0.083665 -0.215669 0.071749 0.234762
days -0.363592 0.069576 -0.115980 0.232807 0.120557 0.329772 -0.050601 0.199112 0.299590 0.630871 -0.049656 -0.061194 0.206591 0.199571 0.245608 -0.369709 -0.243880 -0.154612 0.676997 -0.266887 -0.501591 -0.601200 0.208163 -0.904782 -0.570400 0.746825 -0.064141 -0.316026 -0.390602 0.222153 -0.264770 0.316145 -0.292134 -0.295470 -0.152774 0.425234 -0.203938 -0.068827 0.150091 0.864561 0.213815 0.176553 -0.333127 -0.132025 0.007073 -0.377816 1.059291 -0.388401 0.095742 -0.088952 -0.105924 -0.410650 0.049592 0.608978 -0.176313 0.100711 0.215390 1.026993 -0.332706 -0.310215 -0.112027 -0.082845 0.095069 0.314858
great 0.070198 0.110147 0.864039 -0.154054 -0.324851 -0.844912 -0.425308 0.210654 -0.308646 -0.364726 0.065786 -0.037358 0.272403 0.006424 0.434347 -0.095867 0.062707 -0.420626 -0.305814 -0.403420 -0.015002 0.336985 0.104981 -0.089133 -0.237078 -0.530050 -0.219351 0.183720 -0.339459 -0.661232 -0.029512 0.596963 -0.254999 -0.786302 -0.427837 0.111721 -0.060384 -0.143985 0.005836 0.380487 -0.325865 -0.294559 0.328798 -0.088453 0.158440 -0.147400 -0.055555 -0.366067 -0.148319 0.226932 0.502875 -0.039254 -0.002874 -0.324613 0.028059 -0.054092 0.065610 -0.207351 -0.165837 -0.290765 -0.544009 0.221133 -0.237124 0.156595
wall 0.060047 -0.321374 0.099026 -0.099997 -0.124723 -0.710411 -0.013479 -0.067898 -0.268037 -0.256325 0.316080 -0.179745 0.590392 -0.212728 -0.002620 -0.725176 -0.131135 -0.081080 0.030168 -0.585564 -0.155403 0.759464 0.129748 -0.476974 -0.672610 -0.726697 -0.426704 0.562302 -0.367764 -0.651539 0.465512 0.267412 0.204947 -0.515444 -0.049848 0.181223 0.395413 -0.733196 -0.380388 0.195171 0.038587 -0.403400 0.721848 -0.008800 -0.200826 0.589166 0.143731 -0.021608 0.135758 -0.041488 -0.052173 0.390358 0.361395 0.321775 0.115198 -0.079393 -0.900775 -0.684829 0.038336 -0.215755 -0.939272 -0.075718 0.587752 0.288515
china 0.618471 -0.319978 0.313395 0.024605 0.061376 -0.928294 0.123464 -0.421731 -0.276129 -0.584356 0.190959 -0.108548 0.427360 0.183140 0.015006 -0.684805 0.329394 -0.200242 0.480697 -1.242108 0.130982 1.310275 0.396466 -0.297121 -0.836294 -0.502793 0.019182 0.425091 -0.389602 -0.460580 0.750048 0.727595 -0.187048 -0.310030 -0.297902 -0.379996 0.114588 -0.192448 -0.288570 -0.483880 0.560988 -0.404335 1.133991 0.079658 -0.331021 1.550302 0.214126 0.223658 0.187172 -0.281219 0.685730 -0.032460 -0.447178 0.284347 0.260401 -0.483652 -0.954776 -0.314659 0.151024 0.156954 -0.650156 0.441468 0.446886 0.057443
stretches -0.155021 -0.345432 0.154410 0.136523 0.211483 -0.489903 0.236743 0.302265 0.003538 -0.202945 -0.070832 -0.012317 -0.286457 0.399338 -0.194297 -0.535686 0.403087 -0.529500 0.125135 -0.657041 -0.583327 1.481952 -0.062995 -1.035482 -0.934733 0.000545 0.353530 0.033665 -0.175401 -0.981903 0.801478 0.336608 -0.539015 0.002244 -0.118471 0.302562 -0.212181 0.069252 0.199096 0.007764 0.220926 -0.321266 1.557276 0.026906 -0.219291 1.436839 0.232924 -0.025979 0.138217 -0.533304 0.647746 -0.019869 -0.536628 0.157115 -0.033110 -0.291064 -0.239275 -0.464154 0.137650 -0.202096 -1.036099 0.049859 0.219024 0.285829
thousands 0.086592 0.026090 0.633381 -0.013339 0.208609 -0.375835 0.222088 0.122689 -0.403565 0.027447 -0.054529 -0.572576 -0.294788 0.253147 0.081614 -0.451925 0.748089 -0.331747 0.494737 -0.358793 -0.011833 1.052778 0.388318 -0.621192 -0.712268 0.229069 0.078420 -0.125198 -0.823424 -1.188276 0.200487 -0.211147 -0.527760 -0.276014 -0.028682 -0.050678 -0.617875 -0.399611 -0.053169 0.230114 0.171690 -0.407908 1.534714 0.289372 -0.105581 0.415729 -0.125698 0.098906 0.416953 -0.451737 0.399148 0.230056 -1.078628 0.066447 -0.254718 0.096929 0.585066 -0.533582 0.621617 0.150532 -0.968059 0.170112 -0.316816 -0.000465
miles -0.229431 0.174508 0.414365 0.383730 0.239420 0.419088 0.226543 0.035849 -0.255364 -0.363808 0.086893 -0.161351 0.114212 0.050300 -0.156739 -0.566841 -0.106449 0.420879 0.189302 -0.127522 -0.221210 1.019222 0.444333 -0.750197 -0.473185 0.363507 0.134536 0.238663 -0.994387 -0.808693 0.081451 -0.286200 -0.286765 0.263280 -0.290208 0.136806 -0.339908 0.015148 -0.314455 0.708379 0.451506 -0.131617 1.009643 0.105337 -0.332147 0.108802 -0.276698 0.216240 0.047454 -0.218297 0.326550 0.365588 0.077555 0.017541 0.102861 0.129553 0.275496 -0.849300 0.203945 0.429126 -0.032774 0.096312 0.215864 0.613052
sydney -0.000136 -0.096364 0.373303 0.503019 -0.392058 -0.276347 -0.006407 0.231437 -0.037089 0.234409 -0.058884 -0.922126 0.257890 -0.223200 0.331167 -0.135266 -0.967411 0.406686 0.046956 0.033962 0.266235 -0.273486 0.213750 0.685931 0.285036 -0.619625 -0.683104 0.604194 0.402799 -0.100365 -0.430513 0.121955 0.302195 0.174436 0.430200 0.378762 0.078402 0.125903 -0.425788 0.681621 -0.107694 0.131082 0.139355 0.523369 -0.151769 -0.196399 -0.306512 0.899842 0.182229 1.231659 0.937889 -0.436725 -0.387640 -0.075367 -0.531517 0.109364 0.213085 -0.391943 -0.187380 -0.091839 0.612813 0.671747 0.124144 0.134107
coastal -0.230813 -0.644815 -0.030145 0.392231 -0.295428 -1.107090 -0.222384 0.180105 -0.191963 0.241320 -0.527445 -0.313616 0.199497 0.142328 0.140979 -0.330238 -0.829775 0.165737 -0.219755 0.366708 0.106405 -0.086565 -0.499631 0.865236 -0.150833 0.008632 -0.396917 0.098933 0.106104 -0.386699 -0.829860 -0.084132 0.170832 -0.332693 0.122512 0.334386 -0.177916 0.130729 -0.451451 0.168322 -0.110015 0.157607 0.705693 0.823751 0.109505 -0.711929 -0.029656 -0.116963 0.035704 0.169663 0.925975 0.645027 -0.674541 -0.073105 -0.664110 0.364790 -0.646488 0.185994 -0.046294 -0.712585 0.182316 0.514708 0.626573 0.155121
city 0.381045 0.153146 0.254720 -0.059002 -0.075471 0.046862 -0.156914 0.035410 0.492453 0.395894 -1.028455 -0.230297 -0.304737 0.105059 0.026529 0.009760 0.042098 0.039205 -0.079131 0.017848 -0.322065 -0.137359 -0.321317 0.697086 0.034005 0.420309 -0.771829 -0.092632 0.591524 -0.530948 -0.442244 0.138027 -0.357361 0.081702 0.000336 0.280289 0.310788 0.087120 -0.097258 0.301032 0.016229 -0.386370 0.492253 -0.047302 0.402699 0.060342 0.750994 0.310375 0.325738 -0.087237 0.607170 0.479850 -1.019137 -0.041661 -0.265264 -0.126631 -0.184216 0.352132 0.338073 -0.485821 -0.054081 0.298959 0.183162 -0.121900
australia -0.494048 -0.153129 0.323592 0.610749 -0.324795 0.186683 -0.491350 0.086309 0.044740 0.176113 -0.237857 0.241319 0.062108 -0.350734 0.419909 0.285484 -0.534689 0.022756 0.183936 0.019218 -0.442193 0.011243 0.052373 0.264506 -0.128453 0.467842 -0.168117 0.049421 0.139937 -0.783924 -0.259680 1.125487 -0.335638 -0.185136 -0.407637 -0.100298 0.460878 0.397326 -0.380684 0.990644 -0.199211 0.498542 0.332244 0.242402 -0.213135 -0.221303 0.017232 0.205058 0.030359 0.106092 0.366090 0.327086 -0.085951 0.343758 -0.333749 -0.070362 -0.348340 -0.050324 -0.214679 -0.179886 -0.058323 0.462031 0.137127 0.792015
london 0.801511 0.102696 0.682002 -0.092989 0.404324 -0.270996 -0.363180 0.068133 0.050372 0.135536 -0.035403 0.107061 0.078554 -0.041254 -0.552928 0.026846 -0.848791 -0.234586 0.027780 -0.448780 0.008285 0.448244 0.458816 0.458335 -0.306310 -0.179300 -0.630386 0.879919 -0.113829 -0.142492 0.204187 0.415538 -0.555280 0.057463 0.207102 0.476935 -0.205460 0.072991 0.122692 0.178264 0.444669 0.225892 0.277598 0.721684 -0.326014 -0.102776 -0.012152 -0.020169 0.308881 1.101647 0.210476 -0.203621 -0.033880 0.340935 0.049314 0.361527 -0.074892 0.180678 0.231230 -0.132148 -0.229169 -0.010010 -0.036959 0.114571
capital 0.681682 -0.524762 -0.218758 0.188878 -0.326916 -0.977965 0.048309 0.217794 -0.172716 0.438708 -0.008885 0.268534 0.050688 0.185405 -0.822120 -0.123420 -0.274471 -0.324701 0.246520 -0.220508 0.328599 0.244473 -0.421657 0.677203 0.138068 0.090857 -0.699601 0.163187 0.642066 -0.835008 0.138722 0.145938 -0.611557 -0.062715 -0.023901 0.167619 -0.217756 0.132023 -0.790242 -0.292539 0.635484 -0.214011 0.681765 0.794534 0.421105 0.048920 0.771918 -0.372322 0.678524 -0.097150 0.171399 0.772929 -0.259076 0.285556 -0.048273 0.580059 -0.350360 0.376175 0.616104 -0.395279 0.002736 -0.146059 0.110664 0.258430
england 0.089989 -0.298777 -0.473058 -0.070585 -0.033798 0.005775 -0.016124 -0.180868 -0.216899 0.285919 0.022267 0.545578 -0.244206 0.481945 0.067034 0.357948 -0.703964 0.111178 0.104842 -0.731567 -0.400361 0.441459 0.216954 0.024493 0.216818 0.096840 -0.527770 -0.042112 0.122206 -0.932362 0.313022 0.296250 -0.953268 0.196870 -0.143382 -0.172619 -0.344134 -0.012665 -0.731117 1.111022 0.557272 0.539718 0.128172 0.514948 -0.219819 -0.198893 0.088860 0.033927 0.135566 -0.003835 -0.040858 0.405347 0.008188 0.003457 -0.402264 0.667587 -0.071599 0.266850 -0.311504 -0.187712 -0.326254 -0.166483 -0.059129 -0.021921
dancing 0.607711 -0.105207 0.378650 -0.155608 0.101865 0.516669 -0.279401 0.560046 -0.024140 0.715725 0.620382 -0.704495 0.488043 0.183555 0.112904 0.084797 -0.003439 0.143314 0.135251 0.205637 0.500504 0.495570 0.465301 0.310403 0.017924 -0.353694 0.151786 0.493994 -0.670308 -0.382298 0.354425 -0.006984 0.198641 -0.173749 -0.396462 -0.129021 -0.048837 0.191551 0.267014 -0.176846 -0.576918 -0.250386 -0.081573 -0.008531 0.206600 0.056297 0.015908 -0.219846 0.039164 0.510191 0.591085 -0.113282 0.607744 0.508466 -0.106879 0.450460 0.335189 0.369252 -0.285068 -0.478214 0.618605 0.124433 0.083821 0.147165
both 0.128278 -0.250177 0.159368 0.348657 -0.681219 0.474557 0.246533 0.759913 0.144251 0.363665 0.542767 -1.382651 0.659066 0.521605 0.237430 -0.403571 0.266445 0.110650 0.120368 0.527370 0.569196 0.480626 0.213628 0.284060 0.147621 -0.031351 0.054531 0.695873 -0.312754 -0.049507 0.242674 0.376405 0.190335 -0.210803 0.025013 0.375049 0.415339 0.043234 0.121843 -0.339458 -0.897713 -0.517548 -0.180432 0.738726 0.336578 0.678494 -0.169471 -0.177493 0.302083 0.686645 0.721073 -0.375557 0.676633 -0.083458 -0.544650 0.303319 0.035569 0.457152 -0.118880 -0.806561 0.571199 0.097123 -0.071705 0.267895
an 0.483586 -0.206813 -0.123638 0.234515 0.032079 -0.411301 0.197286 0.785254 -0.027414 0.361621 0.555129 -1.543074 0.270528 0.636193 0.482620 -0.325158 0.094138 0.007551 -0.096831 0.518610 0.710686 -0.066842 -0.070924 0.009764 -0.072541 -0.322408 0.062400 0.914219 -0.170428 -0.212108 0.018980 0.019724 0.004997 -0.094675 0.194850 -0.005544 0.232865 -0.007730 0.389719 -0.373535 -1.029085 -0.532425 -0.625852 0.539012 0.127641 0.283902 -0.142272 -0.569433 0.309968 0.370369 0.323581 -0.175364 0.475790 0.421814 -0.843236 0.082454 0.727688 0.091307 -0.355642 -1.465335 0.072934 0.335456 0.534851 -0.120339
art 0.185099 -0.283680 -0.091230 0.993495 -0.147853 0.236154 0.176199 0.898383 -0.061123 0.092247 0.644786 -0.522209 -0.043885 1.026394 0.068052 -0.210288 -0.006029 -0.072525 -0.276078 0.189774 0.655290 0.073103 0.740115 0.201916 -0.087004 -0.089063 0.925536 0.377479 -0.343872 0.300957 0.526061 0.164458 -0.140443 -0.246071 0.217925 -0.277900 -0.011242 -0.037793 -0.103797 -0.493604 -0.538850 -0.419010 -0.064823 0.931411 0.546092 0.163861 -0.010651 0.194508 -0.177799 -0.271480 1.391867 0.339596 -0.020454 -0.168369 -0.694744 0.033168 -0.273427 0.272127 0.056574 -0.978817 -0.338274 0.736743 0.702369 -0.018356
form 0.163164 -0.015291 -0.255248 -0.010629 0.017417 0.582548 0.306279 0.865361 0.111326 -0.081671 0.024408 -0.786782 -0.189927 0.726908 0.085562 -0.258684 -0.242218 0.049783 -0.074924 0.204100 -0.334632 0.240190 0.120983 -0.353647 -0.866145 0.557516 0.033676 0.330738 0.229618 -0.194269 0.104622 0.696766 0.149239 -0.297795 0.374280 0.101403 -0.632049 -0.062435 0.219420 -0.384342 -1.398375 -0.700542 -0.599502 0.817498 0.574443 0.159543 -0.553763 -0.167237 0.640946 0.052169 0.385496 1.008710 0.196656 -0.071663 -0.228442 -0.105364 0.636956 0.408687 -0.116296 -0.829658 -0.558208 0.484570 0.268907 0.971090
physical -0.519826 0.092282 -0.413315 0.609949 0.427982 1.227038 0.416755 0.686550 0.257270 -0.540377 0.238716 -0.648829 -0.381301 0.430902 0.586964 -0.223011 -0.741970 0.156051 0.077184 -0.179877 0.403517 0.075829 0.097077 0.389734 -0.773499 0.003545 0.237459 0.656178 -0.060995 0.447754 0.732159 0.174865 -0.000809 -0.843386 -0.057817 -0.119200 -0.471031 0.120973 0.107527 0.319909 -1.063015 0.067632 -0.350855 1.042814 0.082870 0.424825 0.055842 0.032910 0.361428 0.096182 0.184890 0.515664 0.391628 -0.209459 0.200067 -0.627763 -0.023270 -0.053982 -0.206748 -0.210225 0.366517 0.095636 0.062802 0.925425
activity -0.242907 0.412672 -0.271904 0.430538 0.286981 0.400108 0.794925 1.031882 -0.003741 -0.162407 0.006099 -0.663148 -0.166472 0.443576 0.862190 0.057886 -0.313571 0.074420 -0.094603 -0.336518 0.450731 0.052923 -0.234039 -0.327694 -0.264255 -0.393237 -0.057768 0.535852 -0.208382 0.320933 0.409204 0.317354 -0.134051 -0.741775 -0.187764 -0.038817 -0.125625 -0.019505 -0.177115 0.726089 -0.898875 0.252885 -0.405644 0.585580 0.040336 0.123057 -0.216092 -0.297956 0.182016 -0.053161 -0.200248 0.672706 0.508874 0.395650 0.346173 -0.071857 0.077293 0.083607 -0.582159 -0.474605 0.170414 0.038215 -0.386322 0.670605
volcanoes 0.138248 0.331597 -0.043836 0.203464 -0.170592 0.557853 -0.247239 0.144889 -0.631451 -0.294235 -0.645513 -0.333344 0.871792 0.143068 0.280606 -0.602524 -0.984689 0.286056 0.070796 0.112322 0.169374 -0.376881 -0.062831 -0.623357 -0.454754 -0.483289 -0.294841 0.227397 -0.126584 0.178092 0.104855 -0.030527 -0.441167 -0.619494 0.646193 0.288684 0.069981 -0.316420 0.544238 0.254024 -0.812664 0.193992 -0.443959 0.158326 -0.159613 0.114820 -0.226198 0.021139 0.469000 0.549167 -0.269003 -0.704791 -0.400158 0.022212 0.149276 -0.275241 0.204248 0.181204 -0.036567 0.022230 0.024488 -1.058184 -0.059443 0.332294
erupt 0.198701 0.055602 0.094386 0.201192 -0.150006 0.014081 -0.230621 0.148100 -0.559288 -0.696335 -0.225761 0.167450 0.605083 0.598773 0.417419 -0.594827 -0.862940 0.076721 0.282153 -0.428448 -0.209022 -0.217588 0.055762 -0.791186 -0.593988 -0.729233 -0.224854 0.304064 -0.213782 0.320637 -0.053887 0.450925 -0.348781 0.040379 1.183577 0.587186 0.044057 -0.186043 0.358253 -0.277314 -0.643332 0.372131 -0.264735 0.819850 0.157117 -0.076062 -0.622060 -0.191672 0.408731 0.537804 -0.290081 -0.749529 -0.438082 -0.176672 0.474418 -0.352388 -0.046501 0.230380 -0.149413 -0.157062 -0.306145 -0.531308 0.053130 -0.262480
release -0.292829 -0.188354 -0.767278 0.638920 -0.414289 -0.632313 -0.245648 0.038590 -0.426553 -0.441279 -0.584696 0.115377 0.884120 0.647563 0.015432 -0.499983 -0.567564 -0.078991 0.235663 -0.311247 0.019453 -0.508067 -0.116842 -0.911146 -0.723507 -0.482640 0.152465 -0.034557 -0.118200 0.182981 0.152357 -0.170856 0.075498 -0.568360 0.254125 0.194759 0.172337 -0.195937 0.056437 -0.325040 -0.451761 -0.012193 -0.237872 0.191162 0.207433 -0.067615 -0.586965 -0.652184 0.442722 -0.496012 -0.319918 -0.358474 -0.620440 -0.292248 -0.138396 0.027232 -0.326848 0.245423 0.270591 -0.576690 -0.164868 -0.632876 0.259363 -0.128323
lava 0.001086 0.645742 -0.372485 0.459068 -0.297497 0.172796 -0.657955 -0.024300 -0.322534 -0.470360 -0.913780 0.309221 0.681217 0.649220 0.515752 -0.495395 -0.522713 0.000466 0.147064 -0.363968 0.080506 -0.299726 0.143394 -0.322606 -0.839669 -0.261210 0.313478 0.181639 -0.339631 0.101918 0.300573 0.394468 -0.061614 -0.597101 -0.112542 -0.168640 -0.359317 -0.182027 -0.121421 -0.777155 -0.624459 0.003030 -0.527819 0.240395 0.251821 0.086678 -0.462751 -0.377404 0.655951 -0.914717 -0.502306 -0.853210 -1.027396 -0.829455 0.046343 0.038695 0.068001 0.225894 0.184157 -0.216935 -0.122093 -0.243196 0.201464 0.002116
ash -0.244027 0.133411 -0.196192 0.850656 -0.197350 0.542913 -0.396531 0.389638 -0.786640 -0.167060 -0.797928 0.321038 0.330673 0.224954 0.525452 0.044009 -0.648777 0.037201 -0.001337 -0.312764 0.105830 0.038786 -0.075848 -0.838155 -0.467368 0.408454 -0.213938 -0.075595 -0.067306 -0.420493 0.653424 0.093156 0.008309 -0.051125 -0.323367 -0.146520 -0.100826 -0.135764 0.151546 0.331615 -0.527694 0.302312 -0.012785 0.144507 0.181335 0.173062 -0.355785 -0.674704 0.453613 -0.677232 -0.702177 -0.518134 -0.431292 -0.271703 -0.280083 -0.108808 -0.038319 -0.120864 -0.491666 0.223271 0.037313 -0.721483 -0.228213 0.053809
scientists 0.170948 -0.131183 0.998409 -1.209131 -0.722351 0.098270 -0.346938 0.308559 0.152156 -0.185158 -0.641949 -0.642436 0.009718 0.101935 -0.116145 -0.120751 -0.712832 0.269967 0.303347 -0.447621 0.207540 0.273827 0.317658 -0.031783 0.540344 0.005415 0.200629 0.227080 0.024810 -0.205209 0.425787 0.085193 -0.677585 0.171917 -0.355757 -0.011598 0.642703 0.292439 0.844678 -0.015765 0.480989 0.317802 -0.013257 0.078281 -0.218401 0.410970 -0.325680 0.129846 -0.230578 0.255850 0.076414 -0.089303 0.243925 0.631012 0.638028 -0.508208 -0.071594 -0.189228 0.372357 -0.417234 0.056676 -0.549787 0.026587 0.256210
conduct 0.280452 -0.230117 0.906441 -0.981886 -0.196800 -0.289257 -0.268060 -0.033921 0.104250 -0.256159 -0.145981 -0.600339 0.080969 -0.140422 0.192532 -0.017647 -1.000525 0.468506 0.175173 -0.667803 0.038028 0.326196 -0.361942 -0.162280 0.260666 -0.157262 0.370238 -0.197754 0.836832 -0.119360 0.511801 0.378615 -0.393193 0.297106 -0.393086 0.110307 0.799727 0.207707 0.926420 -0.568991 0.494725 0.230457 -0.138136 0.264246 -0.595171 0.461740 -0.453170 0.272973 -0.308229 0.484698 0.220520 -0.201132 0.126586 0.313883 0.277487 -0.079644 0.084763 -0.244393 0.080055 -0.724868 0.162174 -0.105985 0.030534 -0.199661
experiments -0.124976 -0.465398 0.098495 -0.711037 -0.682334 -0.347776 -0.426699 -0.353893 0.020315 -0.182571 -0.209676 -0.566215 0.292225 -0.019526 0.120774 -0.272331 -0.684331 0.390083 0.298702 -0.472777 -0.006693 0.319729 -0.263269 -0.484710 0.509919 0.270256 0.434611 0.007261 0.869827 -0.252927 0.261551 0.224983 -0.359948 0.653997 0.073861 0.225839 0.754887 0.521848 0.709063 -0.638522 0.279384 -0.117317 0.062204 0.305200 0.023224 0.254950 -0.048361 0.002281 -0.035989 -0.058528 0.129540 0.164422 0.765282 -0.042152 0.025161 -0.192764 -0.162932 0.189738 0.414228 -0.810903 -0.052921 -0.185784 -0.135273 0.150430
discover -0.137849 0.370148 0.373050 -0.487897 -0.183229 0.030704 -0.178683 -0.117461 0.125135 -0.311371 -0.463161 -0.602675 -0.056977 0.279540 0.181436 0.385368 -0.486480 -0.162393 0.348742 -0.300899 0.134303 0.239692 0.086936 0.009171 0.689757 0.323276 0.785024 0.257271 0.614664 -0.232276 0.340265 -0.106060 -0.560328 -0.031430 -1.103782 -0.350095 0.303947 0.769449 0.784812 -1.007950 0.454483 0.144104 -0.392818 0.221275 -0.319212 0.023488 -0.225884 0.317466 -0.044538 -0.379175 0.589406 0.239442 -0.024224 -0.144380 -0.112229 -0.471125 0.514207 -0.159738 0.241417 -0.521594 0.311021 0.146114 0.248688 0.396328
new 0.145152 0.077619 0.237003 -0.168859 -0.545423 0.314358 -0.405011 -0.090990 0.040269 -0.079898 -0.448055 -0.970109 -0.248461 -0.239853 0.028386 -0.536028 -0.644758 -0.079855 -0.186096 0.447077 -0.238671 0.427985 -0.002515 0.142006 0.096031 0.251498 0.372373 0.419871 0.419188 -0.156704 0.235133 0.078719 0.093923 0.407507 -0.577849 0.278587 -0.143991 0.337021 0.420143 -0.028673 -0.024627 0.085963 -0.487446 -0.183835 -0.250939 -0.380328 -0.149319 -0.192072 -0.323022 0.085123 -0.133582 0.531001 -0.047436 -0.328450 -0.016107 0.151853 0.162071 0.097452 -0.025160 -0.724662 0.005370 0.380852 -0.370621 0.060807
knowledge -0.013963 0.734057 0.175834 -0.268480 -0.430106 0.495829 0.407413 0.039066 -0.238240 -0.379364 -0.295072 -0.360817 0.144843 -0.077431 0.225243 0.168449 -0.631953 -0.104757 0.182085 -0.540541 -0.184044 0.154600 -0.022053 -0.357392 0.748299 0.336108 0.712702 0.040730 0.571284 -0.453501 -0.075915 -0.401875 -0.317365 0.132796 -1.099958 0.358169 0.423508 0.730633 0.970102 0.466412 0.400561 0.124495 -0.041478 0.257827 -0.150974 0.007311 -0.374001 -0.319078 -0.185350 -0.040365 0.286999 0.618992 0.422109 0.059878 0.065055 -0.177369 0.048874 -0.052987 -0.180839 -0.385171 0.770738 -0.070454 0.101927 0.309640
horse -0.037783 0.030833 -0.066270 -0.266049 0.434933 0.950339 -0.003292 0.350219 -0.235555 -0.344145 0.289005 -0.207711 0.686019 -0.079297 0.311770 -0.386670 -0.518861 0.088575 0.121442 -0.283981 0.405246 -0.012048 0.332336 0.393435 -0.966496 -0.145085 -1.021000 0.199167 0.122907 -0.017225 -0.059953 0.158291 -0.350742 -0.088242 -0.420298 0.560793 0.325153 0.192357 -0.638862 -0.061985 -0.039809 0.062156 -0.309326 -0.543983 -0.292132 0.423022 0.427054 0.112727 0.069627 0.498713 -0.559658 -0.292230 0.295589 0.473425 0.326013 -0.091741 -0.097615 0.326293 -0.091739 -0.509459 -0.963508 -0.364598 -0.114189 -0.465706
galloped -0.584149 -0.234711 0.191234 -0.047356 0.794325 0.100217 0.100469 0.248158 -0.182116 -0.469510 0.278915 -0.149172 1.314204 0.502147 -0.333875 -0.334784 -0.400256 -0.478307 -0.666615 -1.055619 0.885668 0.289486 -0.427532 0.185884 -0.457509 -0.383100 -0.353550 0.525286 -0.008259 -0.450334 -0.109996 -0.344232 -0.109820 0.154583 0.513490 0.545077 0.300842 -0.086928 -0.401539 -0.292593 0.179360 0.039250 -0.277576 0.426080 -0.693766 -0.001204 0.351903 -0.008420 -0.216983 0.572191 0.154079 -0.378179 0.245685 -0.194574 0.673690 -0.197606 -0.491481 0.324204 0.456111 -0.911743 -1.091053 0.164645 -0.001417 0.203550
swiftly -0.497624 0.067792 -0.196496 -0.122422 0.767453 -0.155027 0.326716 -0.152933 -0.133398 -0.931046 -0.169503 -0.153948 0.630385 0.303487 -0.126127 0.467289 -0.339171 -0.356931 -0.208977 -0.617874 0.218273 0.200424 -0.605288 -0.108632 -0.680097 0.034534 -0.081464 0.194976 0.206940 -0.309476 -0.143173 -0.295756 0.054773 0.223683 0.253531 0.828880 0.487821 -0.223813 -0.561047 -0.654870 -0.320023 -0.160886 -0.217423 0.665985 -0.229389 0.338564 0.249032 -0.135701 0.170465 0.226613 -0.131486 -0.119212 0.192207 -0.443539 0.860614 0.200478 -0.338571 -0.035434 0.200330 -0.947170 -1.190535 -0.048469 0.462592 -0.245805
across -0.596246 0.185557 -0.082741 -0.481093 0.710271 -0.146883 0.459960 -0.054876 -0.374776 -0.391471 -0.108709 0.217122 0.780759 1.037855 -0.037712 -0.126928 -0.083351 -0.697328 -0.190750 -0.270183 0.522768 -0.074982 0.118944 0.050932 0.256343 -0.413822 -0.137443 -0.852943 0.270494 -0.618412 -0.350452 -0.660760 0.410667 -0.203375 0.182871 0.395341 -0.314256 0.173873 -0.265861 -0.373130 -0.095576 -0.477717 -0.166962 0.363878 0.062602 -0.407005 0.554121 -0.319290 -0.161948 -0.176432 -0.374093 -0.115215 -0.084489 -0.057547 0.200030 0.197113 -0.221090 -0.169628 0.689602 -0.952648 -0.827449 -0.419878 0.222560 0.053175
open -0.989155 0.149362 -0.132313 0.164991 0.932342 0.906919 0.368769 0.299638 -0.140202 0.376390 0.010956 0.288757 0.020881 -0.082390 -0.168226 0.135666 -0.108781 -0.907180 -0.579681 -0.814863 0.729024 -0.176318 0.099903 0.102452 -0.587913 0.200162 -0.114030 -0.138174 0.041645 0.000311 -0.197990 0.058285 0.336712 0.141382 -0.224393 0.313889 0.296702 0.240312 -0.034083 -0.275019 0.128762 -0.041892 -0.271997 -0.140792 -0.494608 0.672057 0.360274 0.259696 -0.058172 0.058807 0.503309 0.373804 -0.815265 -0.544352 0.675687 -0.173369 0.291927 0.720279 -0.065226 -0.139392 -0.318546 0.501944 -0.278909 0.112369
meadow -0.280140 -0.163720 0.114665 -0.045138 0.491010 0.916961 0.055730 0.100347 -0.419714 0.151561 0.031330 0.088259 -0.237972 -0.045285 0.183500 0.095241 -0.358845 -0.273367 -0.308263 -0.101765 0.332989 0.367784 -0.306286 -0.315001 -0.690300 0.214459 -0.094221 -0.169198 -0.228848 -1.038104 -0.428142 0.031746 0.706071 0.171729 -0.285108 0.350309 0.023937 0.161472 -0.496973 0.607988 -0.352639 0.482990 -0.330983 -0.343229 -0.104154 -0.161984 -0.535681 0.366472 0.030435 0.059843 -0.186861 0.154179 0.041390 -0.089834 0.352198 0.542212 -0.313197 -0.328957 -0.543492 -0.698527 -0.416315 -0.357895 0.060036 -0.014381
thunder 0.419122 -0.119003 0.432641 -0.279548 -0.450841 -0.025611 -0.004768 0.397041 -0.139864 -0.364458 0.060336 0.157302 -0.083273 0.654852 -0.516942 0.244435 -0.259370 -0.293325 -0.125164 0.170316 0.727664 0.149000 0.505113 0.304774 -0.090958 -0.427938 -0.100999 0.087427 -0.339496 -0.152259 0.658973 0.288637 -0.387635 0.015427 -0.297740 0.369511 -0.233773 -0.897905 -0.413294 0.113114 -0.679781 -0.363838 -0.161747 0.391859 -0.077103 -0.992818 0.343321 -0.203199 -0.411423 1.044704 -0.307878 -1.255975 0.454766 0.095509 0.216187 0.922007 -0.342597 0.024580 -0.398254 0.340371 0.121506 -0.041468 -0.522135 0.171588
that -0.115213 -0.257018 -0.411062 0.338266 -0.960202 -0.594391 0.206622 -0.327393 -0.049237 -0.829882 -0.471607 0.314474 -0.508255 0.176771 -0.008493 -0.016347 0.556260 -0.833022 -0.257417 0.510190 0.119575 0.147701 -0.108406 0.700833 -0.586166 0.176229 0.266129 -0.169027 0.427054 0.062587 0.620416 0.866009 -0.112809 -0.587789 -0.683273 0.181083 -0.598140 -0.016794 0.104040 -0.796663 0.028630 -0.641233 -0.488321 -0.042502 0.127583 -0.247090 0.388077 0.064516 0.391241 0.532766 -0.036884 -0.139978 0.178619 -0.208358 -0.515214 0.280839 -0.016674 0.125769 -0.434230 -1.050296 -0.284006 0.319221 0.365605 -0.585920
follows -0.567695 -0.237382 0.498722 0.166572 -0.635172 0.350854 -0.418253 0.456109 0.451557 -0.226483 -0.579965 0.449781 -0.231029 -0.057745 -0.714500 0.422515 0.101229 -0.789713 -0.170119 -0.171330 0.349864 0.140730 -0.350368 0.304701 -0.448534 0.239997 0.547026 -0.801773 -0.687761 -0.456154 0.911162 0.149850 -0.088995 0.235189 -0.645354 0.139644 -0.584858 -0.319483 -0.432179 0.067561 0.306778 -0.390402 -0.148843 0.471249 -0.145968 -0.695718 0.152319 -0.189194 0.609055 0.077790 0.097637 0.065828 0.523528 -0.161364 -0.017293 0.128682 0.089027 0.404993 -1.467158 0.066212 0.442453 0.166915 -0.336850 0.441483
lightning -0.039908 -0.431368 0.299543 -0.249826 -0.663431 0.427719 -0.392760 0.916933 0.194049 0.214632 0.004192 0.238089 -0.391330 0.173572 -0.725046 0.173860 -0.037422 -0.382371 -0.082894 0.575456 0.141918 0.193096 -0.046264 -0.043413 -0.077345 0.008700 0.683533 -0.095796 -0.142105 -0.090425 0.749190 0.076908 -0.189570 -0.140089 -0.269832 -0.154710 -0.726404 -0.204669 -0.124432 0.403719 -0.232660 -0.135749 -0.228954 0.149102 0.000496 -0.770602 -0.154741 -0.329806 0.112775 0.050827 -0.192398 -0.106808 0.915548 0.167598 -0.243497 0.362566 -0.255588 0.019681 -1.379023 -0.225361 0.461365 0.223673 -0.086640 0.384205
artists 0.340566 -0.106248 0.133437 -0.126143 -0.103301 0.049829 -0.407076 0.182270 0.044968 -0.093215 -0.255744 0.023357 0.179381 0.241048 0.760987 0.306138 0.169624 0.164647 -1.185999 -0.861543 0.614961 -0.882445 0.031270 0.260269 -0.344605 -0.911767 -0.182106 -0.071586 0.157863 0.453515 0.705440 -0.576284 -0.154461 -0.070412 0.440070 -0.338143 0.040106 -0.590821 -0.126954 -0.181502 0.301198 -0.017330 -0.538799 -0.310917 -0.584569 -0.148056 -0.193448 0.347371 -0.065376 0.202901 -0.028526 0.280445 0.110187 0.417219 -0.655466 -0.211897 -0.315310 -0.274373 0.207236 0.305991 -0.288587 -0.109378 -1.074302 -0.549834
create 0.195084 -0.384375 0.322429 0.290904 -0.031395 0.129169 -0.023171 0.265765 0.234840 -0.252231 -0.344052 -0.017154 0.102674 0.109575 0.604029 0.417595 0.510052 0.386693 -1.011679 -0.599748 -0.341287 -0.442345 -0.531906 -0.197831 -0.120382 0.072807 0.205467 -0.020194 0.504461 0.390728 0.365744 0.207979 -0.169832 0.258817 0.405180 0.353280 0.397137 -0.443501 -0.073710 -0.569409 0.392297 0.039053 -0.458648 -0.320494 -0.437792 -0.218804 -0.486625 0.066024 -0.237315 -0.267235 -0.062669 0.088329 -0.112427 0.291534 -0.301208 0.004163 0.080875 -0.150143 0.044689 -0.410135 0.052128 -0.064361 -0.505514 -0.390507
paintings -0.497669 -0.997522 -0.228196 0.004234 -0.198795 -0.285108 -0.117363 0.430460 0.181987 -0.285976 0.176269 0.218862 0.402629 0.264118 0.471978 0.032122 0.622245 0.032520 -0.685804 -0.539966 0.058984 -0.527062 -0.421662 0.009650 -0.204413 -0.599987 0.332796 0.055115 0.136565 0.215823 0.530433 -0.372313 0.144784 0.033312 0.473276 0.185779 0.156661 -0.329783 -0.499678 -0.477547 0.072760 -0.007298 -0.294284 -0.194286 -0.425902 0.067104 -0.015410 -0.070597 -0.239707 -0.149616 -0.135491 0.833863 -0.333493 0.114173 -0.388075 0.116166 -0.315740 0.139833 0.426993 -0.576283 0.070061 -0.216607 -0.358175 -0.569122
sculptures -0.097581 -0.233823 0.044383 -0.097476 -0.198790 -0.251994 0.106834 0.219554 0.078716 0.052130 -0.079166 0.032222 0.157760 0.213497 0.217090 0.946240 0.727974 -0.002534 -0.393592 -0.293526 0.019553 -0.484488 0.136201 -0.035797 -0.564219 0.121298 0.345039 -0.067344 -0.118429 0.396671 0.167450 -0.366931 0.071160 -0.373488 0.382586 -0.099906 -0.279354 0.010720 -0.275205 -0.525669 0.230225 -0.147263 -0.531598 -0.139438 -0.311205 -0.131262 -0.046581 0.176181 0.114377 -0.353547 -0.222224 0.524431 -0.081424 -0.212915 -0.955707 0.049762 -0.102902 -0.149224 0.111226 -0.011326 -0.275377 -0.393372 -0.434867 -0.426557
music -0.962005 -0.222403 -0.105090 0.131657 -0.222843 0.935415 -0.125894 0.938279 0.228391 0.394612 -0.029934 0.435789 -0.074392 0.353208 0.482445 0.708294 0.756989 0.571027 -0.604940 -0.536761 -0.363171 -0.159921 0.119970 -0.496442 -0.227575 0.329410 0.192639 -0.227267 0.026826 0.005793 0.265721 -0.173217 -0.279064 -0.047238 0.261032 -0.038205 -0.231065 0.136998 -0.466121 -0.030693 0.461726 0.344806 -0.669293 -0.341593 -0.478486 -0.219552 -0.213971 0.490235 -0.177289 -0.316148 0.098747 0.681588 0.079913 0.068086 -1.296519 0.027666 0.159567 -0.071855 -0.396005 0.224829 -0.364373 -0.282036 -0.784791 -0.271208
brazil 0.647719 -0.288543 0.394470 -0.201827 -0.276208 0.037768 -0.219898 0.211107 0.081294 0.130946 0.531097 -0.160544 0.366933 0.141682 -0.056567 -0.067029 0.002044 -0.164117 0.112042 0.399432 0.115138 0.499293 0.192842 0.580671 -0.298629 -0.431336 -0.321220 0.518654 0.399002 -0.197068 0.360093 0.307275 -0.925310 1.019736 -0.156456 0.204326 0.566339 0.221340 -0.709223 -0.026027 0.140375 -0.428953 0.023166 0.395191 -0.429003 -0.271697 -0.086391 0.308776 0.002276 0.428727 0.001425 0.297526 -0.306271 0.527939 0.205547 0.086760 0.256589 0.256439 0.028016 0.409636 0.240595 -0.027556 -0.320209 -0.144896
home 0.110739 -0.982183 0.019386 -0.034716 -0.430327 -0.645350 -0.449266 0.339666 0.221389 0.085231 0.834279 -0.089485 1.034084 0.125628 -0.271286 -0.391314 0.245326 -0.648540 -0.163954 0.186503 0.189915 0.438956 0.509405 -0.090141 -0.610764 -0.391357 -0.254418 0.489084 0.508164 -0.316294 0.338606 0.133979 -0.800645 1.162788 0.043039 0.430950 0.699257 0.181909 -0.555081 -0.371110 0.064381 -0.728284 0.154584 1.386864 -0.131937 -0.444880 -0.196778 0.330089 0.053004 0.192385 -0.370211 0.322849 0.362975 0.456455 0.186869 0.136623 -0.306635 0.820854 -0.459183 -0.764797 -0.075993 -0.516180 -0.334535 -0.051638
much 0.397638 -0.815034 0.183933 0.044139 -0.092240 -0.390176 -0.415854 0.434545 0.472329 -0.180090 0.612521 0.020061 0.421835 0.296508 -0.323649 -0.271989 0.766409 -0.907603 -0.142188 -0.088804 -0.638007 0.761844 0.130515 0.202048 -0.495938 -0.237648 -0.121580 0.460861 0.279220 -0.420043 0.210133 0.201342 -0.760567 1.042934 -0.586836 0.162547 0.054224 0.303316 -0.456050 -1.376222 -0.009264 -0.487386 0.549818 1.418661 -0.091441 0.256941 -0.112328 0.320558 0.207448 -0.329317 0.159803 0.477704 -0.308580 0.045313 0.430911 0.066747 0.157589 1.041990 -0.279267 -0.836008 -0.222301 -0.344532 -0.470782 0.223837
amazon 0.308796 -0.552500 0.543064 -0.437304 0.293462 0.410756 -0.907794 0.274735 0.262294 0.454451 0.577542 -0.215809 0.158520 0.360863 0.243187 0.160695 0.411566 -0.571889 0.109357 -0.027624 -0.616769 0.025790 -0.129036 0.036231 -0.117749 -0.598766 -0.143826 0.275390 0.206644 -0.496313 0.211649 -0.017837 -0.477606 0.638291 -0.596503 0.138927 0.026876 0.120861 -0.384541 -0.568950 -0.285406 -0.079575 0.113002 0.431318 -0.367581 0.037295 -0.077182 0.286654 -0.003103 0.122010 -0.285999 0.307567 -0.073086 0.201808 0.268300 0.368754 0.141148 0.091016 -0.599267 -0.213432 -0.251773 -0.658849 -0.632080 0.459717
rainforest -0.117659 -1.054305 0.494348 -0.016191 0.357790 -0.036049 -0.682325 0.149836 0.230943 0.442941 0.951535 -0.139283 0.283309 -0.324923 0.069025 -0.110581 0.371466 -0.246264 0.036944 -0.222408 -0.115049 0.074427 0.181036 -0.234869 0.318892 -0.280661 0.003464 -0.063658 0.275940 -0.508981 -0.157804 -0.152878 -0.750410 0.310279 -0.434333 0.357026 0.432604 0.123031 -0.014540 -0.113720 -0.185615 0.008217 0.624316 0.421637 -0.338096 -0.002280 0.000177 0.403544 0.117470 0.369592 -0.501822 0.186324 0.667560 0.107316 0.417956 0.150711 -0.003633 0.428780 -0.757953 -0.108065 -0.328859 -0.740612 -0.349687 0.635489
olympics 0.387574 -0.002473 0.731346 -0.599504 -0.160859 0.168077 -0.634437 -0.576681 0.242328 -0.470419 0.652476 0.018304 -0.092931 -0.123636 -0.386874 0.367455 0.251189 0.496013 0.004657 -0.213327 0.129539 -0.123625 -0.457121 0.255013 -0.297634 -0.641612 -0.479097 -0.379033 0.222225 0.262020 -0.148594 -0.014084 -0.208898 0.584103 0.148408 0.112104 0.427724 -0.064592 0.027147 0.404458 -0.165990 0.587322 0.363831 0.522060 -0.802339 -0.340687 0.366823 -0.459161 -0.323020 0.691992 -0.012904 -0.344030 0.235868 0.059476 -0.039945 0.100341 -0.382078 -0.356565 0.585601 0.198677 -0.664023 0.091549 0.781479 0.773317
bring 0.420225 -0.461154 0.603832 -0.044218 -0.561576 0.459519 -0.137806 -0.555667 0.279366 0.078751 0.593932 -0.378407 0.447564 0.134241 -0.952545 -0.038369 0.531472 0.128266 -0.105432 0.244663 0.396439 -0.125919 -0.195207 0.417007 -0.088715 -0.401893 -0.094083 -0.049553 0.598253 0.258679 0.538601 0.218953 0.252974 0.681949 0.222673 0.038256 0.520176 0.541023 -0.191239 0.434275 -0.234443 0.346994 0.267318 -0.012365 -0.422156 -0.418472 0.619929 -0.149824 -0.148596 0.774727 -0.044483 0.014476 0.271256 0.002588 -0.232443 -0.056438 -0.861179 -0.013885 0.758726 0.198777 -0.516757 -0.077183 0.718897 0.691921
athletes -0.006809 -0.377056 0.198671 -0.063503 -0.023247 0.009064 -0.588411 -0.598385 0.330141 0.075197 0.904263 -0.391562 0.192216 -0.349129 0.182774 0.115323 -0.117096 0.678366 0.219855 0.029439 0.465758 0.250263 -0.365958 0.561300 0.327389 -0.335971 0.047756 -0.516554 0.189660 -0.002297 0.222129 -0.162433 0.008121 -0.100531 -0.685424 -0.380217 0.320984 0.474183 -0.205869 -0.124841 0.488170 0.229202 0.120579 0.492005 -0.462631 0.171419 0.464037 0.129462 -0.418273 -0.033070 0.331809 0.259571 0.009467 0.174733 0.069143 0.144312 -0.676840 -0.006937 0.465063 0.208127 -0.290223 -0.740442 0.347046 0.760236
every -0.055430 -0.091694 0.440126 0.379331 0.191189 1.169393 -0.058171 -0.337203 0.107623 -0.387976 0.048258 0.666647 -0.131576 0.076981 -0.139322 0.118310 0.078952 -0.430840 0.392543 -0.056343 0.463889 -0.132649 -0.394334 0.816425 -0.406417 0.207603 0.920708 -0.223474 -0.054986 0.010611 0.991714 0.398471 0.312524 0.320741 -0.440297 0.583747 0.317557 0.645144 0.102409 -0.258034 -0.212370 0.430240 0.397862 -0.295954 -0.115626 0.071186 0.529403 -0.149617 -0.069431 -0.304639 -0.244368 0.147756 -0.524753 -0.036392 -0.638641 0.229227 0.002514 0.165008 0.151760 0.430035 -0.042869 0.278053 0.281180 1.120034
venice 0.589217 -0.288400 0.194959 0.426673 -0.748665 0.023695 0.213621 0.234281 -0.258162 0.301086 -0.535894 -0.180583 -0.065836 -0.393772 0.133320 -0.713382 -0.596619 -0.213365 0.442259 -0.110995 0.564447 -0.207743 0.464480 0.311086 0.239839 -0.000266 -0.724401 0.201222 0.118234 -0.412207 -0.364110 0.476796 -0.131222 0.281146 0.357921 0.078489 -0.025223 -0.099808 0.226119 0.494037 0.043222 -0.363971 0.485921 0.126312 -0.221549 0.072458 0.840285 0.302783 -0.093917 1.041693 0.109474 0.171101 -0.190774 0.024276 0.063562 0.356051 -0.390744 0.262720 0.121819 -0.585995 0.493099 0.286586 0.078506 0.768373
built 0.283632 0.086937 0.140207 0.530884 -0.281129 0.184085 0.140932 0.017476 0.047425 0.009532 0.006091 -0.315163 0.078159 0.098432 -0.209739 0.033115 -0.237196 -0.240420 0.169351 -0.228163 0.265391 -0.987355 -0.252613 -0.458778 -0.211017 0.114503 -0.115452 0.311693 0.609685 -0.260589 -0.865451 0.459289 -0.148580 0.075368 0.697444 0.662785 -0.101116 0.084297 -0.617390 -0.029601 0.142123 0.009587 0.963341 0.528469 0.412052 -0.187028 0.602795 -0.247676 0.040190 1.140421 0.172916 0.590558 -0.742364 -0.586649 -0.237770 -0.310196 -0.686018 0.798838 0.003142 -1.241842 0.868199 0.245107 0.021302 -0.286673
italy -0.544221 -0.285849 0.057783 0.329752 0.018578 1.111323 0.019568 -0.450688 0.127377 0.675831 -0.478428 -0.085176 -0.156575 -0.555511 0.332522 -0.102374 -0.369426 0.736360 0.501501 -0.864249 -0.688523 -0.052737 0.296103 -0.508785 0.486080 0.447116 0.120923 -0.073164 0.116902 -0.160034 0.253324 0.464029 0.061834 -0.235430 -0.323547 -0.203200 0.118135 0.048161 -0.342375 0.488898 0.078255 0.005904 0.279690 -0.248859 -0.072767 -0.299402 -0.070464 0.043360 0.405295 0.874061 0.464578 1.050696 -0.639260 0.340169 0.468386 0.204537 -0.795838 0.697321 -0.054866 -0.143151 0.397912 -0.194116 0.365709 0.254354
evolution 0.368201 -0.104957 0.232455 0.158062 0.015758 -0.265421 0.390299 -0.568897 -0.639155 0.378053 0.226475 -0.554875 0.004867 -0.044559 -0.477711 -0.773826 -0.042330 0.426523 -0.135613 0.236633 -0.050478 0.290700 -0.048903 0.286841 0.275905 0.239106 -0.362494 0.306622 -0.217400 -0.909193 0.095567 0.697123 -0.212355 -0.387329 -0.080467 -0.354039 -0.082686 0.030140 0.673852 0.727366 0.554943 -0.158550 -0.001547 -0.346259 -0.026304 0.190520 -0.027230 -0.367290 -0.314429 0.705928 -0.292451 -0.824566 0.333133 0.544517 -0.210869 -0.690637 -0.358725 0.545401 0.565178 -0.087440 0.926818 -0.429750 -0.143869 -0.224151
explains 0.481361 -0.335568 0.506794 0.282071 0.227136 -0.350639 0.428269 -0.336699 -0.205738 0.570054 0.396733 -0.339663 0.231395 -0.139744 -0.331979 -0.382711 -0.087823 0.563279 -0.236824 -0.245156 -0.266884 0.393350 -0.431681 0.379057 -0.219510 0.162765 0.569775 0.283024 0.258892 -1.026740 -0.227685 0.529606 -0.121464 -0.229240 -0.121127 -0.491001 -0.002603 -0.294598 0.590096 0.259876 0.184723 -0.279534 0.110043 0.188927 -0.085443 -0.073412 0.009662 -0.282820 -0.276886 0.832964 -0.060898 -0.768552 -0.059106 0.426988 -0.121748 -1.004512 -0.064782 0.169405 0.116845 -0.158295 0.275617 -0.123249 -0.329505 -0.629846
species -0.151126 -0.442400 -0.383421 0.372282 0.431744 -0.667314 0.459464 -0.141180 0.103458 0.660834 0.635209 -0.557811 0.296434 -0.291670 -0.021965 -0.457823 0.059225 0.164992 0.043015 -0.206704 0.079940 0.301943 -0.829298 0.483117 0.025155 -0.051411 0.779505 0.356750 0.310036 -1.070378 -0.189747 -0.108022 0.042329 0.069855 -0.072954 -0.641873 -0.003212 -0.076911 0.108205 -0.207072 0.347027 -0.001696 -0.016080 0.190810 0.513015 -0.120783 0.172079 -0.678964 -0.032534 -0.434819 -0.059434 -0.052351 0.038745 -0.021582 -0.190370 -0.599453 -0.208348 0.485062 0.326704 -0.630812 0.634776 -0.433836 0.152290 -0.162977
change 0.041934 -0.350877 -0.159297 0.968948 0.821837 -0.019016 0.017776 -0.089300 0.019067 0.689665 0.287042 -0.260660 -0.132338 -0.246905 -0.090290 0.100900 0.299459 -0.385339 0.188526 0.170016 -0.132844 0.044699 -0.382286 0.565979 0.170460 0.025031 0.437734 0.348573 -0.059687 -0.804505 -0.247752 0.046393 -0.101968 -0.485042 -0.603427 -0.923419 0.005681 0.154701 0.534211 -0.527554 0.040813 -0.165847 0.512105 0.178350 0.398478 0.079392 0.020609 -0.668308 0.162718 -0.462999 0.169845 -0.688154 0.029844 -0.084236 -0.291907 -0.818587 0.227838 0.728089 0.058232 -0.580184 0.239943 0.004417 0.211326 -0.027182
over -0.508470 -0.202550 0.097153 1.073298 0.666851 0.551574 0.085663 -0.052248 0.171717 0.640092 0.593777 -0.231154 -0.318571 -0.302547 0.042726 -0.261729 -0.004085 0.134479 -0.114491 -0.109479 -0.326808 0.448201 -0.232435 0.180488 -0.183794 -0.173078 0.651450 0.327559 0.339463 -1.452007 -0.067234 0.090384 0.020718 -0.175327 -0.590871 -0.893422 -0.126912 0.201434 0.118519 0.400378 0.328739 -0.140079 0.059823 0.291553 0.294747 -0.043105 0.184042 -0.616208 -0.157765 -0.456349 0.225815 -0.352545 0.181062 0.010509 -0.058449 -0.655391 -0.051348 0.593984 -0.436572 -0.149782 0.415968 -0.264248 -0.286836 0.383727
time -0.104303 -0.153299 0.196436 1.271956 0.873169 -0.286947 0.151854 -0.157941 0.145092 0.117530 0.221833 -0.896287 -0.545804 0.235741 -0.262808 -0.307951 -0.023185 0.389475 0.348983 0.207976 -0.293664 0.520005 0.445963 0.364535 -0.108952 0.110213 -0.576712 0.038876 0.126797 -0.684680 0.089537 0.250311 0.564372 0.036690 0.121247 -0.741729 0.210087 -0.357066 0.488074 0.045034 0.298706 0.037110 -0.061289 -0.017407 -0.312430 -0.197112 -0.356318 -0.873519 0.368322 -0.644877 0.244469 -0.410851 -0.197576 0.363300 -0.216194 -0.001528 -0.089326 0.560818 0.379450 -0.374375 0.194216 -0.191673 -0.039012 0.591787
grief -0.083764 -0.285240 0.449658 0.022296 -0.016627 -0.803099 -0.067136 -0.096960 0.504912 0.422279 0.468313 -0.498626 -0.381164 0.821644 -0.459075 0.049753 -0.590853 -0.016102 -0.512891 -0.224951 0.558199 -0.059862 1.002584 0.927022 -0.319717 -0.515015 -0.687766 0.794978 -0.141675 -0.250184 0.003825 0.344589 -0.395818 0.160319 -0.293179 0.421166 -0.171504 0.175257 0.197216 0.536111 -0.200965 -0.536145 -0.292296 -0.269493 -0.441494 -0.508314 -0.025275 -0.008932 -0.278376 0.206604 -0.078612 -0.356834 0.091613 -0.022212 0.142553 0.037063 0.144915 -0.469271 -0.040628 0.217903 0.034052 0.523076 -0.467304 0.109671
price -0.433632 -0.287788 0.007034 0.078979 -0.028857 -1.234341 0.209403 0.395578 0.246834 0.592980 0.333524 -0.377585 -0.470151 1.064530 -0.623124 -0.251256 -0.079926 -0.209997 -0.838942 -0.226476 0.249255 -0.596826 0.249464 0.027128 -0.897086 -0.630081 0.004800 1.056091 0.354346 -0.489278 0.290954 0.323303 -0.029959 0.268908 0.250674 0.975639 0.246791 0.160525 -0.223723 0.256171 0.312526 -0.419135 0.590413 -0.012468 -0.140862 0.056579 -0.064152 -0.407085 -0.424371 -0.108079 0.356710 0.038115 -0.292494 -0.090403 -0.215041 0.368584 -0.191720 -0.874925 0.095465 -0.398432 0.007004 0.698104 0.413019 -0.171467
we -0.556444 -0.556147 -0.380175 0.529394 0.087094 -0.454586 0.327261 0.383086 0.109918 0.586838 0.511948 0.223676 -0.086323 0.683496 -0.569818 -0.525981 0.142518 -0.541296 -0.693196 -0.168249 -0.052264 -0.274419 0.380782 0.471204 -0.815776 -0.896174 -0.022565 0.873791 0.284018 -0.522557 0.371426 0.167162 -0.068990 -0.073320 -0.412461 0.280446 0.119874 0.654913 -0.005534 -0.214774 0.393968 -0.785771 0.466594 -0.198245 0.047288 0.001139 0.286745 -0.412118 -0.061519 -0.781789 0.959576 0.377001 -0.260114 -0.374611 0.370487 0.122329 -0.597805 -0.643341 0.450506 0.126748 0.044886 0.722058 0.376118 -0.014288
pay -0.986542 -0.209085 -0.378933 0.374970 0.114390 0.005138 0.158554 0.698143 0.066661 0.725268 0.060706 0.247369 -0.904394 0.403804 -0.501240 0.072847 0.221710 -0.535209 -0.633077 -0.230680 -0.328414 -0.542059 0.455171 -0.058609 -0.873362 -0.096584 -0.115072 1.056169 0.715759 -0.343840 -0.063906 0.235408 -0.336203 -0.042169 -0.686312 0.540928 0.030064 0.172082 -0.131738 0.138894 0.720006 -0.264650 0.570840 -0.132242 -0.186770 -0.033728 0.476036 -0.519211 -0.123218 -0.600843 0.469985 0.316570 0.120176 0.003276 -0.108951 -0.344073 -0.019346 -0.912904 -0.275812 0.076126 -0.242941 0.686952 0.085313 -0.039672
mount 0.067625 0.051985 -0.008385 0.033353 -0.259910 -0.567367 0.145529 -0.102468 -0.323733 0.181432 -0.201071 -0.384888 0.380706 -0.174180 0.090723 0.291627 -0.496350 -0.103861 -0.557705 0.146521 0.776910 -0.460909 0.580136 -0.243657 -0.376330 -0.355305 0.057056 0.338150 0.362484 -0.633590 0.143268 0.000783 -0.880756 0.293016 -0.212457 0.401398 0.150083 0.075993 -0.444759 0.158961 0.482500 -1.063755 -0.126510 -0.071743 -0.986011 0.014814 -0.660808 -0.335930 -0.653952 0.428885 -0.412683 -0.174280 -0.453608 -0.059797 0.115575 0.262600 -0.120214 0.541042 0.101413 -0.085620 0.068648 -0.226706 -0.303153 -0.163169
everest 0.188831 0.046612 0.365025 0.030124 -0.131742 -0.808702 0.250463 -0.173563 0.217668 0.167751 0.520001 -0.369534 0.607407 -0.078092 0.188094 -0.107951 -0.244415 -0.213422 -0.457271 -0.128230 0.272087 -0.361700 0.299133 -0.508640 -0.585288 -0.095885 -0.006591 0.114162 0.724153 -1.012127 0.536934 0.668162 -0.993582 0.961031 0.541913 0.657243 -0.089347 -0.143908 0.136155 -0.009023 0.323350 -1.400638 -0.018561 -0.269438 -0.774196 -0.009698 -0.501169 -0.220417 -0.692014 0.435686 -0.504858 -0.140735 -0.433442 -0.313257 0.321823 0.258274 0.312674 0.791895 -0.094618 -0.020039 0.059000 0.046046 -0.194695 -0.104585
highest -0.337536 -0.532560 -0.335700 0.215082 0.367066 -0.666998 0.134623 0.015267 -0.013220 0.197307 -0.479029 -0.173492 0.578215 -0.260477 -0.029555 -0.084719 -0.279127 -0.989292 -0.166864 0.005428 0.485301 -1.066723 -0.184176 0.018101 -0.589003 -0.065250 0.863423 0.563478 0.374261 -0.466324 0.638744 0.200366 -0.337181 0.483809 0.064785 0.390678 -0.305084 0.114916 -0.037153 -0.396557 0.925806 -0.876367 0.326556 -0.104012 -0.685307 0.097784 -0.133773 -0.389985 0.133221 0.178498 -0.260519 0.626029 -0.425468 -0.977693 0.430978 0.263347 -0.317164 1.426875 0.471560 -0.219637 0.462666 -0.630721 0.552670 -0.031984
mountain 0.186511 -0.340474 -0.263691 0.595874 0.557019 0.405593 0.185510 -0.170975 -0.223674 -0.083440 -0.313713 0.456030 0.118088 -0.596610 0.550225 -0.329829 0.104563 -0.757028 0.000048 0.318231 0.411603 -0.110665 -0.481563 -0.202266 -0.615036 0.690039 0.066795 0.253108 0.078458 -0.628923 0.488001 0.518907 -0.728631 0.475867 0.028368 -0.014146 -0.299192 -0.159208 0.020461 -0.246460 0.408382 -0.655800 -0.228362 -0.036855 -0.510328 -0.269744 0.268173 -0.029736 0.201188 -0.065720 0.187918 0.659486 -0.975696 -0.494485 -0.079840 -0.461976 -0.303080 0.436183 0.067412 0.567175 0.193628 -0.053342 -0.633677 0.742020
cricket 0.165994 -0.066906 0.489465 0.043332 -0.624340 0.398752 -0.230413 0.258960 -0.271353 -0.565186 0.485436 0.415438 0.050280 0.389121 0.582663 -0.115732 -0.259534 -0.247150 0.004388 0.147787 0.551349 -0.305467 0.576294 0.654133 -0.171853 -0.169548 -0.138060 -0.153095 0.025380 0.452299 0.260416 -0.242072 -0.137561 0.416078 0.385630 -0.456288 -0.001419 -0.780562 -0.354493 0.548053 -0.289523 -0.272435 -0.366187 0.357651 -0.174933 0.256740 0.272208 -0.118940 -0.455673 0.359381 0.025663 -0.401942 -0.158682 0.066303 -0.333958 0.335719 0.632110 0.235671 0.131406 -0.555948 0.105844 0.165773 0.373705 0.207379
bat -0.350795 -0.150927 -0.138939 -0.394435 -0.855250 -0.527066 -0.498389 -0.688901 -0.303098 -0.692530 0.562289 -0.508119 -0.256145 0.867772 0.433809 0.028433 -1.196370 0.374078 0.133256 -0.147322 0.767538 -1.107163 0.418783 0.156024 0.020860 -0.350249 -0.579311 -0.077695 0.394690 0.011822 0.861981 -0.043298 -0.040488 0.292031 0.459944 -0.115152 -0.325877 -1.037906 -0.927942 0.730378 -0.204207 -0.326215 -0.065674 0.862722 -0.167993 0.428160 0.432408 -0.579325 0.217101 0.460624 0.390031 -0.058518 -0.324843 -0.500891 -0.762554 0.883714 0.264313 -0.034551 0.202264 -1.117882 -0.170163 0.335677 0.162537 -0.466491
ball -0.432270 -0.013098 0.142526 0.874676 -0.166325 0.108557 -0.050743 -0.017522 -0.012330 -0.325605 -0.500229 -0.237688 -0.071165 -0.548861 0.138404 -0.516933 -0.330063 0.195458 -0.397344 0.044805 0.074876 -1.032007 -0.154592 0.370550 0.220513 -0.211456 -0.733283 -0.661596 0.129813 -0.760846 0.780054 0.264882 -0.061345 0.267992 0.079457 -0.348823 -0.302137 -0.200826 -0.251813 0.093934 -0.148341 0.186433 0.113945 0.527003 -0.448218 0.579947 0.073077 -0.211219 0.247682 -0.390511 -0.024232 0.005195 0.159603 -0.662451 -0.224013 -0.020495 0.355603 -0.264387 -0.221838 -0.290322 -0.642260 -0.294505 0.222053 0.069419
sport -0.812804 -0.284813 -0.217450 -0.232471 -1.097995 0.533198 0.045662 -0.055521 -0.132956 -0.301666 -0.253863 0.371090 -0.378865 0.048843 0.366907 -0.177738 -0.109976 -0.192928 -0.296472 0.202030 0.240902 -0.654870 -0.156087 0.462644 0.080917 0.000494 -0.214473 -0.006309 0.826021 -0.152428 1.140739 0.369305 -0.396409 0.216706 0.178903 -0.258834 -0.962432 -0.670025 -0.450266 0.666676 0.344472 -0.017039 0.233126 -0.078171 0.368416 0.260768 0.391962 -0.429650 0.203798 0.330108 0.455308 0.370589 -0.396865 -0.253677 -0.356343 -0.166910 -0.009947 -0.094857 0.034157 -0.349727 -0.286004 0.787171 -0.708543 -0.469592
pacific 0.414335 -0.332286 0.340370 0.469306 0.125541 -0.320193 -0.154581 -0.389432 0.404162 0.520061 1.371291 -0.644351 0.418948 0.649162 -0.366700 -0.293497 0.187586 -0.070371 -0.382787 -0.378209 0.250993 -0.623207 0.464967 -0.494882 -0.043793 0.136352 -0.147160 0.304094 0.535699 -0.058048 0.003193 0.163821 -0.230344 0.045347 -0.233787 -0.150028 -0.352709 -0.298714 -0.514249 0.241043 0.667939 -0.579497 0.239252 0.157806 -0.483166 0.532962 0.089454 0.517121 -0.027228 0.680069 -0.292825 -0.724778 0.794005 0.060336 0.173123 0.915704 -0.063258 -0.334815 0.129455 -0.325936 0.606954 -0.087109 -0.077745 0.481007
ocean 0.696523 -0.268084 0.691638 0.505171 0.448702 -0.096892 -0.345556 0.006272 -0.064932 -0.138163 0.570232 -0.387487 0.160667 0.391255 0.004254 -0.687657 0.092423 0.055068 -0.222836 -0.246351 -0.657790 -0.369594 0.057441 -0.377238 0.083409 -0.092111 0.047563 -0.289440 0.514090 -0.315163 0.077330 -0.392994 -0.253127 -0.303814 0.266893 0.359440 -0.090733 0.118363 -0.623143 0.762085 0.254599 -0.965439 0.193236 0.194278 -0.416656 0.190064 0.053688 -0.017611 -0.094289 -0.206792 -0.097886 -0.082057 0.085637 -0.075881 0.652272 0.400396 -0.149551 -0.152093 -0.203398 -0.030203 0.052701 -0.010190 -0.016069 0.020180
body 0.000696 -0.703194 0.094073 -0.255851 0.376944 0.649744 -0.057239 -0.175224 0.024425 -0.158894 0.587320 -0.180953 -0.501356 0.492893 0.672198 0.571555 0.973867 -0.290923 0.052157 0.033187 -0.478780 -0.159189 0.448041 -0.907763 0.057323 0.751087 0.101119 0.011105 0.328871 -0.141404 0.177295 0.349191 -0.238889 -0.193310 -0.394089 -0.309316 -0.175856 -0.288327 -0.136892 0.594299 0.300534 -0.258635 0.433391 0.228890 -0.890641 0.216665 0.256644 -0.270781 0.254637 -0.009319 0.037747 0.062364 -0.375285 0.146940 -0.186641 0.575249 -0.272425 -0.036505 0.060831 -0.096243 0.130341 -0.459790 -0.123022 0.437658
meat 0.455809 -0.440454 -0.073107 -0.058826 -0.529850 0.387529 -0.610438 0.019160 0.083303 0.017053 0.396626 -0.128815 0.011840 -0.363045 -0.059143 0.327750 0.275966 0.454827 -1.140586 0.394717 0.267898 0.270565 0.345660 0.236579 0.284562 0.141647 -0.238188 -0.014016 -0.090404 -0.458047 -0.475022 -0.218554 -0.500836 -0.070437 -0.170927 0.082962 1.000025 -0.888768 0.475537 0.488089 -0.578524 0.090078 -0.155535 -0.419502 -0.156575 -0.274747 -0.146540 -0.127443 -0.195299 0.081405 0.237084 -0.497645 -0.749427 -0.348899 -0.049582 -0.174503 -0.300065 -0.745944 -0.392610 -0.502823 0.162795 -0.550177 -0.171036 -0.345925
fish 0.363702 -0.754902 -0.761770 -0.592494 -0.392722 -0.149867 -0.634001 0.385764 -0.004079 0.222247 0.110753 0.176033 -0.041956 -0.411619 0.103718 -0.351356 -0.516404 0.284943 -1.300037 -0.380283 -0.074794 -0.365282 0.093255 0.118351 0.245625 -0.169484 -0.525937 0.231862 -0.035020 -0.084975 -0.305333 0.437307 -0.355791 0.161866 0.180815 -0.175065 0.392181 -0.081549 0.484578 -0.384133 0.120783 0.070491 -0.066337 -0.134243 0.133359 -0.888768 0.271288 0.030930 0.015623 0.564938 -0.018240 -0.741913 0.006223 -0.066518 0.270947 0.022510 -0.215843 -0.507496 0.104238 -0.538805 -0.286992 -0.464089 -0.071705 -0.219633
provide 0.126692 -0.784209 -0.761747 -0.354934 -0.401772 -0.434509 -0.357321 0.306124 0.622755 -0.525113 0.312373 0.025682 0.161125 0.204139 0.139066 0.297339 -0.124438 0.237922 -1.408248 -0.312696 -0.373702 -0.288243 -0.607209 0.002057 -0.014241 0.177630 -0.181528 0.088884 0.671087 -0.339687 -0.787928 0.242692 -0.213713 0.271673 -0.055778 0.092291 0.853004 -0.265828 -0.167673 -0.301824 0.451684 -0.268945 0.035473 0.352072 -0.017792 0.324474 0.201782 -0.495022 -0.369840 -0.394460 -0.113690 -0.598400 -0.588776 -0.496715 -0.450881 -0.362119 -0.185075 -0.464254 -0.168921 -0.585446 -0.631888 -0.865154 0.925836 -0.019680
protein -0.166031 -1.097441 -1.217983 -0.041275 -0.547519 0.027658 -0.771397 0.471171 0.534548 -0.302550 0.195881 0.042264 0.108706 0.129476 -0.356259 0.436833 -0.560362 -0.130099 -1.009090 -0.159846 0.229614 0.074783 0.088619 0.401151 0.153176 0.376928 0.214663 0.126745 0.061953 -0.391922 -0.641547 -0.193117 -0.668601 -0.226893 -0.451306 -0.342105 0.977477 0.039358 -0.259676 -0.518296 0.278828 -0.476375 -0.080244 0.155760 0.173559 0.075919 0.311415 -0.561367 -0.154258 -0.360591 0.043241 -0.305156 -0.832986 -1.114238 -0.262358 -0.022596 -0.161673 -0.443717 0.189284 -0.489764 -0.450434 -0.908205 0.386195 0.224512
diet -0.174689 -0.612558 -0.027423 -0.275314 0.043713 0.461297 -0.393844 0.771768 -0.137529 0.421219 0.111116 0.078241 -0.273472 -0.461670 0.300945 0.737081 -0.192029 -0.246716 -0.285100 -0.241738 -0.530408 0.502386 0.005170 0.273108 0.282990 0.638194 -0.070777 -0.429899 0.012032 -0.688305 -0.224046 -0.049802 -0.193249 0.048346 -0.598620 0.030576 0.600666 -0.086831 -0.374158 0.959650 -0.291812 0.203341 0.454314 0.118202 -0.235982 0.139569 0.150935 -0.552936 -0.637060 -0.325307 0.165991 -0.309282 -0.502576 -0.241470 -0.341549 0.069911 -0.192732 -0.320862 -0.304854 0.304708 -0.198201 -0.898981 0.036303 0.688071
sensors 0.459596 -0.230816 -0.235298 -0.281026 -1.106884 -0.046468 -0.555089 -0.240411 -0.306497 -0.156061 0.132670 0.093428 0.119416 -0.398028 0.629747 0.326053 -0.210713 0.637723 0.032487 -1.335687 -0.156005 -0.073425 0.099425 0.417004 0.156756 0.546186 -0.078968 0.750705 0.000446 0.225583 -0.089595 -0.179376 0.075986 0.111861 -0.372359 0.338021 0.549013 0.022318 -0.065769 0.326560 0.045607 -0.616702 -0.131612 -0.860793 0.028626 -0.541972 -0.138934 0.068316 0.148539 0.470976 0.141500 -0.140923 0.039406 0.065930 0.004199 -0.078440 -0.264693 -0.197800 0.296785 0.154462 0.354068 -0.052673 0.236147 0.145695
detect 0.584444 -0.250658 0.053111 0.131004 -0.962404 -0.212803 -0.508622 -0.104852 0.012071 -0.302725 0.041243 0.137387 0.343008 0.217983 0.522842 0.104110 -0.268584 0.776403 -0.239350 -1.811651 -0.249819 -0.392544 -0.215992 -0.028691 -0.048274 0.757746 0.276319 0.803244 0.085714 0.500026 -0.141703 0.442391 -0.375295 0.419912 -0.216255 0.425878 0.763976 -0.076626 0.185431 0.202656 0.332754 -0.425059 -0.219872 -0.774217 0.058829 -0.494866 -0.037820 0.003168 0.280313 0.385885 0.300931 -0.680219 0.092362 -0.405540 -0.402211 -0.004961 0.089813 -0.205208 0.410634 -0.287637 0.472473 0.329270 0.311551 -0.426103
changes 0.331170 -0.743298 -0.234536 -0.187893 -1.048716 -0.761052 -0.600725 0.054353 0.024876 -0.498844 0.502689 -0.039196 0.439823 0.496677 0.282568 -0.522391 -0.573318 0.751080 0.060863 -1.857238 0.355406 -0.467266 -0.249554 -0.144523 0.384101 0.681649 0.332911 0.292752 -0.006785 0.330400 0.054109 -0.372178 -0.498062 0.092810 0.004354 0.267720 0.867607 0.073691 -0.218178 0.292696 0.445971 -0.355697 -0.436762 -0.440872 0.303304 -0.144719 -0.031007 -0.204426 0.085953 0.318846 0.230677 -0.246229 0.140741 -0.278053 -0.394587 0.177743 -0.582083 -0.383808 0.109624 -0.696651 0.485129 0.087150 -0.324886 -0.291641
temperature -0.026944 -0.330312 -0.421804 0.385140 -0.731500 -0.466900 -0.676978 -0.432836 0.160321 0.257066 -0.027375 -0.084747 0.156476 0.286904 0.337471 0.084301 -0.284857 0.362673 0.132447 -1.367998 0.250713 -0.263424 -0.421010 0.245440 0.284826 1.045829 0.571678 0.272057 0.348462 -0.000254 -0.021485 -0.228672 -0.358490 0.045532 -0.551509 0.049042 0.280527 0.070264 -0.267392 -0.333295 0.169177 -0.768359 -0.321880 -0.186909 0.692073 0.095021 0.099055 0.016782 0.179343 -0.094851 0.431276 -0.061331 -0.244984 -0.720164 -0.145557 -0.045984 -0.126038 -0.151135 0.313022 -0.318896 -0.321606 0.041150 0.271829 -0.187151
pressure 0.059528 -0.177915 -0.216027 0.722317 -0.483336 0.358810 -0.503269 -0.224963 0.304020 0.628607 -0.054675 -0.013012 0.031921 0.267180 0.654820 0.358150 -0.577290 0.689331 0.207510 -1.298978 -0.258816 0.198074 0.210763 -0.389715 0.205307 1.076616 0.504507 0.492306 0.057614 -0.242161 0.138960 -0.027461 -0.304208 0.732453 -0.375492 0.139875 0.298912 -0.343168 -0.107228 0.550230 0.358491 -0.250198 -0.338699 0.130301 0.770160 0.452827 0.012628 -0.061572 0.271133 -0.409780 0.020828 -0.268234 0.286218 0.092249 0.071770 -0.032874 0.149494 -0.433268 -0.530795 -0.117902 -0.590431 -0.323014 0.115489 0.041409
basketball -0.178314 0.373853 -0.117619 -0.007870 -0.179850 -0.169807 -0.134532 0.098191 -0.567354 -1.116862 -0.263857 -0.266577 0.191823 -0.146062 0.765483 0.202943 -0.906935 0.227823 -0.104678 0.404929 0.467032 -0.296560 -0.237861 0.357724 0.601465 -0.944245 -0.583438 0.074326 0.401081 0.526577 0.086230 0.342689 -0.215507 0.240987 0.338470 -0.925557 -0.410653 0.107397 -0.091680 0.473313 -0.045405 0.024143 -0.380273 0.571543 0.124678 -0.164305 0.286489 -0.370901 -0.019318 0.674237 0.152936 -0.821600 0.026545 -0.126601 0.383514 -0.111525 0.080881 0.336101 -0.331463 -0.055740 0.052614 -0.267813 -0.454348 0.358347
throwing -0.158385 -0.273321 0.026896 0.688334 -0.214286 -0.581128 0.050945 0.124299 -0.717990 -1.135987 -0.107561 -0.214288 0.327263 -0.585039 0.526732 0.080931 -0.798758 0.358777 -0.354270 0.328766 0.839491 -0.388093 -0.292811 0.457950 0.585168 -1.235800 -0.675101 0.160842 0.157893 -0.362165 -0.329642 -0.098437 0.009215 0.404853 1.182607 -0.580456 0.118658 0.310355 0.117867 0.404997 0.152223 0.022988 -0.287368 1.032635 0.043946 -0.163104 0.238985 -0.791717 0.344735 0.450610 -0.002456 -0.253298 0.525792 -0.082467 -0.024568 -0.173031 -0.244625 0.052699 -0.155663 0.096812 0.163711 -0.157245 -0.523968 0.154594
hoop -0.706073 0.434829 0.260122 -0.179892 0.292460 -0.065752 0.117553 0.074362 -0.686222 -0.393826 -0.981953 0.387191 -0.376644 -0.000335 0.865314 -0.029720 -0.597893 0.139360 -0.031280 0.204147 0.566832 0.091998 -0.104071 0.498273 0.240640 -0.318735 -0.163375 -0.069145 0.917459 -0.173396 -0.025073 -0.065931 0.237708 0.215931 0.076323 0.080382 -0.460137 0.463811 -0.648476 0.506913 0.069231 0.394159 0.080207 0.670579 -0.275111 0.145670 0.334171 -0.798586 0.588280 -0.027568 -0.033796 -0.009998 0.051833 -0.116121 -0.436447 -0.577761 0.478766 0.113326 -0.815089 0.090274 0.263967 0.182039 -0.270787 0.512560
york 0.439698 0.292255 0.115668 -0.401743 -0.753767 -0.206064 0.273293 0.684781 0.292145 -0.201395 -0.150697 -1.533241 0.438388 -0.320329 0.903241 -0.620060 -0.040740 -0.721094 0.027864 0.015934 0.431647 0.228047 -0.039269 0.194028 -0.269244 -0.213137 -0.246558 0.310439 0.580940 -0.188881 0.172975 0.245970 0.435893 0.464714 -0.081732 0.677994 0.646939 -0.075274 0.352271 0.535562 0.016255 -0.224852 -0.706550 0.364119 -0.656795 0.171020 0.408278 -0.232948 0.130855 0.611733 -0.029294 0.011950 -0.816258 -0.102116 -0.190797 -0.128768 0.433573 -0.427916 -0.530435 -0.565095 0.538261 0.469768 -0.154802 -0.129481
large 0.242083 -0.327567 -0.916483 0.205553 -0.356341 -0.183440 0.208780 0.512178 0.206684 0.444485 -0.666354 -0.803158 0.609235 0.598885 0.283151 -0.163931 -1.066643 -0.619746 -0.099524 -0.007283 0.637409 -0.699379 0.141541 0.594909 0.077136 -0.258075 0.116804 0.089210 0.626536 -0.168749 -0.169293 0.785819 0.873230 0.121553 -0.220849 0.417207 0.358905 -0.362212 0.545924 -0.436970 0.143101 -0.100518 -0.216956 0.463209 -0.579331 -0.174400 0.601930 0.221714 0.406117 -0.344786 -0.067663 0.623542 -0.102761 -0.466862 -0.057576 -0.441555 0.082975 0.377960 0.266551 -0.402236 0.495981 -0.048093 0.886645 -0.308327
busy 0.257188 -0.601546 -0.519029 0.418434 -0.138303 0.686456 -0.149803 0.331397 0.769928 0.370967 -0.835099 -0.425114 -0.641807 0.393310 0.271757 -0.561629 -1.323450 -0.732555 -0.075850 0.018370 -0.068953 0.197459 0.176107 0.271437 -0.322853 0.055054 0.322946 0.123500 0.153384 -0.387311 -0.031761 0.976071 0.183569 0.132791 -0.267211 0.634219 0.290771 0.006209 -0.487904 0.448593 0.056667 -0.026232 -0.473045 0.334918 -0.404636 -0.590651 0.421396 0.367234 -0.007621 -0.277819 -0.055989 1.152091 0.085869 -0.417782 -0.885355 -0.459637 0.114274 0.227475 -0.542041 -0.251573 0.405234 0.101328 0.364791 -0.074816
covers 0.983992 -0.654145 0.450278 -0.099637 -0.251606 -0.439144 -0.332769 -0.474263 -0.108479 -0.540691 0.016214 -0.726333 0.806715 1.059600 -0.185476 -0.528035 0.051882 -0.069806 -0.462912 -0.639542 0.113820 0.028770 -0.113911 -0.387770 0.028169 -0.113603 -0.449811 0.137708 0.293705 0.139435 0.581113 -0.173748 -0.019155 -0.132765 0.524678 0.324077 -0.133740 -0.473056 0.078926 0.476175 0.045139 -1.330949 0.593092 0.272984 -0.298159 0.429511 0.229643 -0.081063 1.090757 -0.175295 -0.054378 -0.391406 0.320821 -0.016342 0.687815 -0.339414 -0.330046 -0.343389 -0.640717 0.153158 0.016017 -0.357567 0.161402 0.230438
most 0.756230 -0.009662 0.212017 -0.566637 0.465257 -0.563512 -0.932633 0.050768 -0.066514 -0.485593 0.419168 -0.758744 0.676400 1.160826 -0.522215 0.611377 -0.352950 -0.399629 -0.191259 -0.052003 0.175127 -0.205200 -0.421273 -0.681963 0.228645 0.023294 -0.380877 0.698381 0.105438 -0.379021 -0.287360 0.245519 -0.658913 -0.072614 -0.072377 -0.365054 -0.048371 -0.591333 -0.466016 0.466168 0.139247 -0.932623 1.244982 0.808765 -0.158556 0.286508 0.000396 -0.159344 0.484987 0.325886 0.144325 -0.179777 -0.222625 -0.565824 0.615046 1.039143 -0.350159 -0.204462 -0.889727 0.155149 -0.095678 -0.256840 0.558843 0.545838
surface 0.151895 -1.097425 -0.052972 0.244847 0.935437 0.033458 -0.415829 -0.628119 0.137351 -0.195430 -0.182594 0.066951 -0.005495 0.617236 -0.074428 -0.429140 0.182429 -1.150579 -0.182006 -0.638861 0.282268 0.086614 -0.037896 -0.557833 0.431083 0.461936 0.011281 0.476660 -0.006167 -0.458157 0.890906 -0.010919 0.141095 -0.192815 0.374367 -0.308985 -0.411813 0.178800 -0.511143 -0.167754 0.428284 -0.900535 0.628616 0.007929 -0.036330 0.397589 0.155521 -0.390391 1.846479 -0.547190 -0.453813 0.410268 -0.207474 -0.043119 0.272310 0.092885 -0.465125 0.225306 0.001456 0.381292 0.242519 -0.604177 0.047431 1.291449
clouds 0.750006 -0.530246 0.852914 -0.201021 0.724137 0.117751 -0.148051 -0.213621 -0.409892 -0.382781 -0.093340 -0.344545 0.501506 0.127639 -0.044702 0.032139 0.727369 -0.272275 0.521072 -0.346145 0.206763 -0.477188 0.351175 -0.289681 0.417866 0.065034 -0.515022 -0.037778 -0.700449 0.016154 0.716110 0.559879 0.294294 0.833121 0.263112 -0.181284 -0.314651 -0.501450 0.204564 0.441017 -0.217456 0.113608 0.074125 -0.538770 -0.081585 -0.475702 0.087724 0.470228 0.126677 0.629846 0.263448 -0.216653 -1.096920 0.582512 -0.210121 -0.005417 -0.624151 -0.022481 -0.078895 -0.061738 -0.245579 -0.046572 -0.534902 -0.197568
made 0.259164 -0.726597 -0.009296 0.472338 -0.274922 -0.341278 0.194850 -0.388323 0.164049 -0.275196 0.230515 -0.417959 0.937435 0.517269 -1.048236 -0.148729 0.534089 -0.116827 -0.174767 -0.133038 0.405618 -0.916301 0.187652 -0.582222 0.438863 -0.312197 -0.046475 -0.023329 -0.094169 -0.005452 0.265513 0.875896 0.013728 0.769929 0.137475 0.994852 0.155106 -0.740886 -0.377568 -0.008591 -0.196468 0.347523 0.395671 -0.025456 -0.252651 0.489253 -0.152762 -0.180294 0.512641 0.467271 0.291456 0.276361 -0.289038 0.486429 -0.714257 0.288934 -0.109874 0.050943 -0.109420 -0.134452 0.209611 -0.306369 0.103360 -0.045722
tiny 0.465417 -0.544686 -0.206558 -0.469312 0.123181 -0.222517 -0.009325 0.189046 0.110853 -0.653961 -0.075963 0.348439 0.242508 -0.224927 -1.015945 -0.057778 0.264211 0.061559 0.264278 0.247252 -0.434851 -0.399485 0.101144 -0.049856 0.574765 0.187072 0.289480 0.113331 -0.391571 0.135742 0.081664 0.537938 -0.125390 0.455623 -0.897537 0.140630 0.118601 -0.185057 -0.210306 -0.672325 -0.060745 -0.255396 0.524601 -0.152075 -0.047784 -0.145566 0.511188 0.709276 -0.068759 -0.204503 0.146633 -0.228254 -0.313452 0.569913 -0.427763 -0.064916 -0.880920 0.172803 0.287636 0.423138 0.112212 0.385549 -0.018518 0.168216
droplets 0.037272 -0.118596 0.170780 -0.068935 0.320938 0.448318 -0.051587 -0.287089 0.019199 -0.149765 -0.607379 0.445409 0.090733 0.368639 -0.138019 0.216587 0.534578 0.063857 0.117583 -0.069211 -0.226517 0.035288 0.254720 -0.959873 0.855577 0.306655 -0.739227 -0.158961 -0.263722 -0.354101 0.680796 0.667837 -0.362355 -0.001503 -0.921986 0.075068 0.278643 0.039376 -0.668396 0.365302 -0.308234 0.045278 0.487590 -0.806048 -0.550492 -0.248784 0.273396 0.111598 0.824972 -0.050172 0.066991 0.643525 -0.937287 0.376540 -0.683804 -0.025519 -0.171638 -0.089992 -0.288617 0.389800 -0.234459 0.335701 -0.198896 -0.004170
world -0.639681 0.397671 -0.213348 0.255155 -0.079667 0.754811 -0.213313 0.629301 -0.302193 0.485217 -0.233886 -0.073768 -0.218641 0.615302 0.267252 0.315630 0.001565 -0.130739 0.082907 0.486040 -0.255771 -0.236950 -0.546108 0.041794 0.032734 -0.197245 -0.250988 0.148094 0.606647 -0.277904 0.030091 -0.107397 -0.722061 -0.171642 0.059407 0.491327 -0.120860 -0.159958 0.293135 0.752863 0.117223 0.145244 0.238354 -0.046311 0.019807 0.535758 -0.268084 -0.007383 0.190226 0.055862 0.223205 0.155692 0.072759 -0.062411 0.709708 0.135136 -0.207916 -0.385872 -0.322003 -0.000988 -0.047925 -0.072425 0.032192 0.605210
carbon -0.046542 -0.168871 0.970287 -0.240138 -0.035867 -0.449407 0.364016 -0.274558 -0.064530 0.750655 0.511906 -0.287121 0.339083 0.198146 -0.070390 -0.199520 -0.546202 -0.157584 -0.286001 0.686505 0.250023 -0.183803 0.692835 0.202651 0.133493 -0.474419 -0.228667 -0.416103 -0.468838 -0.154387 -0.001789 -0.203908 -0.088935 0.426126 0.568378 0.036084 -0.607633 -0.453859 0.444848 0.044775 0.191255 -0.148908 0.116632 0.391709 0.163531 0.119141 -0.156810 -0.217150 -0.235864 0.372756 0.288774 -0.472040 -0.091450 -0.074006 0.266594 -0.034235 0.205475 0.183497 0.274399 0.352191 0.774022 -0.118022 -0.180968 0.385288
dioxide -0.090365 -0.499557 0.962938 -0.138879 0.096116 -0.275718 0.297838 -0.533015 -0.417066 0.725600 0.602908 -0.615787 0.338526 0.432747 -0.838801 0.221460 -0.722918 -0.565187 -0.307834 0.616275 -0.248801 -0.282311 0.176396 -0.285730 -0.055049 -0.021057 -0.392340 -0.156843 -0.527195 -0.257859 -0.122468 0.407156 -0.517441 0.970474 0.381082 0.580031 -0.603303 -0.369978 0.210605 -0.288183 -0.063353 -0.354668 -0.252841 0.419212 0.594084 0.480682 0.057164 -0.045480 -0.392670 0.348329 0.356919 -0.417221 -0.419632 0.156436 -0.126066 0.073938 0.618276 -0.269160 0.063306 -0.074822 0.694493 -0.030673 -0.090151 -0.261894
released -0.843887 -0.650245 0.297791 -0.168006 -0.210146 -0.511973 0.222812 -0.335561 -0.330779 1.196956 -0.195765 -0.340796 0.199229 0.436360 -0.504493 0.332150 -0.417022 -0.666971 -0.235413 0.385730 -0.033052 -0.195360 0.305450 -0.198778 -0.131857 -0.046155 0.025802 -0.076271 -0.027631 -0.287178 0.027667 -0.089721 -0.407285 0.268996 0.093446 0.710237 -0.664514 -0.192515 0.542336 -0.360901 -0.644169 -0.055699 0.187145 0.502120 0.182125 0.208236 0.569347 -0.569618 0.025189 -0.445139 0.618781 -0.148880 -0.361141 -0.024713 0.041428 0.076807 0.213192 -0.094160 0.295224 -0.477647 0.538533 -0.199079 0.533327 -0.169184
when 0.025304 -0.224089 0.075482 -0.386147 -0.132066 -0.337744 0.451172 -0.694610 -0.099849 0.385504 0.056258 -0.159439 0.194637 0.151205 -0.343073 -0.267614 -0.525808 -0.372363 -0.445269 0.673002 0.283723 -0.329549 -0.119825 0.124872 -0.262177 0.147971 0.227010 -0.088026 0.022690 0.171292 -0.126070 0.082854 -0.228414 -0.212984 0.070331 0.132000 -0.463038 0.651185 0.370746 -0.649186 0.133907 -0.232016 0.388179 0.542261 0.338623 -0.036409 -0.307622 0.087133 0.220704 -0.581916 0.253818 0.100376 -0.010337 0.547749 -0.061635 0.064413 -0.305837 -0.469905 -0.092457 -0.661862 0.602320 -0.959238 0.134637 -0.002123
fuel -0.798419 -0.323599 0.722103 0.607111 0.052218 -0.227973 0.373564 -0.253495 0.277787 0.568064 0.152979 0.045063 -0.329586 -0.103531 -0.873245 -0.571531 -0.441310 -0.460957 -0.313927 0.358589 -0.148685 0.033981 -0.026444 0.025916 0.088938 -0.239817 -0.083768 0.100406 0.200208 0.087016 0.000715 0.569631 -0.001144 0.070338 0.012753 -0.054484 -0.783643 0.329315 -0.076394 -0.540920 -0.376911 -0.194152 -0.165361 0.628029 0.335031 -0.078099 0.517594 -0.034112 -0.246573 -0.946577 0.385064 0.485698 -0.149130 0.490081 -0.242534 0.098622 -0.257825 -0.366883 0.199421 0.394677 0.073584 -0.017202 -0.285117 -0.488765
burns -0.954326 -0.206651 0.339112 0.181840 0.187688 0.130169 0.206970 0.008981 -0.088335 1.130749 -0.187958 -0.018412 -0.068034 0.466545 -0.492446 -0.111387 -0.615114 -0.318728 -0.224686 -0.092145 -0.456770 0.004523 0.258418 -0.280073 -0.035858 0.461703 -0.303763 -0.131958 -0.381492 -0.061498 0.063229 0.185860 -0.310105 -0.086860 0.054410 0.367729 -0.786876 0.034410 0.304603 0.420514 -0.215731 0.090569 0.137696 0.431313 -0.269963 0.021922 -0.168797 0.061620 0.416180 -0.756504 0.622738 -0.121483 0.060209 0.504746 -0.475723 -0.254085 0.549968 -0.907148 -0.167228 -0.074037 0.803587 -0.362423 0.095477 0.262139
internet 0.439077 0.324056 -0.037852 -0.723391 0.509606 0.412111 -0.550231 0.323298 0.611060 -0.394208 0.195596 -1.003906 -0.041723 0.468168 0.073930 -0.079288 -0.309006 -0.001165 -0.084707 -0.162959 0.614400 -0.142829 -0.283586 -0.312411 -0.665459 -0.605311 -0.782184 -0.075009 0.084296 -0.197728 0.388614 0.046646 -0.554793 0.085043 0.671717 0.300615 0.096880 0.201838 0.874310 -0.446937 0.352947 0.079436 0.278786 0.219127 -0.737124 0.434313 0.636581 -0.206174 -0.304386 0.563566 0.283069 -0.844369 0.525038 0.317733 0.518441 -0.159283 0.098613 0.090097 0.025697 0.007585 0.090212 -0.580358 0.725951 -0.292302
connects -0.338840 -0.359672 -0.583363 -0.168679 0.456502 0.289697 -0.558001 0.315495 0.504387 -0.737850 0.069160 -0.547378 -0.361321 0.196056 -0.035808 0.005233 0.116017 -0.294002 -0.029018 -0.172845 -0.295331 0.078352 -0.839949 -0.765544 -0.412412 -0.472956 -0.084206 0.009468 0.088730 -0.775257 0.476253 -0.038090 0.065368 -0.240973 0.733678 0.575904 0.204075 0.268386 0.954630 -0.672481 0.482373 0.432366 0.052206 0.865776 -0.040145 0.695802 0.779265 0.071957 -0.081046 0.126554 0.232716 -0.563626 0.464516 -0.042585 0.549707 0.253853 0.099362 0.227377 0.074323 -0.314838 -0.094503 -0.004586 0.964087 0.018343
around -0.403605 0.380097 -0.276104 0.055040 0.870156 0.459864 -0.910982 0.376040 0.502740 -0.211808 -0.116985 -0.343664 -0.541288 0.171150 -0.011122 0.440455 -0.191577 -0.983726 0.073018 0.310283 0.155540 -0.078137 -0.462465 0.297682 -0.153920 -0.251384 0.036747 0.112460 -0.008067 -0.303836 0.200853 -0.384935 -0.315311 -0.591236 -0.103966 0.342093 -0.327317 0.109468 0.808063 -0.656041 0.692853 0.261569 -0.057094 0.434703 -0.072359 0.382970 0.322482 0.281182 0.308549 -0.019606 0.382769 -0.552243 -0.572590 -0.172396 0.466710 0.080980 0.492874 -0.548150 0.094150 -0.022996 -0.154142 -0.059684 1.146004 0.158062
formed 0.354582 -0.059189 -0.185250 -1.254483 -0.021040 -0.650584 0.901752 -0.137142 -0.167388 -0.720208 0.452982 0.091089 -0.622795 0.330637 -0.736363 -0.106958 -0.437138 -0.304542 -0.127980 -0.810146 0.170664 -0.491263 -0.772022 -0.324282 -0.378449 -0.209904 0.149881 0.398071 0.184536 0.058377 0.835687 0.387965 -0.003826 0.218999 0.026177 0.046643 0.022374 -0.380460 0.166464 -0.233551 -0.397839 -0.230732 -0.327505 -0.007197 -0.693184 0.395081 -0.004774 0.118748 0.754267 0.436534 0.285513 -0.496264 -0.528084 0.922847 0.432978 -0.078669 -1.196232 -0.032346 -0.020792 0.264040 -0.777408 -0.287518 -0.419371 0.583140
movement -0.315086 -0.507389 -0.909726 -0.761530 -0.019992 0.500577 1.035044 0.464523 0.092452 -0.162150 0.756323 0.763048 -0.558678 -0.201985 -0.732894 -0.183778 0.434411 -0.686148 0.251983 -0.791233 0.116525 -0.131889 -0.424022 -0.209740 -0.185567 0.079424 0.489408 0.284014 0.337968 -0.675216 0.524842 -0.029615 -0.620862 0.505786 -0.320803 -0.149173 0.236288 0.488668 -0.239361 0.401554 0.159975 -0.300103 0.374704 0.657612 -0.676426 -0.106402 -0.305993 -0.114534 1.776774 -0.497395 0.612717 -0.158778 -0.322660 0.363351 0.180426 -0.077828 -0.977644 -0.168953 0.211560 -0.051128 -0.209934 -0.385535 -0.123915 0.936482
tectonic 0.000694 -0.094075 0.372839 -0.494111 0.083671 0.116173 0.665065 -0.119559 0.101403 0.112616 -0.160458 0.155934 -0.037266 -0.054482 -0.562708 0.281751 -0.056270 -0.007403 -0.043602 -0.344978 -0.376880 -0.220648 -0.226785 0.218424 0.020384 -0.083537 0.329740 -0.091439 -0.001673 -0.269812 -0.226702 -0.067644 -0.248249 -0.006128 -0.007583 -0.158742 -0.435375 0.358226 0.650667 -0.180461 -0.159327 -0.560155 0.089632 0.618455 -0.278733 -0.206121 -0.502725 -0.459138 0.938333 -0.436850 0.573415 0.179049 -0.113779 -0.657596 0.206995 0.564464 -0.342710 0.379653 0.116249 -0.035847 0.134810 -0.690684 -0.287515 0.196641
plates 0.359676 0.000070 0.200005 -0.832286 -0.122202 0.224141 0.750249 -0.516726 0.068326 -0.100649 0.300403 0.148483 -0.725091 -0.360804 -0.426339 0.262018 0.117200 0.170025 -0.511218 -0.184930 -0.169905 0.132226 -0.482855 0.145792 0.007905 0.051316 0.425437 -0.533332 0.005182 -0.545728 -0.166066 0.189087 0.175980 0.006682 -0.227894 -0.485843 -0.173363 0.830250 0.044234 -0.168063 0.141596 -0.269177 0.459739 0.626331 -0.263898 0.030140 -0.491653 -0.340523 0.892329 -0.443438 0.192954 -0.144415 -0.031567 0.026052 -0.141174 0.200030 -0.302056 0.078289 0.348737 -0.072892 -0.035535 -0.479065 -0.706859 0.357960
televisions 0.405264 -0.184131 -0.565238 -0.217945 -0.230149 0.482308 0.238756 -0.271175 -0.024060 -0.326058 -0.027622 0.011329 0.274972 -0.412768 -0.421950 -0.216329 -0.599172 0.298539 -0.184127 -0.176189 -0.048935 -0.049196 0.633854 -0.037677 -0.040934 0.204739 -1.299702 0.022177 0.490389 0.323565 0.809273 -0.197054 -0.340443 0.338965 0.473333 -0.493785 -0.416807 -0.973155 -0.121541 -0.066292 0.397385 0.203064 0.023775 -0.317396 -0.224746 -0.471381 -0.244151 0.165982 -0.372833 0.969913 -0.254596 0.110004 -0.037808 -0.094536 -0.154469 0.426284 -0.423725 0.141739 0.221194 0.027666 -0.014827 -0.055796 -0.431670 -0.720963
broadcast -0.093372 -0.219585 -0.911140 -0.003442 0.255370 0.006421 0.119813 0.127337 0.091376 -0.527223 0.346423 0.233416 0.108245 -0.512509 -0.370392 -0.165264 0.211977 0.602669 -0.145532 -0.329979 -0.388886 -0.144184 0.071629 -0.990335 -0.608562 0.523362 -0.453888 -0.058759 0.361137 0.646862 0.486525 0.056697 -0.349784 0.566845 0.531960 0.018891 -0.334669 -0.139303 0.033298 -0.475385 0.526860 -0.219116 0.156030 -0.200530 -0.111329 0.133631 -0.180805 -0.362426 -0.437532 0.448824 -0.455952 -0.057701 -0.043627 -0.291084 -0.292015 0.634373 -0.343226 -0.035843 -0.269755 0.091879 -0.118186 0.232934 -0.504215 -0.751516
news -0.532263 -0.447505 -1.473857 0.092276 -0.598956 -0.424165 -0.285301 -0.123805 0.058101 -0.334725 0.090616 0.285704 0.154416 -0.039541 -0.511045 -0.282527 -0.070664 0.380600 0.088652 -0.124265 0.091564 -0.522596 0.126359 -0.477144 -0.106672 0.162525 -0.452543 -0.261968 0.416200 0.270492 0.828655 -0.278893 -0.462061 0.004226 -0.135749 0.036645 -0.501465 -0.164199 -0.641230 -0.281958 0.486951 -0.231830 0.156572 -0.197980 0.476028 0.023502 -0.099451 -0.515454 -0.338688 0.143446 -0.109987 0.583064 0.014508 -0.434604 -0.371369 0.766244 -0.386934 -0.064327 0.167051 -0.379731 0.082569 -0.168949 -0.256931 -0.483034
entertainment -0.296153 -0.181106 -1.051873 -0.168189 -0.055339 0.217689 -0.096229 -0.195765 0.218084 -0.408556 -0.286116 0.135769 -0.365035 -0.369699 -0.519130 0.287749 0.212427 0.089897 0.280494 0.078983 -0.015392 -0.457511 0.399458 0.074805 -0.084925 0.244809 -0.624223 0.056341 0.124359 0.720056 0.628713 -0.328354 -0.432833 -0.067268 -0.114553 -0.446637 -0.557960 -0.479539 -0.482012 -0.509681 0.416593 -0.288387 0.065035 -0.466650 0.042198 -0.305501 -0.574811 -0.480774 -0.250719 -0.082177 -0.379831 0.192719 -0.192291 -0.495319 -0.577822 0.330351 0.181502 -0.066667 0.161186 -0.164572 0.062159 0.556192 -0.326479 -0.822154
anger 0.290641 0.339076 0.407290 0.034256 0.082501 0.377211 -0.006571 -0.513082 0.053051 -0.415613 0.555263 0.069489 -0.273294 -0.433720 0.137925 0.070949 0.337767 0.309626 0.320523 0.047479 0.492365 0.194734 0.512509 -0.089691 0.355982 -0.866979 -0.627484 0.369799 0.043795 -0.083270 -0.043902 0.475138 0.206522 -0.110965 0.199788 -0.188816 -0.124667 -0.089463 -0.619157 -0.076821 0.351625 -0.628394 0.358962 -0.197784 -0.095198 -0.229861 1.057753 -0.241140 0.419801 0.328089 -0.453661 -0.108959 0.337605 -0.128345 -0.518202 -0.754772 -0.010781 0.046496 -0.085280 0.647645 0.584435 -0.307091 -0.365201 -0.274484
can -0.130269 0.210528 0.611330 0.038692 -0.042740 -0.120959 0.285177 0.337291 0.132950 -0.017539 0.116413 0.481065 0.202438 0.189360 -0.384612 -0.152484 -0.270387 0.419553 0.614801 -0.126315 0.035811 0.208342 -0.284455 -0.679795 0.232670 -0.824436 -0.051656 -0.369071 0.296364 -0.117735 -0.206717 0.437405 -0.173393 -0.233574 -0.005965 0.142259 -0.336984 -0.223130 0.052966 0.046205 0.493210 -0.555407 -0.069178 0.304563 -0.067325 0.418640 0.437326 -0.381384 0.354642 0.023025 -0.132039 0.164775 -0.041823 -0.224315 -0.452043 0.535696 0.548228 -0.023417 0.005520 -0.300916 1.168830 0.106152 -0.232473 -0.751496
be -0.011770 0.253002 0.244538 0.216341 -0.226264 0.044964 -0.131362 0.248116 0.029131 -0.005129 0.071634 -0.018430 0.206582 -0.209386 -0.219430 -0.546282 -0.067034 0.074601 0.908918 0.021644 0.444074 0.142412 -0.496187 -0.401494 -0.119774 -0.738890 -0.238903 -0.182825 0.313943 -0.155616 0.281531 -0.079638 0.248519 -0.012194 0.221951 0.437317 -0.766892 0.606770 0.080727 -0.255961 0.314551 -0.721585 -0.045994 -0.196890 0.240954 0.691709 0.576929 -0.073153 0.239343 -0.144447 -0.249161 0.077116 0.437837 -0.016997 -0.370137 0.487395 -0.298971 0.099247 0.117992 -0.152275 0.997346 -0.134202 -0.012741 -0.903406
controlled -0.038250 0.358810 -0.315243 0.268684 0.117494 0.159751 0.255715 0.174574 0.549480 -0.597916 0.247567 -0.058031 0.027246 -0.418628 -0.268502 0.032344 0.529697 0.308196 0.278310 -0.362930 0.520479 0.055561 -0.360332 -0.926287 0.061225 -0.520137 -0.332696 0.170176 0.633037 0.240986 -0.262344 0.669906 0.312924 0.217217 0.478698 0.505428 -0.488404 0.171625 -0.385750 -0.176682 0.354841 -0.471389 0.255265 0.217868 -0.149544 -0.083846 1.011302 -0.906963 0.716562 -0.080053 -0.650452 0.024815 0.472892 -0.537494 -0.577440 -0.571727 0.246805 -0.115557 -0.461857 -0.482755 0.307305 0.080025 0.369683 -1.131933
understanding -0.128861 0.184259 0.114181 0.016463 0.242382 0.758865 -0.289006 -0.315888 0.480737 -0.331804 0.235923 0.241467 -0.706285 -0.161776 -0.046795 -0.409833 -0.070471 0.316590 -0.101547 -0.197251 0.350043 0.514571 0.158942 -0.979482 0.664583 -0.659805 -0.348606 0.159647 -0.025534 -0.081025 -0.437070 0.534438 0.143541 0.044198 -0.559867 0.374639 -0.610274 0.247833 -0.271968 0.386465 -0.118336 -0.088081 -0.375479 0.453247 -0.389051 -0.525337 0.636492 -0.636810 0.905872 -0.236938 0.226181 0.371729 0.300286 0.170856 -0.568873 -0.205021 0.394772 -0.197428 -0.730417 -0.049620 0.337709 -0.134776 0.281127 -0.614871
medical 0.417925 0.110252 0.397794 -0.180770 -0.011887 -0.178218 0.100581 -0.395833 -0.482593 -0.889479 0.437846 -0.048807 -0.299324 0.133421 0.164977 -0.258177 0.476680 -0.411239 -0.255881 0.148510 0.854290 0.625025 0.486665 0.038743 0.016987 0.019487 -0.214660 0.142227 0.270839 0.064124 -0.169380 -0.641728 0.360555 0.137374 -0.474665 -0.234759 -0.003935 -0.023408 0.464965 0.522938 0.043325 -0.779887 -0.661367 0.034718 -1.246591 0.036605 0.074863 -0.372196 -0.182248 0.454481 0.692017 0.095691 0.305069 -0.001375 0.120285 0.245521 -0.073865 -0.690241 0.259147 0.107884 -0.777364 0.098079 -0.306745 -0.459458
scanners 0.603777 -0.216693 -0.059347 -0.351414 0.286408 -0.199240 0.108954 -0.771878 -0.182048 -1.092251 0.563534 -0.210971 0.419432 0.392644 0.094509 0.409971 0.550564 -0.634427 -0.239667 -0.404220 0.316141 0.669896 -0.221031 -0.883371 -0.147803 0.251732 0.095191 0.194549 0.137969 0.389405 -0.115206 -0.139738 0.444999 0.427367 -0.015873 -0.364218 0.057100 -0.289555 0.433556 0.430575 0.382788 -0.739782 -0.183920 0.505236 -0.778464 0.260983 0.060010 -0.241137 -0.445840 0.606765 0.308737 -0.236001 0.055716 0.022544 0.179222 0.131153 -0.006334 -0.450784 0.352188 0.178972 -0.931414 0.217890 -0.311951 -0.256943
produce 0.397304 -0.744209 0.002008 0.080243 0.704754 0.069183 0.168545 -0.223555 -0.072319 -0.062472 1.040440 -0.374623 0.138165 -0.353092 0.001106 -0.261707 0.412124 0.043507 0.083253 -0.530169 0.340983 0.535556 -0.004913 -0.253045 -0.376890 0.030653 -0.027623 0.387898 0.274638 0.085208 0.215702 -0.058332 0.367959 0.378183 -0.311057 0.061090 -0.265538 0.284095 0.259381 0.347884 0.248512 -0.846249 -0.386084 0.088278 -0.125864 -0.194168 0.141842 0.100979 -0.030411 0.671471 0.056780 -0.442682 0.388011 0.502720 -0.053200 0.445300 -0.151434 -0.260807 0.167821 -0.314189 -1.198945 0.159625 0.247271 -0.490616
images 0.157297 -0.651571 -0.277368 0.120564 0.248580 -0.803860 0.366219 -0.094825 -0.009401 -1.080943 1.050899 -0.377149 0.127327 0.328640 0.221460 -0.068412 1.046857 -0.546088 -0.337531 -0.195880 -0.027837 0.475641 -0.500046 -0.714203 -0.160837 0.357961 0.121334 0.190100 0.392608 -0.171493 -0.241197 -0.094418 0.428957 0.224318 -0.456340 -0.054472 0.105683 -0.386751 0.148550 0.006286 0.503202 -1.164221 -0.037796 0.629294 -0.409532 0.266833 0.095070 -0.359920 -0.035023 -0.212917 0.167631 0.444249 -0.060199 -0.061017 0.083368 0.792411 -0.279608 -0.618333 0.342691 -0.223457 -1.211189 0.111850 0.649457 -0.103619
human 0.271463 -0.519432 -0.246698 0.651852 0.513141 0.574244 -0.117962 0.259629 -0.144730 -0.395725 0.881118 -0.152694 -0.273533 -0.125381 0.305732 -0.169661 0.638377 -0.633800 -0.256108 -0.027965 -0.018437 0.232057 0.136667 -0.225646 -0.169263 0.459196 -0.134796 -0.459597 0.067662 -0.276088 0.165253 0.030581 -0.306595 -0.230323 -0.912298 -0.203406 -0.073796 0.346319 0.165033 0.514720 0.348379 -0.382853 -0.088740 0.356696 -1.110592 0.397455 0.326273 0.083575 -0.001031 0.186109 0.459479 0.280712 0.093618 -0.199609 -0.255850 0.518080 -0.167302 -0.054635 0.171282 0.511631 -0.392500 0.006431 0.038443 0.521311
whale 0.424742 -0.040149 0.972284 -0.087097 0.235259 0.509573 -0.645010 -0.134467 0.268552 0.067349 1.113821 0.442917 0.513189 -0.170293 -0.613443 0.033094 -0.012365 0.079812 -0.153743 0.195867 -0.622046 -0.437560 -0.421385 -0.249816 0.038751 0.064549 -0.472773 -0.239061 -0.170595 -0.124687 0.093389 -0.568092 0.202350 -0.439699 0.632941 0.048383 0.810448 0.335706 0.004664 0.405530 0.436624 -1.036888 0.011115 0.294378 -0.448942 -0.217667 0.538996 0.277932 -0.276696 0.068417 0.079009 -0.743842 0.314454 0.201312 0.057031 0.446997 -0.303856 0.194883 -0.968553 -0.210272 -0.294461 -0.120400 0.099826 0.372724
swam 0.305339 -0.787779 0.047130 -0.596416 -0.105254 0.441843 -1.099295 -0.609589 -0.096171 -0.029502 1.342809 -0.209255 0.852528 0.606042 -0.819648 -0.115665 -0.429004 0.166950 0.124631 0.128947 0.172090 -0.400418 -0.206015 0.122329 0.551403 0.377346 -0.441089 0.038461 0.223090 0.227845 0.121863 -0.509911 0.841695 -0.586525 0.807259 0.094076 0.088470 0.036032 -0.117293 0.380932 0.593602 -0.452953 0.178684 0.140186 -0.258800 0.002392 0.850330 -0.369353 0.244741 -0.215092 0.119262 -0.553198 0.672540 0.386288 0.407567 0.303158 -0.430939 0.462864 -0.635333 -0.155583 0.186637 -0.183694 -0.047776 0.600659
deep -0.230013 -0.103327 -0.871462 -0.694666 0.396490 -0.208534 -1.120331 -0.403323 0.616112 -0.164427 1.265121 0.104330 0.616120 0.278492 -0.474802 -0.000745 0.195397 0.190592 -0.126474 0.078867 -0.060610 -0.341565 -0.964882 -0.210736 0.384667 0.611354 -0.431352 -0.114620 0.268939 0.156440 0.001335 -0.504457 0.737447 -0.419050 0.909994 0.263844 0.025500 0.181126 -0.532474 0.058584 0.377305 -0.991415 0.106664 0.256660 -0.259101 0.274510 0.277457 -0.285039 0.057256 -0.657129 0.405890 -0.415482 0.196967 0.273027 0.189598 0.431156 -0.433930 -0.086437 -0.658528 -0.926266 0.269237 0.220638 0.704800 -0.000571
archery -0.010200 -0.563280 0.193878 -0.261852 -0.294531 0.253072 0.252019 -0.238178 -0.421063 0.153666 0.248355 -1.093797 0.366642 0.211795 0.629481 -0.110575 0.043980 0.589890 0.314581 0.717479 0.762202 -0.219259 0.482632 0.260796 0.109705 -0.104996 -0.151597 -0.015756 0.064516 0.341140 -0.100554 -0.242986 -0.504586 0.210433 -0.068029 -0.267583 -0.073441 0.164343 0.381106 -0.188182 -0.298502 -0.087397 0.197919 -0.023573 0.062052 -0.328264 0.138192 -0.187131 -0.212659 1.099697 -0.117056 -0.042473 -0.380723 0.519471 -0.168047 -0.500527 0.206346 0.144649 -0.355757 -0.032995 -0.321618 -0.018623 0.235095 -0.107937
requires -0.320383 -0.673830 0.097406 0.206296 -0.090006 0.125739 0.519855 -0.219326 0.603252 -0.159736 0.414333 0.088579 0.641035 -0.097548 0.394769 -0.266661 -0.396070 0.701870 -0.089955 0.398588 0.286803 -0.187192 -0.068529 -0.255212 -0.191720 -0.274246 -0.252573 -0.341367 0.175387 0.087809 -0.412553 0.757354 -0.933604 -0.209726 0.139653 0.352094 0.280440 -0.087309 -0.035114 -0.322983 0.425418 0.014866 -0.287785 -0.147547 -0.054879 -0.251096 -0.193119 -0.570540 0.265629 0.670925 0.410846 0.190811 0.347746 0.076991 -0.029253 0.468213 0.426708 0.011025 -0.197041 -0.425528 -0.530609 0.677745 -0.570299 -0.429951
concentration -0.636991 -0.716915 -0.721627 -0.274445 -0.177451 0.178060 0.413298 0.085269 -0.001371 -0.539494 0.473525 -0.585571 -0.000346 -0.151497 0.707211 -0.154842 0.378113 0.418624 -0.077494 0.555085 0.322086 -0.520149 0.058906 -0.181868 -0.145917 -0.123465 0.317402 -0.522901 0.350591 0.326294 0.100835 0.123207 -0.864589 0.690097 0.267335 0.522527 0.277622 0.020704 -0.316588 -0.272283 -0.122730 -0.001700 0.162533 0.100191 0.395664 0.030648 0.256862 -0.334720 -0.093185 0.376619 0.350249 0.328988 -0.088330 -0.045270 -0.045177 -0.597570 0.122946 0.466130 -0.467724 -0.168977 -0.884005 0.222681 0.850698 -0.402071
steady -0.580159 -0.316488 -0.964950 0.042671 -0.533623 1.208726 0.494470 0.332100 0.271296 0.333390 0.111894 0.125084 -0.160912 -0.770681 0.255855 -0.296858 0.457017 0.183158 0.142218 0.711310 0.155270 -0.502033 0.369314 -0.015028 -0.167159 0.128038 0.319679 -0.671496 0.003055 0.452289 -0.028762 0.254212 -1.797290 0.577307 -0.226540 -0.188182 0.127041 0.039317 -0.110737 -0.170041 -0.176223 0.295160 -0.381808 0.113121 -0.093020 -0.107038 -0.077909 -0.301402 0.347653 0.177340 0.746899 0.317149 -0.275999 -0.110814 0.103081 -0.597265 0.553251 0.273792 -0.366782 0.232093 -0.526901 0.328568 0.689477 0.096362
hand -0.142497 0.087017 -0.836410 -0.235769 -0.386623 0.652485 0.410613 0.327204 -0.182414 0.061319 -0.128219 0.022731 -0.325849 -0.384889 0.596028 -0.044441 0.061949 0.116681 -0.163571 1.309141 0.413770 -0.188362 -0.025814 -0.182294 -0.160274 0.050030 -0.265300 -0.804663 0.080777 0.221132 0.174270 -0.592995 -1.368547 0.152805 0.186062 0.350805 0.318170 0.166484 -0.432169 0.350087 0.009779 0.317224 -0.102920 0.242728 0.169370 -0.652061 -0.221234 -0.637900 0.121632 0.212839 0.275017 0.414484 -0.096989 -0.128434 -0.480828 -0.713744 0.440877 0.516841 -0.652833 0.073419 -0.287279 0.249652 0.237202 0.565294
yoga 0.792572 -0.136473 -0.388612 0.515721 -0.014239 0.300485 -0.275938 -0.395621 -0.014370 -0.313948 0.565646 -0.122921 0.188317 0.209859 0.239704 -0.010646 -0.047120 -0.173034 0.003966 -0.370497 0.284312 -0.099189 0.891849 0.388358 0.392771 -0.334496 -1.167984 -0.458203 0.283814 0.152453 -0.407638 0.030132 -0.921456 -0.369170 0.046246 -0.265333 0.697934 -0.123566 -0.181363 0.442139 -0.191400 0.041325 -0.081466 -0.100429 0.105983 0.269232 -0.000338 -0.454965 0.171001 0.416877 -0.799473 -0.383934 0.302317 0.505194 -0.101813 -0.293859 -0.082886 0.248025 0.695767 0.781859 -0.064503 -0.029654 0.195295 -0.053590
improves 0.892566 0.044798 -0.546010 0.236107 0.415789 -0.120481 0.013993 -0.082706 0.169968 -0.181994 0.229366 -0.029276 0.049102 0.540185 0.178321 0.204654 -0.047892 -0.331409 -0.391466 0.019325 0.016870 -0.048509 -0.154290 0.184716 0.528095 0.352037 -0.141303 -0.286710 0.327359 0.677913 -0.535853 0.322179 -0.797339 -0.431919 0.301851 0.752332 -0.153461 -0.373886 0.030127 -0.188699 0.098001 0.321561 -0.178633 -0.096843 0.547169 0.628778 -0.255436 -0.078568 -0.033807 0.173861 -0.620443 0.213943 0.248445 0.377635 -0.492017 -0.229191 0.019339 -0.006026 0.551186 -0.068701 -0.056264 -0.078864 -0.012719 -0.593461
flexibility 0.292242 -0.377992 -0.423609 0.387385 0.171375 -0.179890 -0.277479 -0.223364 0.108274 -0.399827 0.257238 -0.291141 0.615373 0.254279 0.293317 -0.288292 -0.048683 -0.066935 -0.533744 0.064744 0.050574 -0.266522 -0.237383 0.216262 0.222368 -0.334766 -0.167147 -0.650707 0.527236 0.420638 -0.345576 0.484645 -0.344190 -0.254038 0.534309 0.174261 0.417279 0.099278 -0.550747 0.343865 -0.108843 0.201301 -0.008758 -0.265969 0.305644 -0.000204 0.165289 -0.312382 0.092830 -0.394395 -0.883866 0.374698 0.347041 0.101917 0.331139 -0.416761 -0.110402 0.227998 0.645301 0.389431 -0.382538 0.240027 -0.123986 -0.582929
balance -0.130650 -0.406631 -1.125477 0.516663 0.127976 -0.221212 0.291210 0.072066 0.247940 -0.560174 0.005719 0.119699 0.595855 0.264458 0.048205 0.204585 -0.116125 -0.246025 0.138205 -0.633374 0.426247 -0.293965 -0.189373 0.167524 -0.110956 -0.363044 -0.349825 -0.566438 0.417464 0.149291 -0.362226 -0.255491 -1.076250 -0.592467 -0.651759 -0.008147 0.103410 0.307860 -0.643269 -0.219287 -0.059955 0.137537 -0.308976 0.530438 -0.021882 0.457695 0.075147 -1.231250 0.832929 -0.126655 -0.766007 0.100759 0.165162 0.434098 0.263759 -0.113718 -0.016551 0.971734 0.434098 -0.471035 -0.218161 0.241072 0.383310 -0.219596
mental 0.222609 -0.007622 -0.808470 0.067978 0.188651 -0.059261 0.113732 0.004070 0.475252 -0.300389 0.545424 0.556311 -0.055283 0.156973 0.114115 0.059110 0.055848 -0.471769 0.065342 -0.208904 0.100143 0.377541 -0.068344 0.314383 0.472644 0.236804 0.222878 -0.293955 0.488818 0.368708 -0.093737 0.470700 -0.479352 -0.436846 0.153164 0.639172 0.124945 -0.073164 -0.551846 0.552281 -0.194331 0.027504 -0.002191 0.398047 0.147342 0.630231 -0.038281 -0.154231 0.080375 -0.448788 -0.200925 0.072557 0.155200 0.230170 -0.199963 -0.358025 -0.163158 0.218437 0.428936 0.216579 -0.011098 -0.517578 -0.223200 -0.139522
focus 0.057842 0.069739 -0.528044 0.519623 -0.305783 0.519803 0.542321 0.128092 0.398541 -0.284337 -0.165970 -0.070428 -0.172882 0.182902 0.353890 -0.128926 -0.024300 -0.317248 0.042619 -0.566218 0.074552 0.089416 0.093004 -0.039018 0.314992 0.285004 0.162639 -1.221416 -0.083805 -0.523288 -0.076867 0.092646 -0.812001 -0.639584 -0.304867 0.157996 0.195473 0.070523 -0.431884 1.056048 -0.421904 -0.201544 -0.348022 0.203243 0.002351 0.335336 0.257724 -0.496286 0.502413 -0.074171 -1.117295 -0.003423 -0.204423 0.261363 -0.003537 -0.116233 0.634082 0.183335 -0.356158 0.784602 0.124985 0.007715 -0.322817 -0.264091
judges 0.207198 0.096641 0.454768 0.225125 0.136479 -0.087532 -0.301251 0.197459 -0.226494 0.313810 -0.663428 -0.215846 0.642413 -0.004167 -0.171100 -0.366423 -0.021458 0.857269 0.115224 -0.257338 0.145972 0.099909 0.290467 0.329565 0.055702 -0.231840 0.050294 0.628760 -0.257868 0.720950 -0.049943 0.519661 -0.375170 0.170388 -0.149075 -0.060856 0.195314 -0.241515 0.923318 0.227250 -0.095951 -0.112311 -0.259085 0.068421 -0.395116 -0.292688 0.283809 0.074737 0.132814 0.428714 -0.208061 -0.235747 -0.450219 0.289257 0.072811 0.036450 -1.101558 -0.279839 -0.028549 0.019188 0.052350 0.398535 -0.207719 -0.777223
enforce -0.261935 -0.507393 0.472137 0.333082 0.598260 -0.365928 0.062561 -0.109088 -0.046239 -0.065217 -0.501364 -0.244702 0.699254 0.343736 0.285848 -0.247531 0.285801 0.998007 -0.338317 -0.359821 -0.339087 -0.067943 -0.220534 0.121208 0.115894 0.256940 0.325853 -0.142027 0.053448 0.908281 0.278525 0.821161 -0.402043 0.368825 0.045874 0.510596 0.130308 -0.016012 0.725033 -0.230653 -0.276907 0.240985 -0.086973 0.692420 -0.096596 -0.185964 0.013424 -0.163260 0.290981 0.211957 -0.622492 -0.350066 -0.448722 -0.046714 -0.346045 0.116108 -0.897065 -0.106552 -0.224974 0.121870 -0.182330 0.371891 0.193061 -0.550325
fairly -0.494905 -0.211766 -0.363937 0.452564 0.256908 -0.218642 -0.591911 -0.229987 0.208645 0.347684 -1.109501 -0.352183 0.153889 0.032636 0.160934 0.319124 0.196419 0.554136 0.108281 -0.223172 -0.041048 -0.326618 -0.057542 0.338719 0.061813 0.038603 0.412710 -0.521574 0.053528 0.129182 -0.205747 0.673236 -0.691364 -0.278526 -0.388080 -0.367714 0.064784 0.149578 0.418138 -0.135370 -0.183400 -0.414080 -0.381527 0.775147 -0.197523 -0.264788 0.032256 -0.532448 0.261853 0.056235 -0.183670 0.080821 -0.738428 -0.146055 -0.630339 0.077447 -0.959402 -0.108126 -0.347794 -0.129819 -0.234761 0.272841 0.518768 -0.543438
impartially -0.791748 -0.232890 -0.162569 0.853960 0.283349 0.211669 -0.009441 0.314315 0.010549 0.155977 -0.719704 -0.286387 -0.398503 0.072730 0.087892 -0.062227 -0.316758 0.621101 -0.077537 -0.560492 0.080904 0.455830 0.064711 -0.158625 0.276317 0.378999 0.541125 -0.709316 -0.282375 0.293293 0.163273 0.722011 -0.856194 -0.000277 -0.089653 0.067803 0.048542 0.240860 0.317163 0.624673 -0.177895 0.101383 -0.443286 0.643761 -0.460738 -0.191249 -0.106659 -0.486821 0.171150 -0.134610 -0.433344 -0.091451 -0.149816 -0.016868 -0.673679 0.222385 -0.550807 -0.424674 -0.586659 0.273431 -0.021031 0.133897 0.188189 -0.047763
volunteers -0.080067 -0.617542 0.331809 -0.633854 0.126461 0.181730 -0.393538 0.230959 0.168695 -0.450060 -0.025756 -0.523661 0.325241 -0.518616 -0.183633 0.006292 0.552335 0.028788 0.423459 0.028040 0.429063 -0.065943 0.112663 0.358968 0.425022 0.030842 -0.109814 0.197213 -0.434001 -0.304904 -0.050523 0.195635 -0.148999 -0.646478 0.193184 0.098763 -0.362771 -0.351187 0.011923 0.208873 0.410483 0.469335 -0.445012 -0.188683 -0.376869 0.190811 0.985434 -0.157554 -0.055861 1.494162 -0.103103 0.108247 0.121033 -0.594015 0.712220 -0.179804 -0.312192 -0.163334 0.166179 0.484375 -0.272356 -0.431352 0.066449 -0.206045
help -0.249854 0.080807 0.044768 -0.388928 0.170235 -0.227590 0.136431 0.174831 0.393124 -0.584701 0.141663 -0.636701 0.796792 0.061153 0.055766 -0.133589 0.306999 0.322614 -0.474290 -0.021893 -0.413849 0.015233 -0.614633 -0.021278 -0.050050 0.477547 0.000477 0.271573 0.023117 -0.259847 -0.242919 0.383182 0.186298 0.344353 0.321164 0.138452 -0.029423 -0.102048 -0.044655 0.081147 0.595194 1.019725 -0.138956 0.295745 0.286966 0.464547 0.163280 -0.184795 0.464710 1.049651 -0.373768 -0.446673 0.022511 -0.293625 0.322474 0.053549 0.149865 -0.097548 -0.006064 0.370115 0.151833 -0.491953 -0.223647 -0.322320
need -0.907738 -0.476567 -0.691521 -0.508839 -0.193459 -0.339923 -0.299866 -0.167361 -0.228606 0.535156 0.041095 -0.572039 0.113847 -0.438803 -0.509604 0.347919 0.726438 -0.460855 0.491750 0.048618 -0.133803 -0.117648 -0.435670 0.256779 0.172624 0.518719 0.371876 0.311649 -0.474618 -0.787019 -0.075622 0.198361 0.684132 -0.321281 -0.085823 0.091968 -0.185089 -0.043193 -0.206661 -0.555254 0.710186 0.357641 -0.277740 0.237178 0.663610 0.810494 0.966460 -0.159005 0.269466 0.772702 0.497844 0.162558 -0.242045 -1.061830 0.145432 -0.127269 0.074046 -0.080999 -0.254684 -0.197703 0.168552 -0.171344 0.575991 0.166678
without -1.113799 -0.024370 -0.212671 -0.453002 -0.363798 -0.119017 -0.227620 0.063987 -0.013976 0.760084 -0.101768 -0.827211 -0.438695 -0.040473 0.033573 0.111997 0.743757 -0.502116 0.505882 -0.062694 -0.389421 -0.126723 -0.321966 0.273360 -0.178665 1.017415 -0.068053 0.226984 -0.924223 -0.833256 -0.063625 0.004420 0.019119 -0.178381 -0.347458 0.161072 0.050191 0.022364 -0.334452 -0.040945 0.458586 0.344412 -0.241075 0.406807 0.449728 0.205159 0.832633 0.126176 -0.080597 0.598268 0.283328 0.286014 -0.130148 -1.169739 0.193342 -0.457283 0.488117 -0.191587 -0.702908 -0.405223 0.128429 -0.169387 0.664758 0.246455
expecting -0.939110 -0.308971 -0.252829 -0.287526 -0.316606 0.379313 -0.045707 0.399222 0.019227 0.743671 -0.206952 -0.651203 -0.468564 -0.264241 -0.506587 0.091075 0.557587 -0.518999 0.706463 0.015909 0.080018 0.109850 -0.095903 0.192512 0.201135 0.482563 0.138952 0.333603 -0.847732 -1.025290 0.262107 0.194798 0.406543 -0.276513 -0.120371 0.085517 -0.090928 0.339645 -0.032576 0.114704 0.742854 0.343690 -0.204636 0.310374 0.155436 -0.367787 0.692899 0.141079 -0.404053 0.736225 0.940783 0.372003 0.041697 -0.940454 0.013919 -0.441405 0.258737 -0.070795 -0.302489 0.394965 0.114503 -0.054624 0.098468 0.315079
payment -0.653407 -0.395109 0.031639 -0.810505 -0.785145 -0.066413 -0.183976 0.386888 -0.314187 0.875308 -0.447486 -0.500728 -0.474071 -0.210820 0.152266 0.066268 0.455642 -0.095264 -0.007880 -0.014538 -0.552805 0.154731 -0.382516 -0.158260 -0.030144 0.507779 -0.056186 -0.042716 -0.625530 -0.944371 0.055072 -0.037027 0.156246 0.382944 0.113459 0.571380 -0.062322 0.096577 -0.098546 0.250538 0.339847 0.332050 -0.150228 0.031459 0.154124 0.075132 0.353862 0.188450 -0.104172 0.828545 0.512209 0.209679 0.417413 -0.182000 -0.081467 0.112963 0.361228 -0.143491 -0.483664 0.073932 0.538507 -0.193804 0.216510 0.224663
wine 0.083994 0.121011 0.175196 -0.018931 0.252688 -0.481916 0.109985 -0.164693 0.113677 -0.109813 -0.477515 -0.340655 0.361601 0.238277 -0.149669 -0.617041 -0.522570 0.400520 1.201610 0.500056 0.505095 -0.079897 0.680428 0.299387 -0.533373 -0.077287 -0.561348 -0.304267 0.156478 0.708886 0.358557 0.421451 0.043355 0.458196 -0.120852 -0.071504 0.828071 -0.271088 0.169806 0.605189 0.016369 -0.416589 0.206017 -0.003763 0.356233 -0.529820 -0.105399 -0.200489 0.135018 0.840751 -0.073356 -0.279680 -0.073581 -0.045867 -0.143776 -0.340382 0.509259 0.186511 0.561598 0.809020 -0.116439 -0.408711 -0.204510 -0.343870
beer -0.348510 -0.619955 -0.312880 -0.068563 -0.104166 -0.739712 0.104195 0.179146 -0.163204 -0.280187 -0.277014 0.385985 0.626312 0.305024 -0.718195 -0.425095 -0.260578 0.070070 1.148501 0.419051 0.251739 -0.035524 -0.059012 -0.403764 -0.294936 -0.191147 0.090747 0.042161 0.178989 -0.005616 0.126503 0.319903 -0.007094 0.548274 -0.185272 -0.041899 0.759291 -0.084058 -0.052097 0.484714 0.291662 -0.200997 0.110177 0.604708 1.048023 -0.474240 -0.209953 -0.045092 0.377690 0.014261 0.223404 0.150265 -0.394940 -0.145555 -0.736994 -0.484474 0.278766 -0.116240 0.362996 0.311769 -0.044963 -0.566957 0.512779 -0.279993
alcoholic -0.199498 -0.186441 0.008088 0.276200 -0.036197 0.042680 -0.504386 0.238029 -0.011313 -0.007273 -0.601147 0.374048 0.118235 -0.131037 -0.595329 -0.225674 -0.211497 0.343976 1.006918 0.386041 -0.080698 0.069505 -0.004957 -0.002275 -0.599635 0.062527 0.413236 0.233228 0.331591 0.312705 -0.274878 0.444534 -0.334457 0.105811 -0.653382 -0.046576 0.192307 -0.209446 0.269735 -0.165485 0.222662 -0.232150 0.210488 0.493444 0.582524 -0.292891 -0.369194 0.272570 0.631433 -0.263085 0.316918 0.057370 -0.939011 -0.346568 -0.695197 -0.743274 0.785612 0.081613 0.239358 0.597073 -0.262950 -0.065712 0.241577 -0.219796
beverages -0.658665 -0.196962 -0.194883 0.363688 0.043627 -0.059670 -0.056790 0.272972 0.104019 -0.054473 -0.529855 0.547579 -0.305437 0.179583 -0.156872 -0.290739 -0.638838 0.449985 0.694890 0.629086 -0.018077 0.415729 -0.050696 -0.571066 -0.733555 0.264680 0.015942 -0.184710 0.259575 -0.239174 0.750437 0.246757 -0.320829 0.098525 -0.531992 0.185878 0.356610 -0.426935 0.269391 0.979636 0.102990 -0.122903 0.316972 -0.029860 0.215357 -0.660230 -0.136173 0.012934 0.151638 0.100331 0.000622 -0.033632 0.045800 -0.029235 -0.577511 -0.103267 0.491356 0.345275 -0.297306 0.530002 -0.131656 -0.303494 0.491666 0.286560
pasta 0.323665 0.411356 0.503534 -0.143957 -0.257242 -0.100074 0.054297 -0.111215 0.031242 0.175467 0.326176 -0.075621 1.107657 0.179479 -0.790640 -0.308312 -0.554845 0.078644 -0.021216 -0.356295 -0.014473 -0.861417 -0.016356 0.680130 -0.673248 -0.132169 -0.072851 0.261061 -0.400342 -0.179455 0.163284 0.188674 0.355526 0.112666 -0.108505 -0.311029 0.327784 -0.120825 0.011077 0.773946 0.554771 0.260762 -0.452572 0.218008 -0.468370 0.720566 -0.556476 0.155741 0.274368 0.434788 -0.158808 0.075614 -0.160458 0.233593 -0.435557 0.377282 0.057423 -0.224478 -0.120715 -0.358460 0.166406 0.386528 -0.201878 -0.728426
served 0.132244 0.182427 0.077306 0.319738 -0.791438 0.104169 -0.115176 -0.461174 0.102933 0.981256 0.394034 -0.743131 0.667575 0.347272 -0.819209 0.266569 -0.633134 0.297854 0.052874 -0.129268 0.416304 -0.488899 0.091388 0.207630 -0.490459 -0.515038 -0.096904 0.135360 -0.148996 -0.291073 0.231479 -0.112282 0.534943 0.372375 0.119334 1.022336 0.719835 -0.651510 0.025373 0.956176 0.569201 0.095881 -0.092034 0.177203 -0.326991 1.118893 0.273137 -0.692573 -0.023154 0.147840 -0.216772 -0.101950 -0.293004 -0.090661 -0.398600 0.278848 -0.474265 0.153767 -0.002050 -0.564291 0.477600 0.381636 -0.438769 -0.631291
sauce -0.112234 0.251418 -0.543724 0.976983 -0.754170 0.136960 0.410027 -0.240705 0.105179 0.747443 0.220336 -0.391148 0.799431 0.733549 -0.724386 -0.192208 -0.447793 0.077150 -0.039854 0.506927 0.383645 -0.618407 0.337983 0.732856 -0.925232 0.112128 0.213491 -0.100979 0.160602 -0.363289 0.063259 0.054232 0.252655 -0.064947 -0.582766 0.004568 0.006168 -0.390753 -0.081346 -0.067025 0.564655 0.017992 -0.214957 0.343589 -0.526289 1.396046 0.393358 -0.925566 0.875414 -0.609092 -0.049961 0.092940 -0.376389 -0.770587 -0.255804 0.069142 0.127938 0.475077 -0.000375 -0.401596 0.346547 -0.143962 0.034209 -1.098757
parmesan -0.344098 0.626278 0.121575 1.105080 -0.601328 0.871814 0.163145 0.128245 0.401267 0.274665 0.349790 -0.054512 0.433356 0.411755 -0.645196 -0.043967 -0.376942 -0.126640 0.065960 0.268241 0.223632 0.080030 0.418202 -0.347640 -0.783359 0.244779 0.441169 0.009706 0.117943 -0.643715 0.071326 0.170786 -0.575188 0.344028 -0.699427 0.066608 -0.120699 -0.273132 -0.285013 0.189019 0.465657 0.343888 0.166657 0.182358 -0.755490 0.676158 0.643416 -0.418679 0.211695 -0.368232 0.343588 0.332957 -0.513544 -0.509418 -0.216677 0.132594 0.854736 0.116195 -0.159674 0.481029 0.391830 -0.320335 -0.068991 -0.401728
cheese 0.382502 0.776040 0.405451 0.730424 -0.519147 -0.056783 0.130730 -0.142243 0.415783 0.131863 -0.161854 -0.511365 0.246859 0.372834 -0.312986 -0.293796 -0.219234 0.314268 0.290162 0.338152 0.054826 -0.365571 0.206234 -0.068111 -0.071895 0.152839 0.028555 0.134180 -0.710894 -0.035556 -0.114149 0.202592 -0.239327 0.019503 -0.224736 0.164371 -0.032235 0.075523 -0.390955 -0.418960 0.265812 -0.084865 -0.159305 -0.155261 -0.006999 0.618516 0.024524 -0.035653 0.306273 -0.216701 -0.597334 0.156269 -0.116212 0.282067 -0.104628 0.164156 0.232603 0.191211 -0.096684 0.392541 -0.027175 -0.392100 -0.546215 -0.297413
running 0.375552 -0.171310 0.301154 -0.187375 -0.520955 0.517547 -0.357000 0.277503 -0.276701 -0.147808 0.532009 -0.568397 0.488920 0.701145 0.454727 0.025853 -0.318482 0.006439 -0.517262 0.329732 0.116911 -0.504833 0.261470 0.022227 -0.247865 0.145372 -0.346778 0.469993 0.194366 -0.440000 0.575912 0.604545 0.045774 0.337590 0.472815 -0.057262 -0.340805 -0.273495 -0.101502 0.344304 -0.288405 -0.773879 -0.355343 0.247854 -0.466346 -0.228409 -0.439294 0.132013 -0.128257 0.414901 -0.324693 -0.346130 0.143879 0.071216 -0.160660 0.510848 0.712390 0.167279 0.173558 0.246287 -0.242310 -0.451290 0.002555 0.384176
simple -0.099730 0.010826 0.105209 -0.139095 -0.051881 -0.238896 -0.280476 0.245220 -0.113130 0.011642 0.464135 -0.427691 -0.136512 0.481907 -0.052476 0.398610 0.323413 -0.068739 0.158027 -0.630266 0.695755 -0.646783 0.074032 -0.203905 0.100863 0.458549 0.073433 0.043067 -0.214673 -0.184130 0.335533 0.312463 0.076577 -0.502655 0.029550 -0.100272 0.045986 -0.285621 -0.061354 -0.578360 -0.694937 -0.179234 -0.212060 0.566256 0.497167 0.101903 -0.336801 0.024910 0.449069 -0.300375 0.447282 0.897188 -0.668748 -0.291741 -0.055809 -0.160502 0.822251 0.370198 0.498677 0.409042 0.003870 -0.447402 0.146373 -0.006860
effective -0.151883 -0.686718 -0.185217 -0.095436 -0.035213 0.566071 -0.005711 0.984686 -0.339769 -0.588995 0.290085 -0.577902 0.104074 1.137011 0.437111 -0.353619 -0.013944 0.105525 0.037702 -0.231825 0.538536 0.150629 0.379836 -0.128867 -0.369014 0.508330 -0.465847 0.221739 0.508630 -0.462028 0.620616 0.386869 0.113602 -0.214067 0.632448 -0.387535 -0.639697 -0.026867 -0.160038 0.219509 -0.925063 -0.575514 -0.034241 0.553838 0.091682 0.585563 -0.554065 -0.297984 1.072313 0.225064 0.333939 2.172002 -0.249640 0.079661 -0.631825 0.192552 0.617898 0.553088 0.267639 -0.128682 -0.146769 -0.943557 -0.321349 0.700531
exercise 0.124245 -0.383222 -0.021055 -0.109516 0.243143 0.781005 0.048929 0.441327 -0.207689 0.198743 0.445401 -0.001924 0.159418 0.299508 0.280576 -0.161376 0.033066 0.477169 -0.048941 -0.772424 -0.442498 0.351025 0.629126 -0.349821 -0.619458 0.222370 -0.061814 -0.251541 0.348171 -0.197568 0.030736 0.421504 0.274993 -0.219628 0.372477 0.003293 -0.612222 -0.263349 0.021366 0.455008 -0.801020 0.177196 -0.041909 0.242030 -0.037444 0.176080 -0.880194 -0.209929 0.404947 0.106618 0.067962 1.029267 0.022515 0.128643 0.000587 0.066491 0.288789 0.095442 -0.285217 -0.093041 -0.018422 -0.657916 0.102520 0.527899
learn -0.191325 0.729520 -0.680905 -0.348025 -0.134077 0.119027 -0.161792 0.431748 0.058280 -0.610292 0.103056 -0.168632 -0.150922 0.036239 -0.400270 0.183255 0.161247 0.700560 0.157448 -0.090008 0.066147 -0.030573 0.021373 0.092623 -0.279216 -0.821590 0.309408 -0.034444 0.493658 0.682760 0.379541 -0.049010 -0.472397 -0.105005 -0.193624 0.570026 0.217350 -0.380988 0.503737 -0.054698 0.001440 -0.032834 -0.453647 -0.288197 0.043875 0.248865 0.260794 -0.412810 0.632693 -0.237928 -0.131007 -0.340422 -0.224055 -0.623912 0.518208 0.109947 0.435315 -0.000172 -0.181635 -0.464895 -0.240321 0.266281 -0.231615 0.708658
playing 0.352026 0.193628 -0.935226 -0.458236 -0.185639 0.246563 0.126745 0.297647 0.212897 -0.842240 -0.109379 -0.432006 -0.696103 0.913718 -1.132425 0.240676 -0.119217 0.277003 0.040511 0.568244 0.060995 -0.342767 -0.895833 -0.676351 -0.124205 -1.146660 -0.203072 -0.356110 0.518047 0.744715 0.538369 0.544670 -0.129319 -0.208183 0.033300 0.794204 0.686598 0.184895 0.334679 -0.485323 0.465026 -0.085798 -0.094242 -0.054870 -0.015398 -0.155217 -0.189414 -0.595037 0.639032 -0.379014 0.157331 -0.098215 -0.085896 -0.984792 0.693358 0.412778 -0.779902 0.059259 0.666944 -0.125635 -0.508217 0.055263 0.489070 0.224337
exploring -0.182314 0.507161 -0.645025 0.045486 0.039620 0.853168 -0.438670 0.602767 0.313631 -0.425094 -0.372899 -0.206419 -1.223630 0.889138 -0.892787 0.012369 -0.228917 -0.226434 -0.053353 0.206929 0.195017 -0.235284 -0.132727 -0.652828 -0.430898 -0.334018 -0.699303 -0.324042 0.054531 0.546872 0.117914 0.131560 -0.159313 -0.209316 -0.290653 -0.111298 -0.011777 0.238935 0.070541 0.387056 0.513973 -0.217117 -0.470727 -0.053160 -0.117409 -0.477362 -0.201845 -0.419007 1.105858 -0.272058 -0.195581 0.415985 -0.332504 -0.526991 0.386447 0.033983 -0.491520 0.382097 0.153282 0.101847 -0.561581 0.192186 0.448706 0.866280
riding 0.136893 -0.296119 -0.009317 -0.382592 -0.154239 0.593570 0.791424 0.053891 -0.065756 -0.361835 0.286123 0.356051 0.592602 0.151499 0.501605 -0.410616 -0.366927 0.998317 -0.075735 -0.616675 0.718571 0.245268 -0.040011 -0.116627 -0.567316 -0.051095 -0.944796 0.023313 0.324922 0.411577 -0.544708 0.178507 -1.143312 0.094414 -0.196996 0.597745 0.096308 0.052895 -0.276218 -0.124847 0.373108 0.317889 -0.375674 0.325345 -0.059003 0.642696 0.347600 -0.573929 0.219004 0.609185 -0.031827 -0.971810 -0.281434 0.103280 0.621051 -0.436287 -0.184450 0.900685 0.089119 -0.667875 -0.738529 -0.108338 -0.332532 -0.635537
skill -0.102821 -0.172020 0.033857 0.029881 0.517817 0.641480 0.499294 -0.139827 0.560899 -0.312685 -0.198975 0.085116 0.353260 0.156772 -0.285848 0.223369 -0.044633 0.446235 0.015599 -0.131064 0.234371 -0.201950 0.059991 0.172653 0.244435 -0.052661 0.138863 0.001425 0.225859 0.290590 -0.691358 0.418988 -0.663414 -0.130505 -0.748703 -0.020086 -0.019901 0.121259 -0.540376 0.069437 -0.097455 -0.221592 -0.334937 -0.327567 0.243866 -0.106271 -0.000683 -0.581653 -0.188392 0.491862 0.498250 0.063936 0.187656 -0.690426 0.557667 -0.278860 -0.306534 0.241874 0.374235 -0.550216 -0.323507 0.209102 0.075350 -0.860748
trust 0.602139 -0.220115 -0.335679 0.102546 -0.024698 0.586214 0.086679 0.513954 0.043892 -0.083527 -0.027316 0.151938 0.209313 0.061523 -0.205589 -0.297056 -0.269468 0.135966 0.397689 0.188245 0.580640 -0.263117 0.039235 -0.142858 -0.197562 0.050656 -0.231351 -0.208412 0.583832 -0.055972 -0.140259 -0.237018 -0.508053 0.062571 -0.287452 0.529404 -0.268705 0.096193 -0.443745 0.400148 0.091954 -0.269739 -0.161350 -0.408155 0.233994 0.270572 -0.512475 -0.014259 0.315216 0.128711 -0.300298 0.172286 0.160613 -0.339767 -0.262881 -0.100370 0.011316 0.145368 0.369858 -0.739804 0.171767 -0.551803 -0.209619 -0.358403
africa 0.196798 0.236708 0.158106 -0.541164 -0.511712 0.227535 -0.519387 0.624885 -0.180252 0.194701 0.540254 0.243251 0.678704 0.452692 0.245624 0.045854 0.172735 -0.255405 -0.863534 0.117011 0.327807 -0.759186 0.487520 0.006462 0.042619 -0.639564 -0.760190 -0.018646 -0.219419 -0.275042 -0.102846 -0.177967 -0.460917 0.792457 -0.314235 0.222562 0.223781 -0.345639 0.353804 -0.200900 0.502102 -0.234016 0.612812 -0.309227 -0.831212 0.176128 0.268974 -0.150877 0.230356 0.958698 -0.328280 -0.660906 0.111595 -0.127977 0.300716 0.621973 0.030369 0.047640 0.500808 -0.706272 0.309029 -0.442606 -0.219622 0.584915
second -0.166094 -0.008195 -0.024059 -0.245604 -0.297755 -0.435180 -0.066888 0.108526 0.301819 -0.172032 0.225751 0.085743 0.352290 0.794831 0.165511 -0.115496 0.709827 -0.593695 -0.465598 -0.575974 -0.109839 -0.976842 -0.257175 -0.316878 -0.074935 0.078668 0.111351 0.077708 -0.111280 0.122330 -0.029327 0.592331 -0.324759 1.264002 0.548787 0.295764 0.516901 -0.326206 0.335124 -0.536495 0.725014 -0.713043 -0.054183 0.122623 -0.459738 0.199911 0.335529 -0.637526 0.034792 0.364387 -0.505976 -0.248079 -0.078853 -0.265725 0.478600 0.287445 -0.510878 0.762495 0.643994 -1.065956 0.492054 -0.659851 0.486070 0.451877
continent -0.918804 0.317832 0.060629 0.518741 0.237489 0.870279 -0.608949 -0.058770 0.190486 0.386400 -0.400228 0.372298 0.214322 0.181425 0.339675 0.411473 0.890759 -1.213513 -0.472201 -0.902893 -0.387206 -0.882597 0.110333 0.037908 -0.267960 0.540213 -0.054222 -0.009390 0.216607 -0.110707 -0.241477 0.413656 -0.724973 0.971680 -0.538939 0.193602 0.084367 0.203027 0.396720 -0.352543 0.460136 -0.286766 0.350215 -0.338192 -0.719199 0.855956 0.197777 -0.238040 0.461953 0.356254 -0.324554 -0.094123 -0.149017 -0.352633 0.263757 0.176255 -0.144948 0.603271 0.511722 -0.395561 0.809530 -0.317786 0.073533 1.272125
barrier -0.218364 -0.412969 0.845791 0.129751 -0.428194 -1.095974 -0.618155 -0.182063 0.260467 0.020317 0.271132 -0.368963 0.479318 -0.213069 -0.339783 -0.002520 -0.121483 -0.022843 -0.535503 -0.383124 0.077330 0.092086 -0.259673 0.140983 -0.551616 -0.143702 -0.057938 0.274394 -0.234369 -0.671034 0.207945 0.639498 -0.049322 0.087506 -0.370254 0.723204 0.518569 0.448687 -0.095550 0.498111 -0.295754 0.335694 -0.149509 0.447088 0.288603 0.898560 0.190539 -0.242032 -0.228969 0.040939 0.728380 -0.094548 0.117784 0.134509 0.176533 0.050409 -0.855566 -0.132380 -0.214392 -1.253583 0.000171 0.426150 0.037701 0.167542
reef -0.881449 0.140387 -0.044975 0.367112 -0.307169 -1.065332 -1.071173 -0.011854 0.081082 0.072681 0.161577 -0.505754 0.483643 0.191017 -0.593330 0.294149 -0.203083 -0.269240 0.023780 0.201313 0.210114 -0.011229 -0.542032 0.193645 -0.203046 -0.224995 -0.231427 -0.032951 -0.348080 -0.598466 0.189765 0.276467 -0.023672 -0.455743 -0.632184 -0.279117 0.395679 0.243801 -0.532846 0.342637 -0.212733 -0.055100 -0.032714 0.384001 0.538887 0.436537 0.147591 -0.053119 0.374228 -0.297243 0.501394 0.058559 -0.157841 0.228995 -0.062611 0.064879 -1.018691 0.006259 0.038941 -1.082954 -0.044079 0.098485 0.419697 0.520982
mediterranean 0.364271 0.195809 -0.157710 0.366670 -0.204247 -0.502392 -0.323809 -0.349938 0.462359 0.655869 0.003123 -0.212993 0.816016 0.495895 -0.772650 -0.435152 -0.331298 -0.690069 -0.687786 0.227122 0.034566 0.102999 0.757081 -0.537793 -0.362244 -0.438050 -0.550368 -0.056932 -0.079947 0.547147 -0.225797 0.255050 -0.501788 -0.103807 0.051928 -0.002723 0.156146 -0.411268 -0.333426 0.287941 0.212672 -0.167563 -0.062605 0.419480 -0.164019 0.280824 0.847721 0.403255 -0.362546 0.257237 -0.050452 -0.853424 -0.200642 0.265295 0.292997 0.313543 0.250293 -0.572831 -0.398616 -0.369330 0.193190 -0.097928 0.182460 0.514664
beautiful -0.632634 0.533975 -0.326888 0.231858 -0.487912 -0.271758 -0.148149 0.024573 -0.165456 0.770803 -0.402245 0.436016 0.130375 0.052117 -0.005991 -0.376594 -0.288370 -0.224532 -0.356794 0.440440 0.192543 -0.247832 0.601640 -0.740260 -0.220213 0.064037 0.035527 0.005249 -0.077647 0.434853 0.421065 0.021701 -0.479088 -0.169737 -0.256486 0.426098 0.081785 -0.445673 -0.443924 0.853627 0.214723 0.121334 -0.463516 0.159356 0.033674 -0.263130 0.629151 0.464683 0.228132 -0.021300 -0.273167 0.434627 -0.105877 -0.122516 -0.072819 -0.112208 0.071960 -0.497845 -0.452633 -0.422593 0.050884 -0.058261 0.097476 0.267456
arctic -0.107517 -1.258168 0.354463 -0.396440 0.643285 0.063264 0.187953 0.080791 0.280201 -0.622072 0.513098 -0.156823 0.275966 -0.037144 -0.394824 -0.106100 -0.428401 0.040065 0.083925 0.071691 0.032482 -0.196925 -0.086419 -0.441378 -0.214430 -0.104396 -0.764506 0.676208 0.040365 0.809081 0.837412 0.178537 0.096946 0.401182 -0.013885 -0.107866 0.219873 -0.508837 0.178222 -0.188253 -0.146507 -0.195388 -0.984767 0.252466 -0.378606 -0.291519 -0.233587 0.343196 0.109454 0.188496 0.388364 -0.825701 -0.028243 0.075377 0.444061 -0.503340 0.012160 -0.658204 -0.335512 0.117438 0.008810 -0.529836 0.215546 -0.168879
antarctic -0.357931 -0.664761 -0.233331 -0.067930 0.539466 -0.093410 -0.105950 -0.157477 0.526806 -0.774139 -0.046477 0.046700 -0.054378 0.034487 -0.121967 0.095035 -0.423077 -0.349243 0.303164 0.538026 -0.647317 -0.632272 -0.613947 -0.246131 -0.486836 0.561045 -0.409805 0.621204 0.070848 0.535934 0.096583 0.165128 0.243936 0.089604 0.184360 0.089915 -0.125396 0.533732 -0.848330 0.378588 -0.190349 -0.073747 -0.356215 0.154106 0.567651 0.058588 -0.052055 -0.245085 -0.500687 -0.214606 0.411909 -0.386173 -0.088389 -0.122882 0.077584 -0.252699 -0.087204 -0.248438 -0.142452 0.149884 -0.621209 -0.549858 -0.257992 0.021364
frozen -1.076944 -1.043431 -0.754899 0.054273 0.800110 0.246389 0.408313 -0.072881 0.481219 -0.813117 -0.058627 0.022591 0.112468 0.161702 -0.293488 0.577250 -0.527971 -0.531672 -0.022525 0.537769 -0.187647 -0.329092 0.638069 -0.404068 -0.915655 0.332320 -0.416858 0.353006 -0.308038 0.779196 0.139816 -0.453045 -0.235545 0.147040 -0.710817 -0.225937 -0.074065 0.170073 -0.568647 0.454547 -0.312570 -0.250056 -0.683593 0.797530 0.199156 0.147563 -0.025385 -0.427530 0.456608 0.214833 0.388781 -0.225678 -0.200517 -0.079885 -0.567184 -0.697039 0.241703 -0.181319 0.116367 0.282430 -0.177413 -0.636951 0.211645 0.212454
polar -1.032214 -1.028129 -0.503927 0.379691 0.512839 0.775117 0.945829 0.452023 -0.269672 -0.641740 0.399402 0.454660 0.242209 -0.068068 -0.142608 0.224784 -0.466572 -0.270740 -0.302099 0.187796 -0.040672 -0.135321 0.621584 -0.271841 -0.615528 0.454489 0.010343 0.405645 -0.329119 0.911100 0.219281 0.038335 -0.019454 0.493341 -0.626570 -0.156613 -0.165123 0.078379 -0.583317 0.538440 0.181231 0.248961 -0.808037 0.636074 0.042287 -0.118162 -0.163227 0.034721 -0.025884 -0.015812 0.515435 0.178691 -0.339818 -0.259099 -0.052242 -0.592511 0.271253 -0.302201 -0.118338 0.275176 0.377751 -0.392410 -0.029867 0.039032
regions -0.677421 -0.900546 -0.490057 0.118576 0.234702 0.572356 0.851835 0.290426 0.035082 -0.077821 0.174788 0.175720 0.121742 -0.015338 0.165285 -0.143471 -0.298357 0.033871 0.050168 0.257844 0.122097 -0.014345 0.608118 -0.457604 -0.423451 0.456104 -0.304216 0.080309 -0.227563 0.967895 0.099688 -0.041758 0.050163 0.519113 -0.439132 -0.222879 -0.276665 -0.013451 -0.659617 0.903298 -0.525387 0.126616 -0.543286 0.430350 0.092565 0.017617 -0.532188 -0.299288 0.358284 -0.157295 0.113948 -0.440302 0.179577 0.303470 -0.070386 -0.355214 0.177725 -0.375993 -0.205571 0.200160 0.014750 -0.347132 0.161512 0.246808
martial 0.059898 0.160505 0.051722 -0.102183 0.539594 1.147478 -0.204579 -0.013149 0.162196 -0.365944 -0.253253 -0.505188 0.092188 0.066859 -0.359472 -0.102947 -0.309296 0.876177 -0.541411 0.205893 0.295817 0.333645 0.361800 0.934712 0.160527 -0.377467 -0.198794 0.497136 0.298799 0.262064 -0.218090 -0.607634 -0.820695 0.526340 0.082298 -0.286183 -0.024749 -0.025433 -0.030514 0.451959 -0.268318 0.177066 0.357715 -0.035937 -0.533295 -0.070750 -0.195414 0.066895 0.459987 0.090741 -0.056024 -0.636691 -0.324573 0.016945 -0.092173 -0.310847 -0.284105 -0.712568 0.915599 -0.519744 0.493178 -0.173220 -0.184177 -0.041534
arts 0.257208 -0.130098 -0.078413 -0.191076 0.619051 0.526980 0.004517 -0.063718 -0.081234 -0.662979 0.505409 -0.844999 0.706025 0.520613 -0.437558 -0.026045 -0.077016 1.009270 -0.065075 0.077840 0.248798 0.293768 0.029594 0.272075 -0.294780 -0.190101 -0.552073 0.071241 0.198066 -0.028547 -0.017811 0.081663 -0.306591 0.732902 0.731898 0.025114 0.014256 -0.128250 -0.198348 0.229459 -0.095084 0.034067 0.155725 0.524327 -0.236517 0.027425 -0.514825 0.123310 0.252636 0.004098 -0.069685 -0.808495 -0.050589 0.387404 -0.460278 -0.322044 0.066309 -1.017787 0.390800 -0.381145 0.487940 0.216361 0.049758 -0.258563
teach -0.463015 -0.475888 -0.717996 0.218194 0.469296 0.398981 -0.051005 -0.240909 0.029594 -0.447961 0.036142 -0.399183 0.151266 0.293033 -0.402070 -0.226825 0.029914 0.811355 -0.714322 -0.097617 -0.215511 0.506212 -0.187007 0.421796 -0.255267 -0.135517 -0.242666 -0.065083 0.460882 0.483298 0.258381 -0.157666 -0.046670 1.203117 0.494727 0.458227 -0.223523 0.320819 -0.088221 0.230330 -0.276386 0.079981 0.525006 0.305257 -0.290491 0.095845 -0.171573 -0.301125 0.570474 -0.611455 -0.019117 -0.841667 0.091078 -0.147531 -0.158056 -0.453949 -0.388783 -0.649937 0.754584 -0.745057 0.336461 0.111311 0.047284 -0.234272
discipline -0.390994 -0.152843 -0.961327 0.159583 0.289835 0.307537 -0.109082 -0.100024 0.285150 -0.539199 0.159346 -0.718749 0.358624 0.385658 -0.448538 0.038063 0.063068 0.173362 -0.054025 0.127584 0.388818 0.282190 0.124214 0.358832 -0.421635 -0.277241 0.099843 -0.183616 -0.322989 -0.156916 -0.348518 -0.393246 -0.152726 0.835583 -0.112952 0.148445 0.144651 0.328493 -0.285758 0.154807 0.058488 0.023160 0.345664 0.529666 0.100555 -0.628877 -0.223162 -0.203478 0.530454 -0.746057 -0.021999 -0.552943 0.196797 -0.102643 -0.518478 0.210282 -0.346963 -0.502136 0.972600 -0.939459 0.671348 0.287360 0.099739 -0.435048
respect -0.310981 -0.078985 -0.896584 0.003811 0.653686 0.571318 -0.183339 0.016588 0.361201 -0.421086 0.313364 -0.833696 0.215830 0.457463 -0.063184 0.052295 0.244998 0.048451 -0.413168 0.201158 0.117321 0.285359 -0.016857 0.740676 -0.506318 0.018430 0.080608 -0.292884 0.041633 0.617549 0.192924 -0.360180 -0.360951 0.359358 -0.266260 -0.088034 -0.098896 0.195591 -0.410822 -0.256137 -0.304232 0.098952 0.381177 0.299829 -0.061349 -0.115581 -0.107654 0.459906 0.622241 -0.779128 0.240871 -1.029426 -0.492011 -0.638208 -0.118310 -0.237347 0.486171 -0.494275 0.853985 -0.596401 0.228899 0.014066 0.234022 -0.200304
selfdefence -0.709311 -0.043662 -0.271730 0.561365 0.234049 1.226774 -0.265936 0.339839 -0.252512 -0.078376 0.045073 -0.423193 -0.544394 0.208021 0.167188 0.042256 -0.190307 -0.050521 -0.540734 0.051676 -0.168476 0.506679 0.000773 0.263503 -0.253335 0.055308 -0.082230 -0.131091 -0.243898 0.074247 -0.250911 -0.145261 -0.526169 0.662060 -0.428823 0.011297 0.356416 0.060574 -0.504094 1.358952 -0.207681 0.255012 0.062232 -0.330869 -0.387422 -0.253644 -0.095715 0.057756 0.555368 -0.878682 -0.207775 -0.363128 0.034833 -0.145275 -0.271430 0.137071 0.180405 -0.184196 0.249165 -0.439677 0.328696 -0.123782 0.118692 -0.034576
happiness 0.645076 -0.508468 0.086130 -0.096866 -0.322389 0.415924 0.095686 0.520722 0.106357 0.301142 -0.115890 -0.172886 0.001611 -0.107866 -0.223079 -0.071710 0.025479 0.171341 0.009101 -0.231578 0.900740 0.431036 0.058236 0.647716 0.256438 -0.229813 -0.822125 -0.140764 0.348946 1.330171 0.598241 -0.071485 -0.477783 -0.538675 0.651429 -0.004621 -0.438177 -0.212858 -0.033983 0.087537 0.194122 -0.059412 -0.540890 -0.210782 -0.401327 -0.337964 -0.224965 0.055936 -0.105925 0.789104 0.122217 0.440453 0.109546 -0.327018 0.108408 -0.674322 0.495639 -0.095958 -0.167940 -0.086408 0.198726 -0.418112 0.130178 0.368632
comes 0.913572 -0.587404 0.465302 0.294631 -0.093578 0.133474 -0.213641 -0.996318 -0.209533 -0.014627 0.375446 0.133236 -0.193208 -0.034798 0.200563 -0.020916 0.344544 0.741747 -0.423757 -0.287663 0.706642 0.212265 -0.292234 0.043315 0.122218 -0.009382 -0.375704 -0.298552 0.262914 0.649935 0.197125 0.020000 0.109671 0.197530 0.739788 0.294229 -0.134540 0.128250 0.003913 0.160208 0.297448 0.126388 -0.288972 0.121694 0.506660 -0.036246 -0.037077 -0.151389 0.018589 0.814468 0.264908 0.233079 0.028201 -0.091205 -0.216648 -0.583939 0.429061 -0.509124 -0.303732 -0.493071 -0.236712 -0.588626 0.240033 -0.156335
meaningful 0.296667 -1.492695 -0.568755 0.290148 -0.424550 -0.004570 -0.013155 -0.031934 -0.014839 0.138163 -0.103674 -0.086133 -0.200055 0.508305 -0.715164 -0.103791 0.186691 0.151668 -0.485395 -0.107289 0.417592 0.346706 -0.156422 0.075135 -0.446625 -0.038722 -0.270382 -0.714642 0.139493 0.806223 0.456678 -0.915801 0.085074 -0.319549 0.392168 0.180214 -0.171104 0.041705 -0.843452 -0.094698 -0.158565 0.095744 -0.133875 0.166915 -0.002261 0.298708 -0.213639 -0.765968 0.323558 -0.245608 0.049442 0.729636 -0.125187 -0.200557 -0.466886 -0.020549 0.114739 -0.432723 0.245524 -0.608899 0.205562 -0.164476 0.352887 0.197370
relationships 0.410887 -0.109493 -0.059055 0.574530 0.255868 0.392171 0.213671 0.196469 0.251123 0.086530 -0.134715 0.774307 -0.341941 -0.129665 -0.190244 -0.011827 -0.352305 -0.029814 -0.476510 -0.241369 0.288748 0.141517 0.586366 -0.169089 -0.289093 0.199622 -0.600090 -0.836947 -0.460654 0.438491 -0.025235 -0.159397 -0.619122 -0.450271 -0.094633 0.638146 0.160183 -0.339571 -0.157421 0.477316 0.490449 -0.209978 0.022778 0.145831 0.058376 0.265754 -0.287430 -0.319520 0.839822 -0.024646 -0.103285 0.551772 -0.110045 0.174704 -0.175530 -0.595198 0.103245 -0.270986 0.289306 -0.378402 0.077723 0.217622 -0.018515 0.268436
purpose 0.650050 -0.844813 -0.256780 0.377625 -0.671780 0.692142 0.295798 0.531555 0.304281 0.441757 -0.412875 0.267306 0.003320 0.043026 -0.385597 -0.001234 0.045691 0.171954 -0.673399 -0.548346 0.267027 0.160839 -0.009557 0.069669 -0.232286 0.015489 -0.401693 -0.478220 -0.102828 0.751625 0.597796 -0.162474 -0.330520 -0.375511 0.003474 0.327276 -0.226225 -0.082844 -0.354838 0.816249 -0.195588 0.356532 0.255628 0.437431 -0.287943 -0.032769 -0.146123 -0.772469 0.158870 -0.273928 -0.062893 0.353695 0.242789 -0.017790 -0.053083 -0.259103 0.641927 -0.753685 -0.344467 -0.254819 -0.078904 0.064973 0.212184 0.484596
algorithms 0.163192 0.507100 0.160805 -0.760116 -0.076665 0.121536 0.043955 -0.700295 -0.471296 0.300510 0.261675 0.198348 0.696457 -0.853714 0.014575 -0.122823 -0.025921 0.520409 -0.252733 -0.322164 0.390853 0.414575 -0.234424 -0.060740 0.341697 -0.310189 -0.993851 0.835765 -0.224601 -0.147640 0.229658 -0.080349 -0.437959 -0.495223 -0.046009 0.442440 0.310614 0.063551 -0.189547 0.593027 0.193550 -0.500482 -0.031292 -0.102895 -0.737247 -0.154935 0.382927 0.441921 0.052240 0.341375 -0.084186 0.320758 0.381094 -0.273611 -0.418002 -0.299496 0.398776 -0.331730 0.871871 0.063329 -0.046923 0.095026 0.170733 -0.034890
stepbystep -0.136443 0.456285 -0.539109 -0.081937 -0.015210 0.340030 -0.272694 -1.013119 -0.904866 0.172073 0.098327 0.593458 0.384693 -0.324922 -0.315299 -0.533198 0.430241 -0.207381 -0.321312 -0.359284 0.403585 0.154782 -0.603642 0.115271 -0.133302 0.420873 -0.148765 0.713603 0.173069 -0.172337 0.269714 0.327178 -0.439053 -0.379402 -0.305651 0.285229 0.481212 0.297580 -0.341449 0.186240 0.421963 0.102619 0.275011 0.104346 -0.170998 0.222987 0.259495 0.591798 0.154548 -0.517504 0.113679 0.788904 0.083343 -0.338843 -0.102674 -0.558000 0.959149 0.078636 0.688312 -0.065175 -0.154502 0.155651 0.064699 -0.100359
instructions -0.432075 0.506423 -0.352714 0.083209 0.198204 0.766584 -0.239382 -0.489770 -0.487820 0.223231 0.061633 0.756756 -0.152651 -0.594596 -0.185146 -0.512110 0.208531 -0.248897 -0.295306 -0.227916 0.019735 0.358655 -0.129735 -0.601897 0.107112 0.293362 -0.371398 0.114169 0.154807 -0.796291 0.500259 0.043633 -0.189812 -0.497216 -0.415780 0.599645 0.448823 0.266570 -0.554947 0.634868 0.167038 0.003677 0.140533 0.223007 -0.254417 0.097447 0.125748 0.452944 0.216330 -0.044141 -0.273187 0.754828 0.452732 -0.091940 -0.258543 0.244288 0.708467 0.418590 0.068392 0.273915 0.182049 0.223498 -0.064260 0.068868
plants 0.483148 -0.534444 0.082724 -0.431272 0.386915 0.586993 -0.757215 -0.195099 -0.437223 0.204076 0.466760 0.218145 0.543201 -0.360286 -0.030751 -0.251099 0.078691 1.136407 -0.208442 0.259483 0.266479 0.039046 0.762353 0.133204 0.417961 -0.056571 -0.674206 0.287335 0.115598 -0.316084 0.207198 -0.107803 0.150998 -0.277386 -0.055481 -0.034923 0.566380 0.169772 0.830701 0.108498 -0.293364 -0.048570 0.228645 -0.117105 -0.809632 0.011867 -0.294599 -0.191522 -0.283567 0.504878 -0.779621 0.453016 0.298122 -0.274103 0.332814 -0.787371 -0.059020 0.211146 -0.258084 0.040804 0.383711 0.594034 -0.422587 0.275209
use 0.458214 -0.473380 0.247103 -0.164394 0.370274 0.340314 -0.165803 -0.318017 -0.253915 -0.515025 0.589036 0.461316 0.610973 0.031824 -0.528392 0.162034 0.370190 1.445448 -0.128894 -0.163260 0.216987 -0.323813 0.644536 -0.207579 -0.026483 0.029403 -0.133815 0.242528 0.152288 -0.175408 -0.203050 0.694412 0.406330 -0.019226 0.461374 0.042601 0.159992 0.051876 0.493089 -0.061225 -0.297606 -0.608741 0.268373 0.349775 -0.509090 0.211768 -0.335548 -0.337269 -0.829535 0.492387 -1.158183 0.311057 0.136344 0.098560 -0.072483 -0.276591 0.096679 0.364116 -0.558202 -0.223043 0.412870 0.373786 -0.224727 -0.108665
sunlight -0.078794 -0.711126 -0.222835 -0.249905 0.298258 0.037944 -0.667558 -0.144089 -0.536915 -0.285051 0.480867 0.076178 1.117443 -0.087084 -0.297589 -0.639769 0.091131 1.334653 -0.025169 0.245716 0.016238 0.281642 0.108446 -0.081233 0.589946 -0.470708 -0.545731 0.606051 0.575616 -0.158086 0.241140 -0.145091 0.508777 -0.109250 0.071831 0.158332 0.336197 0.315676 0.712003 0.074483 0.379167 -0.593344 0.358714 0.424600 -0.260371 -0.151766 0.143528 -0.861502 -0.593424 0.250475 -0.632433 0.823063 0.422143 -0.153975 0.214554 -0.782323 -0.107391 0.300939 -0.373543 -0.212257 0.427874 0.643187 0.069693 0.172526
photosynthesis -0.532714 0.133521 -0.579589 -0.023919 -0.003141 0.634045 0.208856 -0.067361 -0.282371 -0.063837 0.031647 0.602659 -0.051917 -0.281411 0.331112 -0.137082 0.097323 0.740439 -0.510482 -0.303872 0.364520 0.395024 0.284727 -0.003568 0.302365 0.067916 -0.220687 0.003653 0.322628 -0.742157 -0.126113 0.119413 0.014754 0.225064 -0.308087 0.812207 0.410552 0.689749 0.057208 0.372394 0.375291 -0.097545 -0.273610 0.016297 -0.479286 0.307585 -0.163453 -0.316218 0.051777 0.112062 -0.313159 0.477817 0.109022 -0.246116 0.062636 0.214054 -0.034860 0.418883 -1.488208 0.115907 0.505658 0.188919 -0.381819 0.540561
butterflies 0.250481 0.043672 0.464303 -0.449770 -0.447506 0.396441 -1.143425 -0.684292 0.721059 -0.436348 0.163449 -0.083723 0.495695 -0.246442 0.565103 0.123438 -0.649407 0.234267 -0.186548 -0.186208 0.418383 0.420483 0.457779 -0.133305 0.705299 -0.643656 0.305992 -0.193683 -0.294812 -0.185985 -0.395583 0.245160 0.007013 -0.391442 0.196190 -0.209803 0.304375 -0.329144 0.146263 0.189880 -0.479003 0.003034 0.030896 -0.413205 -0.033675 0.054414 -0.538350 0.146270 -0.062126 -0.273648 0.252954 -0.029114 -0.159545 -0.088137 0.074831 0.058996 -0.159440 -0.861791 -0.035045 -0.211881 0.007025 -0.270734 -0.088461 -0.404598
bees -0.082218 -0.521086 -0.212461 -0.374375 -0.686982 0.129009 -1.312033 -0.517636 1.218355 -0.207958 0.513979 -0.214644 1.054089 -0.075741 0.179293 -0.493189 -0.665279 -0.132846 -0.412053 -0.486124 0.793668 0.183564 -0.307275 -0.569576 0.358837 -0.930471 -0.114309 -0.492887 0.135336 0.313311 -0.129037 0.317301 0.093152 -0.192143 0.704385 -0.023324 0.286053 -0.146346 0.035178 0.168366 -0.224508 -0.055242 0.265160 -0.136680 -0.361539 0.546241 0.037967 -0.038758 -0.097036 -0.198621 0.344028 -0.249193 0.262886 -0.417277 0.092543 -0.014676 -0.182551 -0.580587 -0.265825 0.003089 -0.454500 -0.660946 -0.001373 -0.162192
visit -0.332366 -0.042322 -0.265928 -0.297701 -0.651151 -0.158027 -1.228208 -0.747056 1.442754 -0.546090 0.309301 -0.243331 0.996108 -0.022166 0.205200 0.092354 -0.508860 -0.213913 -0.102023 -0.251518 0.303938 0.252635 -0.555585 -0.815709 0.211658 -0.413238 -0.040344 -0.502103 0.440241 0.016593 -0.376703 0.295272 0.167679 0.051342 0.611997 0.287922 0.622348 -0.103380 -0.107999 -0.073733 -0.285500 0.099390 -0.266168 -0.365807 -0.036310 0.582806 -0.482685 -0.148318 0.037234 -0.794255 0.643694 -0.245597 0.070782 -0.980082 0.179591 0.015234 -0.417805 -0.413113 -0.237037 -0.503154 -0.713490 -0.463422 0.231811 -0.357453
flowers -0.409909 -0.314730 -0.434459 0.225654 0.199814 0.254289 -1.156465 0.000902 1.456316 0.057319 0.238698 0.215489 0.555457 0.055779 -0.022591 -0.151470 -0.489991 -0.823450 0.172515 -0.004583 0.645240 -0.383351 -0.421884 -0.325420 0.161293 -0.149119 0.165616 -0.124734 -0.011277 0.264504 -0.137566 0.072115 -0.123983 -0.041631 0.421836 -0.228426 -0.014528 -0.266406 -0.612808 -0.015297 -0.196779 -0.063682 -0.095206 0.129026 0.443779 0.340056 -0.261796 -0.313729 0.118386 -0.689377 0.456003 0.327458 -0.401428 -1.031493 -0.026783 0.040492 -0.303991 -0.231441 -0.103030 -0.377694 -0.364930 -0.534649 0.040806 -0.104901
garden -0.278640 0.243850 0.347242 -0.230919 -0.072537 0.863010 -0.676886 0.020531 0.917114 0.063236 -0.078733 0.312247 -0.229528 -0.158957 0.462405 0.154024 -0.608002 -0.631800 0.367097 0.248495 0.170061 0.403374 -0.313643 -0.147535 0.154113 0.213729 -0.197016 -0.434416 -0.227362 0.036082 -0.148140 0.097392 -0.103719 0.283189 -0.197512 -0.121254 0.186175 0.007896 -0.900681 0.529361 -0.315808 0.538995 0.200921 -0.139376 -0.057915 0.119124 -0.363034 -0.368205 0.059326 -0.681425 0.514175 0.130272 -0.248844 -0.679179 0.347469 0.244332 0.142239 -0.184322 -0.582468 -0.363947 -0.261585 -0.883570 -0.309301 0.473140
satellites -0.041426 -0.399449 0.663599 0.331864 0.586084 1.047593 -0.047390 -0.021748 0.857223 0.020692 -0.167198 0.003242 -0.158751 -0.470306 0.174242 -0.217652 0.338143 0.050238 -0.633166 0.082468 0.597486 -0.032953 -0.214867 0.080872 -0.017827 -0.795513 -0.036059 0.796007 -0.276861 -0.261128 -0.031966 -0.287279 -0.219035 -0.124203 0.735085 0.177276 0.890982 0.068806 -0.095894 -0.011524 0.055315 -0.254098 -0.734474 -0.423860 -0.080210 -0.368171 -0.011168 -0.339659 0.199169 0.245136 -0.644535 -0.832732 0.204991 -0.199299 -0.450553 0.015042 -0.353625 0.828167 -0.333650 0.046069 0.198579 -0.870351 -0.092590 -0.259762
orbit 0.349646 -0.625993 0.215264 -0.069298 0.660327 0.880970 -0.454349 -0.217851 0.806945 -0.329352 -0.142980 -0.417133 -0.496408 -0.585582 -0.296046 -0.808871 0.050344 0.048024 -0.618536 -0.708721 0.466050 -0.213210 -0.550211 -0.007698 -0.150789 -0.629003 0.069728 0.511568 -0.135887 -0.093622 -0.039812 0.024701 -0.218337 0.494655 0.649663 0.259466 0.295613 -0.030685 -0.085215 -0.660671 0.156427 -0.058198 -0.310280 -0.193957 -0.256536 0.442799 0.282441 -0.336219 -0.322955 -0.112724 -0.529705 -1.244061 0.496833 0.083007 -0.558414 -0.209709 -0.285333 0.954382 -0.165649 0.255389 0.228969 -0.384412 0.477789 -0.256343
transmit -0.068301 -0.015543 -0.119685 0.344382 0.664659 1.130456 -0.225049 -0.172523 0.483365 0.105992 -0.743628 0.146760 -0.015243 -0.420234 -0.221377 -0.146127 -0.649843 -0.162426 -0.520054 -0.387509 0.280471 -0.694710 0.035529 -0.204993 -0.146642 -0.014554 0.556942 0.746700 -0.317776 0.165241 -0.260427 0.261507 -0.760885 -0.469355 -0.154525 0.141584 -0.210522 0.335204 -0.405101 -0.890799 0.268408 -0.367888 -0.429966 -0.129195 0.308380 -0.107981 -0.219693 0.030790 -0.011374 -0.607166 -0.131104 -0.151563 -0.094612 -0.261860 -0.469272 -0.502067 -0.314673 0.637031 -0.232641 -0.023235 0.400139 -0.151775 0.345779 0.500402
signals -0.638205 -0.514562 0.055136 0.274840 0.477602 1.139669 -0.119743 0.224685 0.338061 0.397446 -0.418171 0.207371 0.325939 -0.116151 0.400261 0.356013 -0.463044 0.204566 -0.671055 0.161737 0.370727 -0.020570 0.193179 -0.855119 -0.207608 0.047609 0.793668 0.418898 0.002565 -0.279468 -0.245086 0.140380 -0.336248 -0.509298 0.438011 0.381985 -0.040562 -0.034198 -0.457833 -0.082822 -0.043338 -0.292390 -0.264679 -0.403907 0.298254 -0.528799 0.367913 -0.242148 0.175282 -0.361122 -0.462647 -0.347850 0.124535 -0.123658 -0.473184 0.208730 -0.680284 0.494197 -0.490748 0.389746 0.386675 -0.395639 0.403958 0.895717
apples -0.023346 0.103020 0.449879 -0.328290 0.457507 -0.102710 -0.326684 0.200662 0.071003 -0.132723 0.321743 -0.002982 -0.345584 0.303644 -0.419184 -0.669836 -0.204086 0.330735 -0.414994 0.332274 -0.039270 -0.373499 0.380817 -0.349191 0.737098 -0.263676 -0.738033 0.455340 0.262816 0.340538 0.107593 0.314085 -0.301412 0.305679 0.246151 -0.430738 0.340697 -1.411186 0.598742 0.493502 0.146890 -0.534454 -0.028627 -0.599616 0.227858 0.065420 -0.012591 0.704049 0.344893 0.208115 -0.241379 -0.097231 -0.031454 0.346398 0.071012 -0.370413 -0.003867 -0.533042 0.265712 0.305964 0.730988 -0.336332 0.442127 -0.028739
oranges -0.686062 -0.032523 -0.007339 -0.179425 0.567786 -0.396035 -1.066142 0.433720 0.181857 -0.325154 0.474100 0.250956 -0.287339 0.542546 -0.807720 -0.581070 -0.439726 0.207044 -0.472125 -0.396139 -0.224612 -0.641312 -0.251614 -0.870385 0.786144 -0.408950 -0.661356 -0.021497 0.278682 0.054034 0.252780 0.507481 0.272251 0.686841 0.387045 -0.157322 0.576318 -1.300018 0.153079 0.518180 0.190653 -0.907613 -0.109384 -0.031555 0.041910 0.035536 -0.226856 -0.053258 0.246379 0.507969 0.239867 -0.272107 0.270148 0.009664 -0.471358 -0.928672 -0.275928 -0.571431 0.002712 0.184984 0.064034 -0.816644 0.745657 -0.040980
common -0.538310 0.635709 -0.192154 -0.024235 0.536485 -0.588110 -0.955427 -0.267776 0.010934 -0.210646 0.124308 0.297967 -0.643678 0.108902 -0.527258 0.385713 -0.125936 -0.181574 -0.447483 -0.123065 -0.184535 -0.389233 -0.299210 -0.281301 0.506050 0.276585 -0.156210 0.286816 0.073698 -0.172954 0.207067 0.265969 -0.450111 0.400566 -0.394537 -0.432662 0.736169 -0.317794 -0.322312 -0.391617 0.239233 -0.779399 -0.646296 0.066278 0.537037 0.298665 -0.173080 0.271732 0.425509 -0.078581 0.230104 0.098651 -0.370479 -0.143071 -0.065732 -0.771845 0.184908 -0.295006 0.036599 -0.020062 -0.196354 -0.399569 1.131251 -0.551120
fruits -1.008127 -0.229782 -0.252435 -0.237616 0.134164 0.003626 -0.874746 0.487783 0.274239 0.089031 0.341720 0.567030 -0.577877 0.588719 -0.490461 -0.728567 -0.181585 -0.327165 -0.440029 0.000927 0.257280 0.091332 -0.296228 -0.964145 0.628980 0.274889 -0.497150 0.175350 0.255817 -0.044611 0.079514 0.089061 -0.098035 0.576455 -0.546627 -0.472615 0.625447 -0.536366 -0.214001 0.293445 0.264316 -0.683773 -1.100990 0.065453 0.816305 0.108221 0.079753 -0.152084 0.904998 -0.680282 0.329447 1.023269 0.136064 0.032756 -0.354113 -0.953335 -0.352756 -0.486902 -0.556981 -0.315902 0.228312 -1.262553 0.680296 -0.284315
market -0.464823 0.697550 0.583260 -0.280185 0.299928 -0.047018 -0.530448 0.213792 0.463773 0.264127 -0.106885 0.637567 -0.511178 0.020876 -0.408711 0.183947 0.130768 -0.396279 -0.187197 0.158523 -0.049880 -0.245528 -0.151524 -0.539402 0.231904 0.707410 -0.373917 0.137671 0.046188 -0.341968 0.349326 0.339492 0.084251 0.621261 -0.769142 -0.025399 0.287012 -0.526681 -0.363274 0.295709 0.378727 -0.230808 -0.192830 0.154397 -0.154811 0.286021 -0.165447 -0.389108 -0.012897 -0.249987 0.444792 0.247445 0.557418 0.275573 0.095784 -0.763152 -0.430691 -0.285184 -0.764375 -0.003195 0.037764 -1.009576 -0.014382 0.618899
teachers -0.239329 0.740819 0.271024 -0.609364 -0.004569 -0.282203 -0.000032 0.170052 0.442642 -0.196410 -0.142832 -0.670055 0.783758 -0.254276 0.259227 0.000406 0.171325 -0.186737 0.026761 -0.070596 0.247958 -0.104701 -0.099535 0.451813 0.146086 -0.401884 -0.708229 0.186668 0.109225 0.270949 0.060403 0.357516 -0.080219 -0.153477 0.151746 -0.663234 0.148402 -0.433830 -0.128402 -0.177354 0.248422 1.055932 -0.073273 0.119002 -0.386304 0.012752 -0.216271 -0.176682 0.214115 0.627833 -0.175004 0.125247 0.318480 -0.064607 0.584954 0.221037 -0.401587 0.133973 0.497259 0.636714 -0.053759 -0.896830 -0.568941 -0.137809
students -0.734347 0.098922 -0.177450 -0.206078 -0.227545 -0.433881 -0.052371 0.128494 0.069704 -0.218890 0.235844 -0.430364 1.006575 -0.276967 -0.213749 -0.315412 0.369791 -0.125183 -0.006457 -0.277488 -0.074833 0.198106 -0.455898 0.142363 -0.009203 0.077353 0.159815 0.189964 0.478998 -0.342421 -0.354066 0.002181 0.201095 0.183415 0.134954 -0.833141 -0.178038 -0.248597 -0.117534 0.079973 0.295883 0.969158 -0.018802 0.137819 0.060642 -0.089654 -0.040079 -0.631312 0.235637 0.066369 -0.135347 0.722052 0.169671 -0.374157 0.020091 0.141782 -1.062497 0.650881 0.963602 0.156131 0.087986 -0.468660 0.156291 0.027508
difficult -0.686092 0.405325 0.347601 0.905606 0.115602 0.275327 -0.375045 0.246949 -0.064224 -0.335596 -0.267609 -0.279285 0.638318 -0.566058 -0.021779 0.115295 0.286687 -0.057908 0.623757 -0.551895 -0.025496 0.489962 -0.513271 0.435572 0.104240 0.363828 -0.188029 0.123369 0.631345 0.084963 -0.113029 0.345955 0.295602 0.115422 -0.225977 -0.907221 -0.034059 0.035318 -0.337011 -0.150619 0.582707 0.279884 0.075243 0.084736 0.047712 -0.279449 -0.490479 -0.105987 0.374207 0.323273 0.478073 0.394964 -0.705475 -0.300512 0.484649 -0.026097 -0.177075 -0.125042 0.089916 0.700206 -0.342223 0.064619 -0.402230 -0.215010
subjects -0.711824 0.438183 0.093812 -0.294977 -0.236561 0.645049 0.448519 0.377590 -0.038824 -0.105396 -0.270600 0.287639 0.418696 -0.561909 -0.211452 0.157358 0.393241 -0.247683 0.133670 -0.066896 -0.657614 0.322308 -0.289024 -0.222613 -0.247559 0.722025 -0.019120 -0.045013 0.108905 -0.377242 0.108548 -0.231360 -0.314166 0.086773 -0.360365 -0.357070 -0.052059 -0.027682 -0.053804 0.506062 0.370502 1.234877 0.217908 0.444437 -0.410822 0.276931 -0.266250 -0.159591 0.435753 0.212371 0.160476 0.621336 0.222997 -0.224000 -0.210883 0.449582 -0.322454 0.109940 0.041398 0.215843 -0.273294 -0.507346 -0.124858 0.756411
slowly 0.468605 0.450570 0.249450 0.208782 -0.408612 -0.249097 0.161129 0.220326 -0.106085 0.291581 0.248104 -0.152044 0.074566 -0.013065 -0.526716 -0.093156 -0.205310 -0.221958 1.142825 -0.224333 0.908936 -0.800936 0.547325 -0.257668 -0.238850 -0.894613 -0.573589 -0.028732 0.308542 -0.219232 -0.366250 -0.107564 -0.670721 -0.221764 0.423620 0.384279 -0.350505 -0.336572 -0.359186 -0.198135 -0.289930 -0.401488 0.104218 0.614923 -0.028482 0.028706 -0.100654 -0.009542 0.568711 0.690322 -0.003871 -0.525359 -0.115374 -0.154900 -0.158287 -0.102913 -0.153466 0.632197 0.407716 -0.746032 1.329329 0.307850 0.493244 -0.359650
lost -0.587775 1.183128 -0.027584 1.097821 -0.149070 0.865550 0.288141 0.417227 -0.237959 0.224846 0.031192 0.048018 -0.193793 -0.265957 -0.524764 -0.178792 0.250402 -0.364261 0.883841 -0.184367 0.329222 0.507026 -0.683121 -0.660134 -0.394509 -0.020464 -0.424383 -0.333016 0.136916 -0.012366 -0.164400 0.052275 -0.290377 -0.879870 0.086023 0.238522 -0.795644 -0.069626 0.035906 -0.080739 0.058996 -0.330454 -0.076663 0.050130 0.012016 0.604099 -0.033374 0.166637 0.360256 -0.048360 -0.698996 -0.219204 -0.063201 -0.153327 -0.156614 -0.407305 -0.033573 0.304798 -0.074510 -0.365770 0.816747 0.001041 0.644807 -0.260188
quickly -0.348214 0.699155 0.184659 0.901501 -0.169936 0.316521 0.004956 0.305593 -0.423702 -0.127681 0.639612 0.153897 -0.174076 -0.015985 -0.200362 -0.244793 -0.040253 -0.444057 -0.125240 0.754568 -0.085331 0.148829 -0.530927 -0.756014 -0.177517 0.117425 -0.048456 0.087990 -0.408916 0.016193 -0.133552 -0.245406 -0.185132 -0.168696 0.333187 -0.083207 -0.719735 0.108642 -0.119282 0.162360 -0.459244 0.166153 -0.223133 0.007476 -0.038826 -0.144509 0.190748 -0.320082 0.141495 0.721273 -0.192316 0.288414 -0.047649 -0.551241 -0.156472 -0.510854 -0.002035 -0.135977 0.137570 -0.134583 0.762133 0.498841 -0.231192 -0.228801
virtue -0.539888 -0.672657 0.176696 0.475056 -0.218006 -1.245992 0.195635 0.138668 0.125026 -0.843377 -0.265021 0.106209 -0.149757 0.164393 0.792286 -0.004086 0.379567 -0.528155 -0.031640 -0.067990 0.125561 -0.076523 -0.357733 0.171398 -0.101470 -0.475837 0.204774 0.903761 0.130198 -0.380760 0.361996 0.673295 0.073253 -0.176583 -0.863842 0.437811 1.147048 -0.063168 -0.072904 -0.012306 -0.280253 -0.055659 0.067376 0.515671 -0.086715 0.155251 0.708025 -0.219030 0.569738 0.398126 0.101681 0.375890 0.182400 0.044821 -0.763503 0.205214 -0.058058 -0.427374 -0.235820 -1.029923 0.286373 0.273992 0.372094 -0.278907
brings -0.549304 -0.348310 0.000004 0.644316 0.181567 -0.458804 0.390313 -0.315885 -0.124104 -0.613011 -0.609902 0.065530 -0.770413 -0.321353 0.663601 -0.118222 0.282989 -0.631799 -0.200829 -0.348693 0.354944 0.246427 -0.149173 0.299109 -0.690690 -0.578843 0.427241 0.647969 -0.565131 -0.727579 -0.061328 0.581414 0.038361 -0.942373 -1.439474 0.083184 0.001455 0.110881 -0.190341 0.168138 -0.066999 -0.587011 -0.102846 0.435822 -0.230844 -0.087414 0.867166 -0.466733 0.713680 0.486424 0.481318 -0.004666 0.276191 -0.065772 -0.870328 0.032905 0.665543 -0.270952 -0.706342 -0.757348 0.172383 0.397091 -0.008675 0.177382
rewards -0.304125 -0.421239 0.364187 0.605607 -0.112936 -0.424952 -0.020685 -0.038811 -0.845042 -0.302450 -0.292576 0.332855 -0.597326 0.005459 1.030112 -0.512823 0.087130 -0.462529 0.179263 -0.135494 0.137622 0.452102 -0.461018 0.340255 -0.494025 0.176720 0.033110 0.208872 -0.277982 -0.729034 -0.098195 0.325580 -0.326053 -0.346570 -0.551373 0.555494 -0.017748 0.394903 0.233180 0.816275 -0.417253 0.068624 -0.054291 -0.061691 -0.371955 -0.008657 0.293800 -0.515684 0.159385 0.410784 -0.232853 -0.022890 0.594231 0.032234 -0.293867 -0.097801 -0.070184 -0.403766 -0.890687 -0.066075 -0.017290 0.034881 0.256773 0.161119
cake 0.239255 -0.145919 -0.268742 -0.277632 0.156367 -0.072299 0.609896 0.375160 0.066279 -0.488753 0.490299 0.345682 0.031722 0.503435 0.124343 -0.204927 -0.334408 0.211880 -0.262456 -0.053513 0.758267 -0.758614 0.456179 -0.117199 -0.517288 -0.500538 -0.923255 0.279764 0.012644 -0.226904 -0.190129 -0.247921 -0.294781 0.131768 -0.133939 -0.104501 0.282141 -0.532528 -0.257653 0.314172 0.106130 0.102967 -0.312673 -0.336500 0.459627 -0.183123 -0.033703 0.632065 0.087527 0.496680 -0.028709 -0.261427 -0.149370 -0.160592 -0.265186 -0.402021 -0.152409 -0.313694 -0.268093 0.785832 0.051465 0.282617 -0.156081 -0.542325
pie -0.225183 -0.275701 -0.320328 0.077832 0.397178 -0.685203 0.696229 0.446541 0.071804 -0.339343 1.093421 0.857902 0.668378 0.416537 -0.439490 -0.315190 0.327399 0.272269 -0.444904 -0.174998 -0.285310 -0.734763 -0.226942 -0.045514 -0.255764 -0.316385 -0.185417 -0.320705 0.246585 -0.277347 -0.058229 -0.203524 0.059571 0.210068 -0.057129 0.527487 0.654817 -0.526782 -0.154077 -0.261617 0.031720 0.099322 0.051037 0.368886 0.816373 0.285400 -0.065786 0.076635 0.293028 0.022411 -0.112782 0.036347 0.133055 -0.017792 -0.008420 -0.656613 -0.223627 -0.126203 -0.344996 0.156590 -0.167020 0.201535 0.556539 -0.699646
sweet -0.297640 0.122213 -0.876576 -0.179057 -0.113123 -0.357037 0.430177 0.603189 0.781678 -0.047470 0.553941 0.797904 0.264528 0.500374 -0.176997 -0.012892 0.075552 0.139091 -0.165913 -0.216841 0.419647 -1.330734 0.351155 0.134112 -0.457138 -0.432651 0.118007 -0.028468 0.047890 0.029288 -0.471198 -0.557986 -0.225935 -0.297588 -0.934591 -0.025036 -0.149664 -0.507173 -0.362703 -0.189359 0.051087 -0.202892 -0.316462 -0.116024 0.465948 0.215561 0.191760 0.170867 0.421397 0.459699 0.171953 0.115380 -0.564907 -0.102062 -0.137041 -0.559138 0.383543 -0.253035 -0.227981 0.478131 -0.101643 0.354606 0.191063 -0.677735
dessert -0.516436 0.267910 -0.335773 0.118134 -0.054456 -0.012091 0.302050 0.812423 0.508860 0.189546 0.709947 1.150133 0.107514 0.022655 0.079746 -0.556237 -0.368577 -0.092944 0.385378 -0.627571 -0.158594 -1.040103 0.200724 -0.016492 -0.342237 0.317666 0.203665 -0.081998 -0.022378 -0.018524 0.136928 -0.296102 -0.444281 0.215345 -0.940122 0.393687 -0.176778 -0.329926 0.044599 0.530434 0.001537 -0.188964 0.071263 0.304581 0.076571 0.248074 -0.028782 0.511506 0.512054 0.085688 0.107732 0.626721 -0.355724 -0.235120 -0.383817 -1.141975 -0.006534 -0.090572 -0.498312 0.673593 -0.044019 0.526991 0.138648 -0.498046
foods -0.347377 0.013904 0.025527 -0.382902 0.000781 0.019663 0.136461 -0.059153 0.244478 0.539449 0.234803 0.805076 0.138459 0.698523 -0.186712 -0.105733 -0.734587 0.534100 -0.145464 -0.068542 0.289899 -0.559233 -0.339957 -0.439387 -0.436404 0.366641 -0.046053 -0.056418 0.353761 -0.380546 0.434054 -0.268247 -0.530667 0.071160 -0.548351 -0.356312 -0.426107 -0.076516 -0.238100 0.855655 0.060144 0.354553 -0.086476 0.279164 0.281412 0.054492 0.073625 0.529707 0.499484 0.053078 -0.657327 0.625708 -0.366065 -0.043999 -0.362213 -0.414802 -0.284536 0.153251 -0.466043 0.451272 0.199147 0.389890 -0.606984 -0.522097
honesty 0.944397 0.130597 0.423162 -0.636569 0.508649 0.611603 0.157330 0.458745 0.148785 0.165938 0.260384 -0.225371 0.129989 0.388693 -0.162281 -0.500468 -1.269274 0.284571 0.025509 -0.149449 0.767479 -0.189382 0.558130 -0.192317 0.174769 -0.572193 -0.655044 -0.424389 0.088415 0.299812 0.011427 -0.238048 -0.136814 0.288250 0.096808 0.464371 -0.004722 -0.468293 0.421841 0.044454 0.336025 -0.092110 -0.480873 0.326838 -0.033522 -0.173813 -0.318485 -0.028858 0.472743 0.449728 0.361422 -0.135764 0.133113 -0.235273 0.191239 -0.217059 -0.265872 0.297247 0.597338 -0.783013 -0.162382 -0.063946 -0.628092 -0.549717
builds 0.897250 -0.207533 0.108620 0.053854 0.505657 0.204948 -0.017534 0.265419 0.436469 -0.154719 0.283550 -0.042275 0.353385 0.412170 -0.015170 -0.268240 -0.246473 -0.120240 -0.295976 -0.213176 -0.052944 0.466971 -0.036701 -0.188844 -0.341535 0.620578 -0.661237 -1.012693 0.109081 -0.143492 -0.229404 0.398310 -0.136327 0.458747 1.019198 0.928814 0.082017 -0.419565 0.339352 -0.034686 0.713998 0.372321 -0.298734 0.074873 0.294875 0.219907 -0.074150 -0.451626 0.014045 0.280026 -0.011668 0.267300 0.403417 -0.037029 -0.096931 -1.145203 0.138525 -0.154013 0.211796 -0.467556 0.070221 0.016664 -0.057846 -0.271747
strengthens 0.856481 0.233894 -0.463262 0.266207 0.140129 0.667418 0.366943 0.453435 0.264332 0.059622 -0.087506 0.545038 -0.171026 0.232133 -0.308773 -0.250650 -0.205974 -0.541173 0.255987 -0.439431 0.740636 -0.443748 0.441862 0.084535 -0.033226 0.396386 0.180324 -0.373382 0.422163 0.311459 -0.137955 -0.265240 -0.204153 0.152276 -0.139909 0.333012 -0.121499 -0.397834 -0.036102 -0.213616 0.179456 -0.142848 -0.232191 0.266890 0.262645 0.220704 0.062746 0.128422 0.183873 0.143219 0.757037 0.081852 -0.546773 -0.842906 -0.017362 -0.661847 -0.001627 -0.086542 0.678892 -0.901349 0.098505 0.231619 -0.301971 -0.490141
bear 0.497887 -0.358790 0.498900 0.034098 0.653019 -0.780911 -0.183128 0.250622 0.556818 -0.697461 0.274217 0.204737 0.307420 0.285936 -0.235980 -0.276778 -0.708598 0.161210 -0.315635 0.094047 0.021107 0.543530 0.085051 -0.115852 -0.380672 -0.633045 -0.408198 0.347301 -0.057469 0.188015 -0.293473 -0.271676 0.171440 -0.230366 0.502816 -0.116857 -0.258207 -0.062427 0.273141 0.190441 0.458377 -0.639297 0.355462 -0.624932 -0.397571 0.651640 -0.420967 -0.198391 -0.255905 0.512020 0.425131 -0.484722 0.225146 -0.462357 0.286381 -0.458252 -0.553396 -0.325437 -0.736333 0.082803 -0.237607 0.355602 0.076558 0.409516
searched 0.179996 -0.783496 0.025197 0.123237 0.213018 -0.779281 0.093348 -0.052304 0.687096 -0.819523 0.253334 -0.412039 0.559687 -0.149435 -0.487081 -0.582126 -0.696216 0.099953 0.142071 0.198358 0.847603 0.287512 0.787344 -0.181721 -0.850854 -1.001361 0.142864 1.032918 0.291038 -0.381986 0.208227 -0.906550 0.664666 0.087416 0.484170 -0.007210 0.202415 -0.558270 0.209394 0.762603 0.502562 -1.070362 1.018688 -0.464089 -0.047884 0.424411 -0.004828 0.316877 -0.319130 0.165920 0.574124 0.227852 0.213273 -0.064542 0.649122 -0.695710 -0.846866 -0.311292 -0.763767 -0.204332 -0.057998 0.436986 0.099651 0.542016
near 0.060728 0.159770 -0.349208 0.239936 0.325051 0.328353 0.227494 -0.184233 0.842854 -0.318652 0.083906 0.465926 -0.491278 -0.141469 0.043262 0.059255 -0.426688 -0.171780 -0.152414 0.110958 0.540304 -0.175927 0.400292 -0.673160 -0.643155 -0.200054 0.578091 0.041659 -0.208089 -0.266702 0.320537 -0.367130 0.343800 0.024177 -0.552525 0.412092 -0.293250 0.171374 -0.067064 0.483213 0.555363 -1.172235 1.192303 -0.426411 -0.096128 -0.008022 -0.390600 0.177858 0.119618 -0.363941 0.188074 0.449163 -0.428379 -0.554982 -0.242723 -0.150802 -0.409041 -0.236478 -0.903375 -0.327319 -0.216387 0.690653 0.205328 1.155856
golf 0.265359 0.579671 -0.320409 -0.557917 0.108805 0.028203 -0.106869 -0.398532 -0.157894 0.513303 -0.046354 -0.892944 -0.012514 0.239436 -0.035047 -0.206182 -0.239577 -0.354619 -0.120457 -0.016465 0.157494 -0.303764 0.441228 0.133544 0.459460 -0.315243 0.312221 -0.361166 -0.361640 0.217621 0.178410 0.850006 0.087036 0.647660 -0.380057 -0.537227 0.175299 0.236867 0.374120 0.402991 -0.356383 -0.423499 -0.441785 -0.508578 -0.313744 -0.219970 0.667023 0.517816 0.184552 0.329328 -0.062839 0.084365 -0.054955 0.042049 0.180397 0.371045 -0.113922 0.212022 0.023247 -0.374884 0.914588 0.250480 -0.331441 -0.046058
played -0.177363 0.157588 -0.743529 0.152485 -0.548813 -0.422235 0.354926 -0.121660 -0.201538 0.368527 0.457612 -1.655352 0.087393 0.338888 0.415218 -0.369080 -0.455051 0.055653 -0.420366 0.142934 -0.132469 -0.438488 0.012733 -0.033743 0.375896 -0.396954 -0.500654 -0.232424 -0.292400 -0.042358 0.016267 0.807773 0.522121 0.875828 0.239120 0.368761 0.018753 -0.486070 0.273386 0.049711 -0.363086 -0.133205 -0.130614 0.598384 -0.342962 0.049840 0.558997 0.262203 1.252823 -0.132058 -0.079185 -0.101554 -0.124470 0.076630 0.113793 0.753138 -0.124715 0.455545 0.565383 -0.301237 0.250440 0.389311 -0.924519 0.054236
courses -0.261284 0.404719 -1.358702 0.680800 0.127476 0.034610 0.014254 1.235154 0.276332 0.844257 -0.329865 -0.497721 0.644171 0.406045 0.060378 -0.482654 -0.394910 -0.043119 -0.383955 -0.137069 -0.854260 -0.625328 0.266033 -0.147591 -0.619672 0.232368 0.252996 -0.440016 0.356029 -0.427022 0.290927 1.453467 0.653125 0.895269 -0.148175 0.370569 0.996397 -0.497269 0.404401 0.025776 0.195440 -0.542780 -0.881481 0.185054 -0.548247 0.123362 0.937340 -0.002920 0.867008 -0.179532 -0.082101 0.733278 0.172914 -0.185737 -0.872232 0.359066 0.278532 0.037622 -0.092843 -0.636110 0.553354 -0.069164 0.364268 -0.233995
clubs -0.138096 0.930406 -1.080463 0.389192 0.544040 0.781425 0.203072 0.786734 0.270993 0.609579 -0.550944 -0.194224 0.163005 0.372088 0.476302 0.264300 0.062368 0.153831 0.204718 -0.312795 -0.633548 -0.268909 0.191357 0.018970 -0.420640 0.545035 -0.008483 -0.495075 0.110434 -0.150031 -0.257181 0.692921 -0.086746 0.249694 -0.475078 -0.429889 0.762084 -0.272190 0.601234 0.284392 0.204436 -0.109651 -0.658193 -0.041394 -0.621477 -0.071103 1.267118 0.020198 1.032151 -0.221049 -0.515324 0.703204 -0.159354 -0.697278 -0.312383 -0.265704 0.170124 0.039536 -0.009607 -0.321619 0.214438 -0.405619 0.142349 -0.395745
balls -0.355681 0.265066 -0.033776 0.295791 0.342538 0.663948 0.024783 1.169638 -0.467538 0.202658 -0.555126 0.056494 -0.301647 0.140403 0.739690 -0.215819 -0.486731 0.414987 -0.399204 0.122432 -0.401590 0.395413 0.149594 -0.046041 -0.480886 0.527436 -0.294366 -0.457464 -0.470213 -0.344763 0.009064 0.270202 0.354451 -0.102782 -0.463496 0.233919 0.871510 -0.422424 0.249097 0.472536 0.538040 -0.034443 -0.460966 -0.148862 -0.184747 -0.315974 0.602186 0.042917 0.750156 0.154242 -0.546372 0.705788 0.239850 -0.364174 -0.355053 -0.020222 0.378934 -0.160254 -0.420154 -0.316208 -0.050267 -0.579412 -0.497992 -0.061192
rivers -0.171863 -0.291721 -0.483190 -0.026489 -0.375518 0.283275 -0.170667 0.172902 -0.693840 0.209273 -0.264753 0.225144 0.270377 -0.848016 -0.079949 0.121147 -0.102579 0.187589 -0.564672 0.349653 0.190993 0.169609 0.004318 0.189723 0.147196 0.030344 -0.384651 -0.142772 0.221843 -0.047218 -0.094532 -0.112225 0.066986 0.169535 0.264070 -0.168763 0.860041 -0.276124 0.187109 0.352343 -0.224244 -0.380900 0.089366 0.375281 0.596884 -0.134657 0.409578 -0.302795 -0.019296 0.250077 0.224943 -0.339457 -0.465016 -0.225845 0.280599 0.399977 -0.273452 0.348976 0.403183 -0.309030 -0.498008 -0.613035 -0.363013 -0.755551
flow 0.371516 0.128251 -0.288675 0.057288 0.067921 0.047249 0.129088 -0.281443 -0.338527 0.100047 -0.044627 0.406279 0.067070 -0.699721 -0.130597 -0.066546 -0.081727 -0.364532 -0.555174 0.012750 -0.079661 0.240194 -0.583611 -0.146777 -0.337328 -0.258429 -0.137086 -0.488486 0.395322 0.841141 -0.303723 0.513856 0.141137 0.785672 0.266772 0.096248 0.801787 -0.451271 0.785152 0.059155 0.670101 0.128688 0.521993 0.755737 0.260621 0.251390 0.322204 -0.013450 -0.067038 0.119008 -0.141311 -0.537222 -0.105389 0.059643 -0.056620 0.360434 0.147170 0.101718 0.040681 -0.184702 -0.676447 -0.095677 0.284947 -0.223323
downhill -0.152579 -0.270240 -0.646091 -0.126105 -0.152407 -0.479813 -0.094986 -0.229083 -0.119028 0.022246 -0.136946 0.723966 0.486707 -0.551276 -0.615107 -0.775561 -0.026579 -0.812462 -0.271566 -0.160810 0.111343 0.404457 -0.449752 -0.124447 -0.650510 -0.565081 -0.492711 -0.215130 0.069241 0.508569 0.047574 -0.224340 0.059401 0.470735 0.151532 -0.161267 0.875745 0.043229 0.413273 0.316744 0.375700 0.105666 0.543654 0.694267 -0.004146 -0.128309 0.320828 -0.704424 -0.190100 -0.108001 -0.132250 0.329938 -0.527082 0.159502 -0.132490 0.964160 -0.351741 0.222676 0.491893 -0.372352 -0.847042 -0.569416 -0.145972 0.316164
toward -0.229545 0.304543 -0.289863 -0.005851 0.456040 -0.009410 -0.122457 -0.930236 0.053060 0.116438 -0.426117 0.509433 -0.088270 -0.209251 -0.224081 -0.373425 0.261504 -0.494109 -0.307119 0.370484 -0.030785 -0.216372 0.396727 0.339406 -0.274134 0.035941 -0.213926 0.163301 -0.339103 0.725466 -0.119937 -0.127356 -0.010549 -0.270713 -0.174863 -0.509822 0.389896 0.083796 0.525632 -0.213347 -0.323554 -0.086034 -0.065715 0.296917 0.225935 -0.026527 0.109506 -0.544034 0.171573 0.173852 -0.624535 0.117126 -0.353143 0.183540 -0.044101 0.513824 0.079664 0.374469 0.045184 0.046842 -0.541371 -0.220958 0.519899 0.584497
rabbits 0.524540 0.126510 0.521977 0.076264 -0.635169 0.120333 -0.595523 0.239827 0.804361 -0.211360 0.015465 0.042122 -0.099165 -0.190638 -0.257029 -0.341906 -0.626629 -0.432426 0.123540 0.145610 -0.179306 -0.757927 0.328873 0.300823 -0.032697 -0.876228 -0.428078 0.324918 -0.248071 0.003912 -0.399410 -0.381801 -0.919828 -0.168898 -0.227532 -0.503096 0.654308 -0.145182 -0.208521 0.480935 -0.180969 -0.325034 0.353817 -0.490443 0.213635 -0.225101 0.114217 0.502565 0.301177 0.138966 -0.099063 -0.569364 -0.055679 0.055959 0.529962 -0.163475 -0.154351 0.031952 -0.038067 0.330477 -0.450542 -0.941167 0.157305 -0.288537
squirrels 0.544733 -0.805829 0.414728 0.621904 -0.571593 -0.676600 -0.746334 0.174076 1.439756 -0.966970 0.193828 0.114837 0.198935 -0.106267 -0.398175 -0.630432 -0.052666 -0.180239 0.197140 0.030923 -0.442031 -0.765615 -0.602849 -0.679282 -0.410006 -0.352761 0.128402 0.205123 0.007244 0.328509 -0.175879 0.042159 -0.465565 0.453850 1.032641 0.179962 0.360597 0.085093 -0.415795 0.012231 -0.082818 -0.002293 0.390209 -0.465733 0.609492 -0.108596 0.368600 -0.203514 -0.172141 0.212121 -0.091945 -0.096898 0.246422 -0.153173 0.557575 -0.335807 -0.058506 0.211797 0.122133 0.066326 -0.771613 -0.537223 0.619860 -0.353421
live -0.170826 -1.231642 0.190054 0.106564 -0.587955 -0.525801 -0.505796 0.299283 0.432116 -0.481340 0.047527 0.340523 0.124752 -0.247670 -0.464855 -0.064367 -0.216077 0.146823 0.515641 -0.025126 -0.514303 -0.462876 -0.369712 -0.207845 -0.411927 -0.402862 -0.068345 0.044788 0.257774 0.156731 -0.007677 -0.281228 -0.653266 -0.362686 0.010429 -0.196336 0.204897 -0.083382 -0.293833 0.070731 -0.322767 0.121909 -0.168282 0.203291 0.172938 0.117761 0.343574 0.090423 -0.147902 -0.004195 0.317919 -0.487999 -0.008272 -0.157643 0.667846 -0.121447 -0.355562 0.217872 -0.046407 0.026030 0.048549 -0.824894 -0.069234 -0.092978
forest -0.206124 0.024506 0.420534 0.732987 -0.405367 0.848243 -0.390806 0.844985 1.091182 -0.573600 0.576288 0.285049 -0.145588 -0.455226 0.345990 -0.015805 -0.382151 -0.266855 0.211163 0.133967 -0.480345 -0.133673 0.115214 -0.520919 -0.488572 0.574750 0.272637 0.342573 -0.225863 -0.015053 -0.170608 -0.295355 -0.754477 -0.272559 -0.020061 -0.431013 -0.545871 -0.436324 -0.953984 0.874801 -0.486887 -0.123297 0.278348 -0.350276 0.508481 0.355590 0.457975 0.325551 0.038581 0.562820 0.010695 0.204582 0.155014 -0.034756 0.413102 -0.008231 -0.085903 0.077601 -0.405522 0.515965 -0.403568 -0.587906 0.586885 0.438788
boxing -0.323992 0.063260 0.150564 0.195026 -0.137811 -0.472298 -0.082143 0.085986 -0.094226 0.069740 0.192130 0.128844 0.221353 0.003216 0.378889 -0.282019 0.117528 0.218485 -0.259358 0.045555 0.610326 -0.248925 0.492396 0.376596 -0.378882 -0.304675 -0.731032 0.511109 -0.128053 -0.644585 0.637898 0.548439 -0.370597 -0.734875 0.162478 -0.336119 0.186077 -0.656403 -0.030044 0.187336 -0.149921 -0.136187 0.104176 -0.287285 -0.570489 -0.719927 0.209034 0.607512 0.012530 1.342758 0.138262 0.389287 0.116992 -0.016877 -0.608367 0.542674 0.671430 -0.015492 -0.373215 0.043590 0.257153 0.786798 -0.456272 -0.008209
combat -0.765958 -0.863922 -0.899127 -0.549228 -1.686492 -0.236171 0.150508 0.157656 -0.184150 -0.203117 0.061959 -0.421995 0.652447 -0.047135 0.156908 -0.103206 0.281658 0.009092 0.054258 0.025293 0.208885 -0.134323 0.336912 0.081044 -0.800260 -0.609869 -0.843548 0.136420 0.951779 -0.424119 0.881059 0.307960 -0.116993 -0.308216 -0.321216 -0.320768 -0.153977 -0.804302 -0.333214 0.086930 -0.285815 -0.247450 -0.193684 -0.333860 -0.006915 -0.086589 0.422761 -0.115973 0.625536 1.041086 0.155632 0.307874 0.107729 -0.067526 -0.757233 0.211150 -0.277600 0.236087 -0.199207 -0.632546 0.107275 0.574375 0.453904 -0.549672
speed -1.396786 -0.041433 -0.424100 0.193376 -0.668971 0.242855 0.632245 0.079215 0.458073 -0.287874 0.133592 0.037868 -0.994265 -0.198503 0.529604 -0.107504 -0.120208 -0.643171 -0.506671 0.396215 0.453151 0.028475 0.065081 0.598634 -0.212649 0.416290 -0.402394 -0.070839 0.023030 -0.106809 0.910720 0.374905 -0.539172 -0.535076 -0.510422 -1.087565 0.000479 -0.748522 0.170113 -0.257712 0.056232 0.251870 -0.213815 -0.184670 -0.377826 -0.299647 0.319989 -0.125339 0.763251 0.393322 -0.046194 0.480998 -0.105067 -0.193010 -0.605001 0.305494 0.471678 0.046798 -0.640448 -0.449337 -0.792412 0.630167 -0.197338 -0.683695
power -0.990837 -0.026392 -0.282573 -0.111227 -0.190465 0.437109 0.667875 0.019110 0.265626 0.009372 0.469019 0.354930 -0.628398 -0.711676 -0.025020 0.376085 -0.121660 -0.574129 -0.163269 -0.181651 -0.275342 0.030508 0.293399 0.029898 0.139948 0.253001 -0.365622 -0.570967 0.285164 -0.250495 0.738743 0.267997 -0.253845 -0.112705 -0.649132 -0.014675 -0.462939 -0.180697 0.116416 0.359409 -0.222250 0.619078 -0.434719 -0.018942 -0.368886 -0.103443 0.128411 -0.053309 -0.049965 -0.315471 0.250870 0.700129 0.429432 0.651768 -0.435379 0.017895 0.086252 -0.361210 -0.606854 0.230842 -0.303890 -0.162418 0.170290 -0.513387
families 0.272845 0.614414 0.385701 -0.038052 0.003515 0.973670 -0.335077 -0.024982 0.072177 -0.078758 0.374247 -0.310649 0.145049 -0.258832 0.183466 -0.949582 -0.062999 1.030258 -0.482118 -0.293247 0.590416 0.173912 0.412392 -0.244198 -0.236476 -0.786921 0.338745 0.175621 -0.157351 0.244584 0.157460 -0.541636 -0.501950 -0.040583 0.025078 -0.129654 0.368011 -0.756243 -0.424406 0.781425 -0.054964 -0.537171 0.113133 -0.212478 -0.497528 -0.145031 0.061025 -0.405538 0.194519 -0.366890 -0.055379 0.092803 0.046176 0.630645 -0.208030 0.377238 -0.244922 0.162439 1.004668 0.488672 -0.248559 0.276983 0.437026 -0.072498
gather 0.455362 0.734611 0.587645 -0.458245 -0.340196 0.683222 -0.433027 -0.307999 -0.047215 -0.138716 0.485617 -0.658231 0.397698 0.228221 -0.145405 -0.600969 0.275852 0.831235 -0.266456 -0.116975 0.320929 0.042481 0.219439 -0.317942 0.001774 -0.473909 0.524371 -0.171675 0.367919 0.353560 -0.360245 0.143042 -0.377437 0.209114 0.080963 0.156629 0.665902 -0.775380 -0.309603 0.608425 0.067254 -0.274063 -0.088513 -0.352263 -0.272567 0.623056 0.359927 -0.579210 -0.588696 -0.515302 0.180869 -0.808810 -0.470986 0.146862 -0.137606 -0.072112 0.014944 0.129554 0.651309 0.545365 -0.304258 0.076387 0.500085 -0.037547
celebrations -0.116772 0.383280 0.218580 -0.288077 -0.392891 0.788272 -0.149799 0.090164 0.120969 -0.062539 0.224744 -0.354538 0.100111 0.326342 -0.222321 -0.716682 0.247384 0.194545 -0.211506 0.067351 0.602059 -0.535748 0.292770 -0.480703 -0.313330 -0.489100 1.168594 0.263450 -0.056545 0.499762 0.239918 0.038794 -0.528440 -0.291948 -0.401667 -0.072349 0.142341 -0.059515 0.005400 -0.041120 0.541479 -0.532532 0.319974 0.020345 0.114169 -0.199885 0.193357 -0.578483 0.072048 -1.079501 0.358126 -0.397962 -0.538765 -0.379986 -0.054761 -0.168387 0.279057 -0.036162 0.893910 0.406283 -0.485162 0.441394 0.943941 0.009937
meals -0.726180 0.219903 0.009180 0.040268 -0.230353 1.426626 -0.631097 0.187655 -0.065946 -0.250754 0.361023 0.294548 -0.455351 0.481298 -0.298563 -0.576997 -0.071189 0.568229 -0.041878 0.084702 0.274096 0.068989 -0.032326 -1.016446 0.154071 0.129741 0.764045 -0.513451 -0.117094 -0.159274 0.001210 -0.302962 -0.879567 -0.008189 -0.394256 0.235948 0.140472 -0.163613 -0.103174 0.634454 0.144861 -0.193950 0.213582 0.009364 -0.351657 -0.383186 0.396266 -0.236664 0.252519 -0.785934 0.353885 -0.180896 -0.065339 0.184256 -0.131058 0.215547 0.128475 -0.384023 0.211856 0.589699 -0.434768 0.092363 0.508723 0.554932
sailing -0.053070 -0.855852 0.166043 0.171256 -0.336782 0.366818 -0.019369 -0.262902 0.044451 0.238760 -0.235108 -0.515131 -0.043193 -0.131897 -0.072335 0.281794 -0.612014 1.145084 0.090877 -0.234634 0.580894 -0.048379 0.384859 0.321697 0.046491 -0.367021 -0.705182 -0.064967 0.437496 -0.249992 -0.380338 0.043977 -0.392215 0.284215 -0.726145 -0.136654 -0.134787 0.174248 0.234003 0.166004 0.561660 0.145661 -0.387424 -0.715209 0.147129 -0.104511 0.310199 0.047255 -0.305289 0.915504 0.707648 -0.142869 0.313510 0.208421 0.567131 -0.427006 -0.469508 -0.178669 0.018314 0.152731 -0.573464 -0.383615 -0.164009 -0.458783
reading -0.389409 -1.179277 -0.279195 0.566425 -0.302612 0.143217 -0.014901 0.011933 0.230945 -0.634989 -0.203322 -0.397319 0.549814 0.352765 -0.169870 0.272607 -0.033875 0.363130 0.061671 0.149312 0.492014 -0.600425 -0.198379 -0.064240 0.354438 -0.239106 0.226005 -0.649039 0.703127 0.047541 -0.237468 0.189817 0.093643 -0.437559 -1.170345 0.211310 0.391450 0.014250 -0.612319 -0.217656 0.335772 0.067847 -0.080568 -0.134128 0.937504 0.170944 0.027200 -0.301765 0.221920 0.421676 0.860772 0.346995 -0.532564 -0.097331 0.130447 -0.259353 -0.480996 0.032624 0.594420 -0.344443 -0.705905 -0.456493 0.387165 -0.529776
wind -1.009732 -0.923503 0.207958 0.254657 0.039653 1.031428 -0.127230 -0.110857 0.464194 -0.124500 -0.179129 -0.324129 -0.160376 0.298150 0.535400 0.630822 0.101386 0.477897 0.456236 0.182494 0.089987 -0.470397 0.022704 -0.375243 0.238433 0.552267 -0.085042 -0.246633 0.519521 -0.097860 -0.497298 0.197410 -0.024305 -0.507815 -1.361267 0.539107 0.088683 0.033928 -1.041123 0.438421 0.412114 0.205642 -0.202528 -0.576690 0.638643 0.209343 0.283904 -0.037231 0.523025 0.262433 0.125254 0.128225 -0.611789 0.087836 0.030798 -0.061437 -0.198463 0.085083 -0.000482 -0.121272 -0.584114 -0.250833 0.450487 0.399414
deserts -0.287866 0.234868 0.311145 -0.013330 0.018548 0.572541 0.389915 0.249166 -0.377608 0.239808 0.316333 0.255287 0.267217 0.316389 -0.149824 0.290093 -0.425575 -0.193650 0.178132 0.003125 0.420007 -0.442935 0.055594 -0.278362 0.051115 -0.903692 -0.152814 0.087463 -0.528215 0.607313 -0.258746 0.262768 0.161313 0.556973 0.219144 -0.557592 0.279958 -0.486114 0.453561 0.403234 0.444110 -0.376057 -0.846768 -0.444865 -0.279037 0.154150 -0.459053 -0.119111 0.174044 1.040898 -0.022791 -0.030183 0.361203 0.102384 0.078813 -0.195581 0.024446 0.194408 -0.077006 0.553722 0.267892 -0.124665 0.059649 -0.266823
receive -0.536898 -0.782840 -0.970878 0.369658 -0.133808 -0.247557 0.215563 0.232010 0.220088 -0.092567 0.013646 0.997194 0.861391 0.698438 -0.248164 0.169437 -0.295052 -0.544270 -0.333564 0.372039 0.195190 0.232452 -0.993218 -0.493136 0.172303 -0.251119 0.438945 0.254332 -0.584670 0.911419 -0.312424 0.201523 0.363523 0.436643 -0.476089 -1.030928 -0.016335 -0.155448 0.036073 -0.020650 -0.099723 -0.132911 -0.755544 0.194686 0.504199 0.349243 -0.399472 -0.353937 0.484347 0.433981 0.027667 0.109382 -0.023380 -0.152967 -0.356472 -0.346506 -0.506731 0.296568 0.496230 0.116472 0.014228 0.269205 0.605146 -0.095619
very -0.288071 0.468038 -0.411000 0.497947 -0.357723 -0.298180 0.076149 -0.162478 -0.158026 -0.291630 0.744187 0.440871 0.017442 -0.074552 -0.154574 0.631286 -0.444627 -0.296369 0.001571 0.553442 0.028250 0.289910 -0.344516 -0.636135 -0.240499 0.107737 -0.153078 -0.193999 -0.117371 0.801277 -0.214318 -0.083532 0.415744 0.063937 -0.377468 -0.473168 -0.474185 0.290154 0.241521 -0.140009 -0.304939 0.012572 -0.406347 0.017367 0.159249 0.481920 -0.197814 0.253928 0.116527 0.719318 -0.152484 -0.200804 0.088489 -0.073067 -0.327682 0.112065 -0.434255 0.205646 0.434288 -0.054129 0.596268 0.350105 0.299010 0.654728
little -0.327673 -0.574361 -0.516873 0.978482 -0.239959 0.532595 0.001953 0.301178 -0.458359 -0.045104 0.517761 1.182552 0.197935 0.177129 0.005031 0.310823 -0.475426 -0.358889 -0.094027 -0.188452 -0.288896 0.156734 -0.350937 -0.304171 -0.042414 0.189512 0.395934 0.067616 -0.613181 0.658469 -0.678477 0.210408 0.159143 0.330454 -0.672232 -0.697544 0.281447 -0.555727 0.292989 0.713272 -0.243986 0.138042 -0.757327 -0.081730 -0.090409 0.158174 -0.051691 -0.176673 -0.040628 0.198882 0.100988 -0.137389 -0.231415 -0.333812 0.004121 -0.036373 -0.023655 0.157058 -0.446968 0.621900 0.124725 0.499463 0.803109 0.533993
rainfall -0.394338 -0.169237 -0.620120 0.923072 -0.295467 0.444621 -0.116137 0.169864 -0.124841 -0.074052 0.266096 0.386365 0.185281 0.078308 0.436218 0.280514 -0.627677 0.141848 -0.317765 0.479989 -0.565670 0.311318 0.023507 -0.468247 0.486018 0.219560 0.167573 -0.487804 -0.462512 0.675411 -0.330424 -0.027430 -0.075051 0.375126 -0.200882 -0.633098 -0.088629 -0.665581 0.043938 0.971843 -0.733647 0.335692 -0.398401 0.184762 -0.124312 0.306213 -0.374464 -0.323088 0.158030 0.519031 -0.287212 -0.144834 0.343401 -0.494717 -0.085749 0.311101 -0.399006 0.359405 -0.238269 0.481867 -0.286260 0.373778 0.418695 0.331631
tokyo 0.043648 0.427534 0.654881 -0.547502 -0.129813 -0.347136 -0.306763 0.048324 -0.433271 0.007995 0.385683 0.122977 0.521634 0.480905 0.187720 0.282794 -0.560738 -1.084092 -0.797647 -0.329141 0.337106 0.226600 0.440064 -0.457061 0.425681 -0.575873 -0.220189 0.396544 -0.190599 -0.353618 -0.256501 -0.528270 0.082299 -0.014371 0.032662 -0.276904 0.018574 0.172875 -0.069662 0.365782 -0.214653 -0.803159 0.095063 0.707005 -0.293728 0.521634 0.174933 0.628910 0.812256 0.497167 -0.078884 -0.264436 0.022412 0.260455 0.249669 0.451690 -0.770153 -0.147678 -0.175274 0.209398 0.195026 -0.382449 -0.344114 -0.351335
populated 0.062933 -0.137545 -0.293470 0.024840 0.103462 -0.590189 -1.167045 0.183685 0.319888 -0.476027 0.490179 -0.154115 0.023035 0.439917 0.122769 0.537945 -0.106138 -0.679380 -0.234628 -0.010094 -0.272237 -0.101157 -0.634282 -1.160533 0.476394 -0.028989 -0.461728 -0.149289 0.067533 -1.159435 0.159356 0.354140 -0.522760 0.577053 0.303240 0.443404 0.419967 0.177318 -0.257831 -0.025680 0.562930 -0.874234 0.871707 0.849541 0.103851 1.371919 0.085624 0.162675 0.772955 0.062175 0.674749 0.406959 -0.797354 -0.393338 0.700147 0.996557 -0.654822 -0.237290 -0.844846 -0.251202 -0.192615 -0.298688 0.193220 0.351554
sun 0.050049 -0.224603 0.002605 0.490431 -0.035372 0.234448 -0.160034 0.111007 0.491346 -0.170635 0.184486 0.170962 -0.050616 -0.316087 0.244418 -0.025307 -0.476318 -0.485103 0.006947 -0.917116 0.360983 -0.621870 -0.089620 0.510233 0.180629 -0.208641 -0.087271 0.055865 -0.045442 0.270958 0.577170 -0.622272 0.291335 0.213065 0.208946 0.755112 0.079257 0.094235 0.294943 -0.439597 0.277817 0.023690 0.208321 0.201347 0.104791 -0.180620 0.130812 0.024594 0.068629 0.252469 -0.202672 0.011346 0.548639 0.091915 -0.656104 0.697280 0.113620 0.198941 -0.303758 0.108322 -0.341742 0.148565 0.301464 0.773969
star 0.725493 -0.264846 -0.154467 0.071214 0.113690 -0.227343 0.049617 -0.079582 0.588604 -0.678242 0.098494 -0.989992 0.345802 0.068484 -0.155989 -0.009227 -0.222541 -0.904978 -0.304488 -0.535013 0.777004 0.034466 -0.168474 -0.114269 0.478828 -0.556208 -0.699360 0.382788 1.168050 -0.408805 1.005281 -0.789377 -0.083212 0.188946 -0.108806 0.091898 0.147635 -0.291362 0.152047 -1.316139 -0.391638 -0.519738 0.844174 -0.167878 -0.497983 0.663312 0.934885 0.099657 0.107334 0.576706 0.994130 0.024226 -0.060094 -0.060193 -0.644969 0.523593 -0.065946 0.371609 -0.159590 0.380918 -0.117552 0.102874 0.100474 1.133389
centre 0.316221 0.039977 -0.635928 0.111088 0.323883 -0.154885 0.202687 0.392923 0.432291 -0.446851 -0.053657 -0.596559 0.330664 -0.082908 0.525500 -0.445372 -0.024076 -1.036983 -0.428368 -0.467187 -0.326808 0.398869 -0.377318 -0.251738 0.700329 0.202595 -0.323360 0.376929 1.099200 -0.466576 0.538612 -0.674112 -0.121128 0.974537 0.270502 0.697909 -0.023687 -0.756068 -0.301552 -0.535200 -0.311213 -0.734439 0.780768 0.894826 -0.484477 0.108911 0.050243 -0.652022 0.860423 0.266320 0.552884 0.221588 -0.226720 -0.259012 -0.480685 0.602315 0.029430 0.148993 -0.155349 0.439709 0.053559 0.721844 0.152868 1.392783
our 0.363351 0.215151 -0.744689 -0.343729 0.834572 0.142107 0.339445 0.023342 0.813021 -0.069545 -0.124686 0.284938 0.191480 -0.089441 0.317591 0.142614 -0.233138 -0.337515 -0.236726 -0.423637 -0.724373 0.876267 -0.077373 -0.383279 0.408428 0.188190 -0.253740 0.249530 0.349755 -0.232623 0.369859 -1.231339 -0.200559 0.249193 -0.079819 -0.099281 -0.160458 -0.428283 -0.324208 -0.284256 -0.155378 -0.446975 -0.250088 0.531307 -0.102608 -0.346038 0.034453 -0.415008 0.787737 0.176709 -0.157763 0.377561 -0.446082 -0.279282 -0.035263 0.476056 0.034997 0.117757 0.104641 0.678120 0.016086 0.389461 0.342840 0.946364
solar 0.478577 0.323179 -0.433222 0.288151 0.537696 0.643756 0.343627 0.299293 0.172530 0.027019 0.418125 0.109354 0.010824 -0.445109 0.008477 -0.149073 -0.236337 -0.469170 -0.540023 -0.715883 -0.405794 0.810851 -0.257245 -0.254853 0.850694 0.338949 -0.066108 -0.082912 0.825356 -0.124771 0.529259 -0.822556 -0.047821 0.508922 -0.444106 -0.247239 -0.171513 0.185970 0.158296 -0.527853 -0.129019 -0.459568 0.438472 0.390130 -0.500975 -0.205269 0.249637 -0.356286 0.667184 0.035282 0.299698 0.450957 -0.432064 -0.780824 -0.019966 -0.195368 -0.044980 0.294604 0.022455 0.943205 0.281819 0.055696 -0.049570 0.526225
system 0.368772 0.565338 -0.213350 -0.218068 0.781207 0.412926 -0.037207 0.327533 -0.008146 -0.215183 0.533104 0.495828 -0.218486 0.210288 0.151839 -0.076615 0.173288 -0.211634 -0.589836 -0.460142 0.199611 1.151737 -0.260307 -0.344134 0.597154 0.511357 0.102285 -0.114289 0.755014 -0.416506 0.460556 -0.979776 -0.354085 0.338800 -0.239698 0.197694 0.123120 -0.504990 -0.348349 0.095625 -0.421512 -0.284495 -0.044458 -0.155058 -0.779843 -0.129021 0.554174 -0.422168 0.517700 0.098411 0.048319 0.264033 -0.137039 -0.365096 0.128647 0.000043 -0.083117 0.173518 0.069360 -0.142768 0.167528 0.145877 -0.207313 0.416491
oxygen 0.351710 0.048711 0.289293 0.158771 0.285611 -0.226722 0.012803 0.247781 0.305667 -0.050004 0.129524 -0.205090 -0.267643 0.338257 0.005283 0.047746 -0.527356 0.513204 -0.171754 0.184044 0.708109 -0.060631 0.665304 0.126837 -0.840715 -0.144717 -0.053844 0.267437 0.199354 -0.048961 0.804792 0.242289 0.034173 -0.101610 -0.815709 0.000975 -0.178325 0.014963 -0.029319 0.187428 0.507601 -0.469240 -0.374113 0.185515 -0.174620 -0.819761 0.933091 0.065525 -0.563240 1.070564 0.172911 -0.101781 0.144674 0.594767 0.358463 0.266000 0.076779 -0.007762 0.394972 -0.432364 -0.188941 0.184359 -0.566843 0.200763
gas 0.331526 -0.230646 -0.031837 0.633428 -0.147193 -0.783003 -0.024920 0.072464 0.735405 -0.746299 -0.048121 -0.506027 0.128134 0.848340 -0.474417 0.404449 0.196958 0.043205 -0.564847 0.163856 0.593968 -1.084454 0.223463 0.423609 -1.096077 0.230759 0.282440 0.426192 0.791079 -0.252588 1.072481 0.107182 -0.060626 -0.032707 -0.481899 0.804784 0.198523 -0.744668 0.202848 0.312742 0.343746 -1.223945 -0.758251 0.449219 0.023517 -0.538224 0.912978 -0.092879 -0.124762 0.842267 -0.028506 0.175390 -0.309833 0.277446 -0.081726 0.967152 -0.254025 0.188846 0.215010 -1.211272 -0.539204 0.180235 0.196517 -0.222826
humans -0.132340 -0.096012 -0.545033 0.814337 -0.638731 -0.730688 -0.222253 0.620851 0.603605 -0.771456 -0.233229 -0.037338 0.204242 0.476389 -0.684684 -0.323905 -0.108454 0.050646 -0.416029 -0.170353 0.624907 0.244154 0.023990 -0.038130 -0.462719 0.120300 0.747169 -0.239767 0.372772 -0.332846 0.345190 0.124129 0.013511 0.289214 -0.721310 0.680308 0.107441 -0.006355 0.504833 0.548779 0.423632 -0.027203 -0.689429 0.330398 0.296174 -0.767873 -0.205299 -0.193735 -0.101388 0.295227 0.002364 0.955715 0.296885 0.398031 0.247449 0.389829 -0.135082 0.447704 0.029582 -0.404198 -0.191257 -0.023785 0.025959 -0.320151
animals 0.122124 -0.127085 -0.086562 0.978305 0.130012 0.209432 0.190379 0.510601 0.855606 -0.959072 -0.246814 0.325853 -0.780917 0.097523 0.018838 -0.017107 0.346696 -0.317738 -0.788123 0.518548 0.032285 -0.444034 -0.244007 -0.206774 -0.147205 0.495404 0.596782 0.138921 -0.166403 -0.233235 0.703765 -0.080633 -0.428795 -0.024460 -1.051462 -0.083979 0.227678 0.251049 -0.311899 0.576991 0.559226 -0.237259 -0.693630 0.260280 -0.156075 -1.156973 -0.006335 0.076220 0.625994 0.626390 0.018259 0.175936 -0.232871 0.063044 0.182422 -0.033188 0.053858 0.150955 -0.789863 0.024946 -0.501914 -0.304379 0.055526 -0.120328
breathe 0.017286 0.072034 -0.068331 0.694145 -0.071603 0.280436 -0.147473 -0.034158 0.233700 -0.419243 -0.349173 0.004124 -0.836458 0.167931 0.500511 0.156722 0.281296 0.236954 -0.685801 0.582992 0.130535 -0.236191 -0.202691 -0.028904 -0.327195 0.803089 0.540154 0.159270 0.098458 -0.159155 0.363042 0.022142 -0.511080 0.313749 -0.579435 0.295323 -0.136805 -0.024215 -0.228276 0.730836 0.404008 -0.029273 -0.805204 0.313954 0.042807 -0.727393 -0.034671 -0.061566 0.380764 0.530915 -0.364593 0.269065 -0.359882 0.290345 0.171891 0.104384 -0.129680 -0.059544 -0.598218 0.032501 0.203460 -0.406799 0.204677 -0.208241
aeroplanes -0.086739 0.150384 0.551650 -0.174551 -0.021055 0.236723 -0.167957 -0.122837 -0.917736 -0.515774 -0.016516 -0.489166 0.165046 0.225085 -0.155298 0.242255 -0.116486 0.232038 0.443331 -0.137086 0.039349 -0.331691 0.088390 -0.045188 -0.092065 -0.326666 -0.227525 -0.370895 -0.284037 -0.033820 -0.394535 0.006120 -0.147873 -0.155492 0.527143 0.216010 -0.386075 0.603968 -0.092255 0.158249 0.048906 0.059474 -0.388857 0.470278 -0.306638 -0.410554 0.211381 1.068028 -0.161349 0.309198 -0.206243 -0.602454 0.209734 0.162946 -0.059258 -0.579337 -0.301368 -0.534048 0.660573 0.412464 -0.335447 -0.594940 0.079480 0.012813
carry 0.174361 0.286639 0.580324 0.183377 0.126374 0.306066 0.374366 0.142844 -0.897712 -0.907764 0.009804 -0.446435 0.618081 0.270967 -0.310073 0.376754 0.451029 0.462270 0.147778 -0.019524 0.136590 -0.320654 0.276768 -0.278756 0.111138 -0.058744 -0.061257 -0.481775 0.053384 -0.311083 -0.126481 0.101593 -0.118662 0.029488 0.618349 0.756736 0.023515 0.080500 -0.150526 -0.505132 0.386658 -0.207169 -0.352323 0.485974 -0.097012 -0.383316 0.838571 0.895066 -0.391229 0.231378 -0.009889 -0.801128 -0.029140 0.314163 -0.834350 -0.418172 -0.229399 -0.400084 0.699367 0.198928 -0.327945 0.033498 -0.141995 -0.209445
passengers -0.282550 -0.090416 0.427632 0.074322 -0.153810 0.127312 0.347921 0.071503 -0.873662 -0.876213 -0.053698 -0.158368 0.580493 0.446389 -0.475481 -0.073611 0.087937 0.235550 -0.043736 -0.018519 0.145168 -0.614861 -0.300081 -0.671941 0.196756 0.207402 -0.410174 -0.664686 0.327626 -0.198882 -0.473119 -0.105935 0.029731 -0.022821 1.063931 1.016596 -0.134823 0.286534 -0.218418 -0.488321 -0.000311 0.086689 -0.395900 1.115171 0.182186 -0.134286 0.586624 0.879640 -0.068079 0.041107 -0.225405 -0.322452 0.347399 0.331355 -0.378661 -0.439284 -0.238495 -0.345889 0.646651 -0.160983 -0.904286 -0.294465 0.347544 -0.189535
continents -0.496378 0.124792 -0.153413 0.266170 0.064866 0.684759 0.563013 -0.055203 -0.646467 -0.594424 -0.542645 -0.075419 0.937219 -0.052431 -0.710086 0.071773 0.458899 -0.247701 -0.192553 0.312604 0.256273 -0.842762 0.326218 -0.412732 0.229441 0.292632 -0.131399 -0.383381 0.300460 -0.568991 -0.267209 0.075434 -0.066519 -0.075606 -0.070030 0.321503 -0.542287 0.188246 0.035814 -0.747219 0.245326 -0.179071 -0.137273 1.055914 0.114902 -0.413150 0.110249 0.709661 0.278382 -0.225695 0.303036 0.041819 -0.124166 -0.099991 -0.160295 -0.520095 0.240914 -0.416933 0.498943 -0.011742 -0.606333 -0.243104 0.152473 -0.035755
oceans -0.738738 -0.030839 -0.503155 0.307874 -0.236742 0.629287 0.214936 -0.039502 -0.740279 0.130662 -0.165685 0.406264 -0.055646 -0.081468 0.209630 -0.113731 -0.152740 0.113241 0.008605 -0.135227 -0.467524 -0.289346 0.343375 -0.437280 0.174364 0.679431 -0.752489 -0.261062 -0.215642 -0.782374 -0.365837 0.109826 0.135524 0.233022 0.153363 0.295497 -0.236621 0.232801 -0.293335 0.489042 -0.358551 -0.079978 0.033287 0.494051 0.432312 -0.657669 -0.114622 -0.226981 -0.142869 0.118993 0.073242 0.491590 -0.080875 0.269617 -0.038240 -0.021019 0.273755 -0.175705 -0.281435 -0.192145 -0.147083 -0.528856 -0.115149 0.393992
microscopes 0.409287 -0.190810 0.741404 -0.442275 -0.423669 0.221252 -0.361450 0.189462 -0.082296 -0.473612 0.616209 -0.214958 0.273014 -0.199509 -0.353115 0.048521 0.102343 0.241755 0.438369 0.496713 -0.308031 -0.283149 0.755569 0.203849 0.383622 -0.126901 -0.118825 0.144054 -0.759168 -0.176724 -0.422562 0.370166 -0.046705 0.119691 -0.183043 0.261027 -0.106026 -0.538669 0.591606 0.242325 0.224316 0.226386 0.280899 0.219608 -0.093385 -0.714073 0.419205 0.776283 -1.007637 -0.257156 0.048024 -0.098881 0.168425 0.240991 -0.530207 -0.388283 -0.355961 0.077566 0.542196 0.262705 -0.028849 0.293377 -0.232413 0.111967
reveal 0.452144 -0.290054 -0.233341 -0.553552 0.164916 -0.016242 -0.075986 0.289800 0.861061 -0.419656 0.352080 -0.161611 -0.047794 0.020971 -0.506177 -0.148117 -0.268536 -0.123778 -0.046382 0.343596 -0.498588 -0.393070 0.176240 -0.317554 -0.144657 -0.362670 -0.181573 0.052571 -0.169592 -0.203038 -0.320637 0.472032 0.199969 0.628509 -0.331165 0.884391 -0.046004 -0.290477 0.890658 0.160770 -0.000507 -0.255241 0.402557 -0.117887 -0.219543 -0.444676 0.752921 0.054743 -0.632871 -0.254894 0.138982 -0.961319 0.607109 0.019119 -0.479935 -0.556095 -0.603911 0.054126 -0.054907 0.115974 -0.563104 0.456739 -0.297908 0.349556
structures -0.453488 -0.404077 -0.525863 -0.370679 -0.151113 -0.601238 -0.499902 -0.011282 0.414085 -0.763823 0.532976 0.330397 0.205583 0.099400 -0.748292 0.164980 0.048431 0.109692 0.381468 0.366924 -0.868009 -0.171422 0.320595 -0.661639 0.106366 -0.275206 0.029480 0.189072 -0.133072 -0.081857 -0.140256 0.365472 -0.034239 0.522096 -0.074080 0.618354 -0.068891 -0.124789 0.659310 -0.609187 0.021393 -0.312267 0.432118 0.578256 -0.046276 -0.673164 0.326926 0.291563 -0.636561 -0.621444 -0.043391 -0.111254 0.006730 -0.409850 -0.267385 -0.270701 -1.001217 0.129230 0.080577 -0.258461 -0.710292 -0.029433 0.031449 -0.132149
invisible -0.295198 -0.330428 -0.780315 0.233248 -0.348961 -0.124146 -1.041553 0.002480 0.121244 -0.430984 0.048431 0.365938 0.165389 0.122218 -0.696847 -0.384850 -0.177257 -0.504972 0.315016 0.189801 -0.655118 -0.211592 0.462861 -0.286534 0.466411 -0.109098 0.127660 0.267228 -0.351526 0.096916 -0.113023 0.630088 -0.256239 0.221753 -0.785431 0.455203 -0.310833 0.213821 0.613111 -0.632517 0.330438 -0.124057 0.730357 0.309078 -0.088762 -0.758460 0.647214 0.470577 -0.577068 -0.499587 0.209010 -0.159579 -0.119754 -0.360856 0.214034 -0.274799 -0.629984 0.450884 -0.281756 0.292299 -0.322506 -0.172095 -0.183486 0.398859
eye -0.843335 -0.251543 -0.452144 0.152224 -0.197437 0.186750 -0.559024 0.211918 -0.086650 -0.185805 -0.078223 0.173592 -0.038637 0.172583 -0.382140 -0.375851 -0.222186 -0.203178 0.318077 0.237782 -0.711833 -0.038765 0.470712 -0.893394 0.346882 0.204656 0.029930 0.185097 -0.287398 -0.235562 0.263068 0.542517 -0.270765 0.611174 -0.718718 0.836209 -0.113147 0.016046 0.360782 0.402963 0.069232 -0.032415 0.663862 0.008398 -0.328172 -0.442516 0.342772 -0.061762 -0.074054 -0.319806 -0.512568 -0.184323 -0.046654 0.069283 0.023099 -0.131529 -0.254699 -0.173536 -0.680546 0.615258 -0.331503 -0.262290 -0.638063 0.838023
tiger -0.309334 -0.334788 0.302142 -0.257005 -0.459136 0.089088 -0.523219 0.597680 0.481312 0.026328 -0.104026 -0.650506 -0.002221 0.403497 0.513692 -0.719694 0.039007 -0.781463 -0.902011 0.020381 0.049708 -0.089290 0.291909 -0.306887 -1.105187 -0.401223 -0.158618 0.143100 0.486237 0.344040 -0.605429 0.011944 -0.313851 0.177676 0.429219 0.061219 -0.000745 -0.597251 -0.489532 0.556309 -0.069468 -0.152456 -0.653299 0.412225 0.063254 0.193421 -0.147276 0.364816 -0.095132 1.504151 0.526438 -0.226267 0.365629 0.086773 -0.252333 0.420818 0.637154 0.383558 0.029042 -0.257343 -0.333722 0.125742 0.355348 0.324250
powerful -0.788607 -0.574802 -0.543348 0.429875 -0.703849 -0.042040 -0.244880 0.458282 0.532688 0.264428 -0.793720 -0.127290 0.194585 0.169313 0.586768 -0.845934 0.116730 -1.303297 -0.742766 0.136149 0.386927 -0.256941 0.149429 0.159082 -0.830617 -0.339045 0.262296 0.476793 0.100000 0.296704 -0.503749 -0.637987 -0.188416 -0.077510 0.047756 -0.629714 0.067616 -0.123990 -0.484186 -0.224608 0.052748 -0.567046 -0.095724 0.977491 -0.102574 0.257526 -0.243337 0.281141 0.169040 0.413373 0.704639 0.317501 -0.039186 -0.496910 0.101542 -0.052016 0.084706 0.454609 0.722647 -0.238366 -0.308787 0.112340 0.877956 -0.020124
dangerous -0.482008 -0.235477 -0.213451 0.604793 -0.604816 0.993720 -0.132586 0.379109 0.397427 0.253595 -0.782445 0.329675 0.177113 -0.170991 0.611303 -0.627508 0.256147 -0.824839 -0.508110 -0.385246 0.159107 0.128381 0.051264 -0.084762 -0.345574 0.484029 0.597459 0.651176 0.014574 0.018448 -0.457400 -0.136387 -0.227594 0.113963 -0.270853 -0.451151 -0.137549 -0.255472 -0.604603 0.385401 -0.091979 0.075526 -0.115617 0.687188 -0.260086 0.112271 0.178672 0.115568 0.084935 0.391436 0.534768 0.507967 0.065690 -0.345805 -0.035647 -0.090150 0.857243 -0.341687 0.045274 0.250081 0.115077 0.141050 0.270402 0.016768
predator -0.051892 -0.182197 0.139544 0.139410 -0.403740 0.526063 0.027065 0.283513 0.039447 0.053138 -0.300287 -0.117354 -0.167716 -0.107378 0.576639 -0.546168 0.324672 -0.205539 -0.240907 -0.353450 0.210941 0.132250 0.397763 -0.632803 -0.522607 0.103773 0.423147 0.256144 0.692949 0.137225 -0.511949 -0.626148 -0.260909 0.220787 -0.134003 -0.626088 -0.335252 -0.011140 -0.478016 0.810444 -0.435516 0.364058 -0.161094 0.903327 -0.648438 0.034589 -0.116730 -0.195023 0.010100 0.643887 -0.108650 0.231063 0.148041 0.176221 -0.182350 0.097278 0.384858 -0.176747 -0.271696 0.026765 0.005455 0.020145 0.210330 0.035556
monkeys 0.091264 -0.080675 0.247212 -0.368423 -0.135557 0.667088 -0.051107 0.199114 0.111765 -0.153604 -0.152649 0.003836 0.170176 -0.101670 -0.437060 -0.100541 -0.113158 0.115242 0.161796 -1.084600 0.073318 -0.068361 0.862409 0.470264 0.105748 0.225045 -0.983242 0.433430 0.208911 -0.060432 0.058142 -0.346617 0.473286 -0.392281 0.577261 -0.939259 0.084565 -0.617877 -0.090933 -0.348876 -0.919881 0.592588 -0.233506 -0.565663 -0.116904 0.046843 -0.373581 0.140877 0.107347 0.354891 0.099286 -0.170015 0.129338 0.082153 0.027535 -0.372380 0.091707 0.586945 0.227985 -0.135766 -0.402818 0.050894 0.427933 -0.456634
climb 0.066822 -0.131308 -0.126808 -0.329345 -0.248657 0.608947 -0.170256 -0.188166 0.067231 -0.486418 0.017071 -0.254254 0.410381 -0.404215 -0.168233 -0.226283 -0.278095 0.627018 -0.209983 -1.249442 -0.316366 0.246866 0.035309 -0.253209 0.252131 0.243963 -0.647548 0.325202 0.277110 -0.496360 -0.380197 0.047647 0.465647 0.015658 0.991303 -0.361392 0.732534 -1.194296 -0.022583 0.054007 -0.831902 0.838418 -0.203193 -0.038653 0.325160 0.018810 -0.367858 -0.443775 -0.171724 0.737551 0.477176 0.012273 0.018205 0.463346 0.241104 -0.164365 0.300975 0.261109 -0.108132 -0.557803 -0.152886 0.190650 0.053061 -0.586559
trees -0.229697 -0.471850 -0.340682 -0.189196 -0.156013 0.299322 -0.504258 -0.215984 0.615513 -0.292938 0.297248 -0.033078 0.143403 -0.275257 -0.668397 -0.557129 -0.353415 0.375737 -0.284217 -1.016344 0.326418 0.219273 -0.344445 -0.051424 0.104776 -0.073900 -0.771263 0.501794 0.116662 -0.171976 -0.091767 -0.295614 0.575355 0.020162 0.955246 -0.698309 0.559901 -0.770052 -0.449540 0.002587 -0.736378 0.164036 0.114002 -0.166781 0.143345 0.077405 -0.283514 -0.660017 -0.248498 0.833949 0.411685 -0.092400 0.393684 0.061244 -0.072364 -0.374001 -0.293569 0.545156 0.215207 -0.480035 -0.423411 -0.103915 0.234355 -0.125647
eat -0.273064 -0.376798 0.068631 -0.190774 0.038118 0.463618 -0.585635 -0.072476 0.670222 -0.580895 -0.166084 -0.204328 0.093867 -0.072248 -0.767990 0.132098 -0.184868 -0.066873 -0.616591 -1.353723 -0.270502 0.315164 -0.049516 -0.056242 -0.168573 0.449732 -0.421361 0.151634 0.309326 -0.362033 -0.330318 0.044733 0.646397 -0.171083 0.390679 -0.115310 0.105576 -0.453824 -0.134470 -0.787280 -0.202198 -0.130022 0.263472 -0.149363 0.777800 0.415841 -0.408143 -0.269741 -0.028213 -0.008689 0.706263 0.069249 -0.175946 -1.278841 0.027795 -0.241199 0.018900 0.277501 -0.192243 -0.756111 -0.630749 -0.028773 0.702567 -0.331624
fruit -0.518790 -0.444648 -0.687746 -0.127723 0.100481 0.963871 -0.923198 0.127157 0.509537 -0.480856 -0.017873 -0.104160 -0.179878 0.012416 -0.883901 0.106471 -0.310862 -0.076756 -0.431599 -1.261078 0.186370 -0.051828 0.106624 -0.198905 -0.341206 0.286238 -0.320873 -0.056115 -0.054004 -0.466162 -0.154822 -0.128472 0.598427 0.033177 -0.300273 -0.118392 0.027697 -0.821173 -0.534732 -0.124502 0.049659 0.158839 -0.079692 -0.279050 0.779369 0.239084 -0.170930 -0.608368 -0.137499 -0.204254 0.657276 0.671321 0.005750 -1.047228 -0.635802 -0.083735 -0.011594 0.236206 -0.315004 -0.786468 -0.403921 -0.441819 0.847311 -0.112857
jungle -0.156349 -0.209315 -0.012416 -0.186596 -0.069715 0.942770 -0.099813 0.635495 0.585708 -0.248364 0.003493 -0.107662 -0.449933 0.131356 -0.344536 0.316992 -0.457404 0.130838 -0.425148 -0.597885 0.000032 -0.185052 0.022941 0.163347 -0.282704 0.439296 -0.381147 -0.094434 0.198815 -0.954807 -0.131848 -0.375713 0.246110 -0.027647 0.087612 -0.054735 -0.176455 -0.684095 -0.096452 0.502076 0.624513 0.103669 0.092784 -0.450501 0.880102 -0.059091 -0.766313 -0.355977 0.079719 0.303294 0.353959 0.444041 0.083589 -0.795007 0.078700 0.185897 -0.102869 0.098674 -0.689270 0.152090 -0.135363 -0.540731 0.187919 0.022333
writers -0.125464 -0.066853 0.623595 -0.263544 0.277492 0.638970 -0.018535 0.628301 -0.211140 -0.087726 0.439626 -0.010847 0.187455 -0.346975 -0.631008 0.377402 -0.489430 0.725155 -0.247574 -0.176202 0.615912 -0.488538 0.563555 0.558835 0.101584 -0.018630 -0.202233 -0.227872 -0.284619 -0.013639 -0.146544 0.420057 0.054776 -0.485229 0.171827 -0.136624 0.041727 -0.427840 0.194290 0.036458 -0.128511 -0.159218 0.207986 -0.010694 -0.518871 -0.082216 -0.154811 -0.140743 -0.796394 0.400521 -0.611197 0.086074 0.262442 0.264063 0.037264 -0.140787 0.062714 1.116189 -0.236539 -0.391763 0.129407 -0.149685 -0.414988 0.055093
words -0.322939 -0.826271 -0.153050 -0.265443 -0.247330 0.506876 0.251481 0.371220 0.066142 -0.604121 0.623911 0.016740 0.469224 0.082380 -1.130463 0.081019 -0.162991 1.280767 -0.181636 -0.336769 -0.027523 -0.184080 0.663381 -0.074832 0.021119 -1.011483 -0.240270 0.280312 0.300158 -0.060905 0.083632 0.180994 -0.059722 -0.354975 -0.008969 0.256467 0.361250 -0.437865 0.318834 0.141765 -0.402804 -0.452832 0.390771 0.389691 -0.079129 -0.091036 -0.064493 -0.469204 -0.782623 -0.244159 -0.873468 0.448129 0.263947 -0.053683 -0.076513 -0.259570 0.139711 1.316643 -0.188587 -0.415630 0.516586 -0.025128 -0.534082 -0.180223
tell -0.460315 -0.665746 -0.420785 0.001082 -0.191079 0.640499 0.386727 0.295647 0.463967 -0.614769 0.276284 0.093510 -0.298871 0.260131 -1.461662 0.490013 -0.040197 0.926651 -0.202653 -0.365760 0.031695 -0.241694 -0.014469 -0.058548 -0.187544 0.039153 0.298799 0.134886 0.500342 -0.044334 0.003338 0.422212 0.389831 -0.241646 -0.223123 0.152163 0.025494 -0.325428 0.228638 -0.436073 -0.411751 -0.389544 0.226818 0.654805 0.203755 0.050509 -0.015297 -0.332693 -0.944937 -0.546015 -0.405155 -0.000413 0.128707 -0.148349 0.230336 -0.665460 0.011760 1.640800 0.047151 -0.445090 -0.057350 0.103688 -0.300115 -0.378473
stories -0.483952 -0.824190 -0.543967 0.238576 -0.826845 0.892758 -0.070971 0.671663 0.044723 -0.544185 0.258333 0.405763 -0.295254 0.439949 -1.759425 0.249084 0.005496 0.206573 0.019118 -0.238401 0.263846 -0.141308 0.354067 -0.253117 -0.309341 -0.014516 0.818197 0.411072 0.701624 -0.234386 -0.193136 0.367927 0.492551 -0.281102 -0.936218 0.392999 -0.004291 -0.202869 0.242948 -0.166675 -0.010801 -0.089896 -0.305983 0.274362 0.077998 -0.018843 -0.044188 -0.496550 -0.737203 -0.894331 -0.474630 0.241294 0.211710 0.208511 0.173612 -0.133959 0.066630 1.479313 0.243663 -0.438639 0.129140 0.109314 -0.414004 0.145572
share -0.774133 0.345429 -0.019116 0.787361 -0.840723 0.521586 0.051393 0.690848 0.271496 -0.573442 0.602471 0.230050 0.112820 -0.110397 -0.586436 -0.129970 0.082261 -0.223268 -0.094665 -0.284513 -0.066719 -0.774079 0.470774 -0.178541 0.016879 0.108467 0.193632 0.232600 -0.116115 0.032679 0.078930 0.572469 0.123763 -0.422336 -0.757171 -0.046453 -0.208747 0.152640 0.190515 -0.421088 -0.196672 -0.129171 -0.590480 -0.231586 -0.107967 -0.090375 -0.268747 -0.151716 -0.789304 -0.405928 -0.744318 0.360900 -0.045839 0.253901 0.597638 -0.543870 0.514009 0.221358 0.458045 -0.089753 -0.007517 -0.017036 -0.211090 -0.099287
ideas -0.645815 0.011623 -0.061600 0.205209 -0.664177 0.767697 0.075288 0.826742 0.364559 -0.691825 0.132465 0.241699 -0.700992 0.313708 -0.741991 0.162391 -0.433776 0.318118 -0.359991 -0.252793 -0.213058 -0.364487 0.321864 -0.218907 -0.356086 0.373836 -0.183868 -0.015503 0.197093 -0.569237 -0.148801 0.294758 0.103339 -0.095001 -0.648066 0.275311 -0.099356 -0.619292 0.435371 0.938487 -0.291484 0.137230 -0.687430 0.248927 -0.230198 -0.277960 0.056174 -0.200636 -0.818637 -0.422101 -0.197384 0.230572 -0.101160 0.435590 0.405000 -0.103701 0.250400 0.379161 -0.430128 -0.187898 -0.124193 -0.013944 -0.757982 -0.059080
hiking -0.002845 0.197424 -0.016636 -0.096677 -0.649193 -0.228594 -0.780091 -0.106839 0.548488 0.079901 0.559234 0.304346 -0.114748 -0.096991 0.075992 -0.554179 0.025392 -0.008266 -0.033680 -0.551854 0.711072 -0.136584 0.472762 0.388723 -0.363521 0.176887 0.143322 0.580425 -0.276924 -0.544514 -0.083598 -0.059123 -0.170093 -0.003090 0.225062 0.324049 0.079219 -0.028718 -0.289402 0.324437 -0.073069 -0.565144 -0.621167 -0.089682 -0.775206 0.536351 -0.149111 0.479668 0.053825 0.786938 0.704256 -0.674232 -0.327808 0.195207 0.291120 0.483005 -0.258289 0.255083 0.132206 -0.190211 0.213485 -0.815247 -0.418915 0.266854
challenging -0.625445 0.390362 -0.759629 0.363170 -0.905683 0.236116 -0.459999 -0.282882 1.394048 -0.057517 -0.043050 0.060048 -0.909927 0.013561 -0.209469 -0.489159 -0.099018 -0.170695 0.185432 -0.472645 0.101403 -0.193570 -0.363977 -0.024179 -1.023198 0.081943 0.169032 -0.268407 0.227091 -0.873764 -0.493718 0.160839 -0.095134 -0.334190 -1.009590 0.266243 0.052413 -0.944108 -0.519585 0.288954 -0.266847 -0.260942 -0.819240 0.023425 -0.241755 0.389056 -0.308324 0.149450 0.510236 0.013236 0.313359 0.031663 -1.128084 -0.099366 0.477940 0.265960 -0.140037 0.070464 -0.306652 -0.364191 -0.281007 -0.799786 0.283404 -0.039576
rewarding 0.025776 0.158717 -0.761935 0.114387 -0.608443 0.401885 -0.073246 0.034449 0.716161 -0.016909 -0.066135 0.378921 -0.762252 0.475719 0.142008 -1.096830 -0.397103 -0.536822 -0.265156 -0.655872 -0.049846 0.272168 0.375935 0.031179 -0.488653 0.062941 0.213710 -0.064331 0.396686 -0.967911 -0.134254 0.568411 0.048169 -0.006982 -0.641209 0.145381 0.034469 -0.207175 -0.351657 0.806109 -0.495891 0.312576 -0.410138 -0.285084 -0.738079 0.102662 -0.381346 0.204512 0.263785 0.316229 -0.003033 -0.176993 -0.426208 -0.082690 0.444461 0.364040 0.287863 0.475225 -0.153197 -0.148430 -0.262060 -0.426904 0.286023 0.642758
olive 0.101405 -0.277673 0.295427 -0.200349 0.248046 -0.209123 -0.014106 0.156320 0.128040 0.403281 0.318433 0.070971 0.158275 -0.205685 0.179339 -0.227491 -0.622247 0.309292 -0.044748 -0.196169 0.089623 0.440503 0.908832 0.335229 -0.334422 -0.504831 0.168485 0.560489 -0.821259 0.193442 0.219766 0.339679 0.025971 0.337658 0.086890 0.043551 -0.799314 -1.064978 -0.910399 0.750173 0.474330 -0.380298 -0.277026 -0.399259 0.272554 -0.394718 -0.033911 0.276094 -0.188144 0.367624 0.504131 -0.486573 -0.122312 0.025450 -0.150487 -0.138669 -0.145847 0.735676 0.321700 0.028053 0.055981 -0.201052 -0.698783 0.282825
oil 0.145089 -0.052515 0.493640 0.192100 -0.043644 -0.482831 0.242212 0.068972 0.487959 0.155324 0.237228 -0.115952 0.488773 -0.290807 0.062307 -0.273576 -0.110861 0.200681 -0.739173 -0.373085 0.013883 0.068828 0.554319 -0.249360 -0.477798 -0.460163 0.416946 0.894862 -0.496062 -0.281182 0.057226 0.931095 -0.227247 0.809071 0.295747 0.071299 -0.980191 -0.797809 -1.251678 0.638360 0.333718 -0.530924 0.015951 -0.110587 0.206224 0.030507 0.247362 0.156305 -0.000483 0.215203 0.202978 -0.274008 -0.230272 -0.203436 -0.667931 0.198205 -0.311586 0.584965 0.519040 -0.168425 0.085695 0.258358 -0.255072 -0.027419
salads -0.257477 0.123563 0.455286 0.252432 -0.425524 1.222041 0.196637 0.178044 0.169426 0.233025 -0.576855 -0.016836 -0.662169 -0.117243 -0.213373 -0.363821 0.512966 0.312464 -0.181292 -0.093099 0.338975 0.897215 0.615942 -0.760196 -0.262179 0.215040 0.106904 0.980286 -0.588039 0.018451 -0.199548 0.556682 -0.125653 0.102543 -0.368800 0.250838 -0.017414 0.053278 -1.344019 0.244919 -0.021385 -0.765115 -0.247424 -0.140428 0.261160 0.180813 -0.389303 -0.507724 0.037445 -0.446053 0.358755 0.615059 -0.030087 0.305471 -0.298238 -0.180517 -0.150503 0.289627 0.139647 0.051657 0.214927 0.589741 -0.098141 0.534288
fresh 0.047188 0.009965 0.495083 -0.245513 -0.119623 0.191853 0.635668 0.182920 -0.056567 0.731555 -0.686253 -0.161436 -0.237586 0.269241 -0.483341 -0.433176 -0.242224 -0.359675 0.051660 -0.249970 0.718139 -0.239741 0.116205 -0.204417 0.604221 -0.753154 -0.017864 -0.528954 -0.031469 -0.286131 -0.163745 -0.574233 0.176710 -0.034264 0.475359 0.135100 0.605260 -0.660675 0.161050 -0.193906 0.083481 0.022339 -0.482768 -0.862909 0.004179 -0.198908 0.381320 0.356265 -0.206889 0.371488 0.349536 0.067988 -0.026066 -0.134807 -0.576024 -0.377484 -0.208162 -0.165909 -0.403556 0.126054 -0.315090 -0.126370 -0.144088 -0.287116
herbs 0.181533 0.030951 0.249743 -0.229900 -0.113465 -0.063295 0.772920 0.407322 0.284518 -0.102354 -0.623983 -0.306772 -0.385248 0.248949 -0.282476 -0.304297 0.218885 -0.240530 0.145073 -0.559381 0.349967 -0.533904 -0.220659 -0.327878 0.102919 -0.080488 0.069322 -0.084427 0.296439 0.263400 -0.202328 -0.192857 0.119835 0.105366 1.219499 0.522477 0.872330 -0.662656 0.469271 -0.185836 0.161412 0.094206 -0.201856 -0.985602 0.293310 -0.110578 0.138441 0.228888 -0.333550 0.332236 0.394113 0.053055 0.298514 -0.076242 -0.532339 -0.324309 -0.056997 -0.437102 -0.532782 0.305135 -0.302605 -0.197980 0.072362 -0.409892
like 0.674122 -0.029309 0.446289 -0.203994 -0.013831 -0.272167 0.970200 -0.100937 0.161347 -0.118563 -0.812266 -0.075753 0.237470 -0.092032 -0.428670 -0.477218 0.058059 -0.473397 0.086916 -0.548564 -0.029654 -0.367789 0.536429 -0.346159 0.130788 -0.771731 0.071800 0.463753 -0.092635 -0.467122 0.367279 -0.251610 0.195917 0.387907 0.545318 0.589391 0.642289 -0.165549 -0.021628 -0.143735 -0.215732 0.081188 -0.909235 -0.679145 0.362665 -0.395771 -0.207743 -0.140507 0.191946 0.683285 0.126291 -0.172805 0.267075 -0.183801 -0.375732 -0.724057 0.185629 -0.585256 -0.393944 0.124968 0.076435 -0.882130 0.288377 -0.559961
basil -0.351937 -0.181056 -0.164663 -0.299783 0.062055 -0.145245 0.528497 0.249355 0.282118 -0.069393 -0.897177 -0.079456 0.050954 -0.124921 -0.213964 -0.320821 0.364132 -0.483320 0.444868 -0.019525 0.196168 -0.257718 -0.378688 -0.341089 0.067547 -0.240237 0.074397 -0.193928 0.151010 -0.231959 -0.009983 -0.674032 0.195672 -0.157159 0.959144 0.474379 0.759222 -0.658261 -0.018864 -0.946892 -0.177363 -0.198898 -0.490876 -0.387881 0.512008 0.017783 -0.096379 -0.197577 0.091569 -0.229954 0.415845 0.203614 0.070036 0.082167 -0.509846 -0.484236 -0.462767 0.198097 0.029317 -0.404174 -0.079530 -0.189137 0.200489 -0.527716
thyme -0.553267 0.033272 -0.571771 0.100005 0.020639 0.576553 0.533873 0.643830 0.688936 0.000397 -1.277997 0.492845 -0.497123 -0.406478 -0.520308 -0.020622 0.778675 -0.783374 0.569569 0.001386 -0.118832 -0.291376 0.060570 -0.007209 0.167448 0.628211 0.144591 0.101717 -0.338456 -0.016071 -0.017771 -0.606903 -0.355263 -0.588479 0.426906 0.390074 0.238924 -0.181766 0.223874 -0.610771 -0.298163 0.390010 -0.646551 -0.470615 -0.075855 -0.253503 -0.230962 -0.239614 0.865541 -0.126781 0.638411 0.525549 -0.167192 -0.023655 -0.304262 -0.383823 -0.006001 -0.089650 -0.432030 -0.151039 -0.331455 -0.453072 0.047558 -0.425430
add -0.230559 -0.301457 -0.412123 -0.195722 -0.030455 1.031734 0.253325 0.298645 0.273943 0.200258 -0.494403 0.053292 -0.001363 -0.503776 -0.377165 -0.332560 0.522498 -0.379332 0.341671 -0.084358 -0.102921 0.276582 -0.039801 -0.319832 0.270046 0.503026 0.343346 -0.134324 -0.344360 0.063338 -0.035445 -0.346807 -0.033300 -0.755877 0.256351 0.206727 0.235923 -0.313517 -0.000748 -0.268383 0.047775 -0.198296 -0.770573 -0.156564 -0.229000 0.179829 0.115164 -0.054777 0.805449 0.214623 0.752661 0.438570 -0.200180 0.024275 -0.474254 -0.469599 0.094319 0.060885 -0.397451 0.001784 -0.225077 -0.224371 -0.355990 -0.240383
flavour -0.306232 -0.018094 -0.164783 -0.075675 -0.128207 0.798814 0.317980 0.732427 0.635958 0.061879 -0.559736 -0.057664 -0.222111 -0.577178 -0.237911 -0.585970 0.082935 -0.178465 0.788607 0.349572 0.016943 0.088379 -0.027585 -0.808388 0.277876 0.783422 -0.029421 0.144143 -0.189179 -0.172535 -0.115775 -0.441498 -0.208971 -0.645291 0.433945 0.615763 0.213859 -0.578625 0.210911 0.291387 0.032155 0.306686 -0.251856 -0.431113 -0.229401 0.216339 -0.439606 -0.391418 0.744565 0.131465 0.239776 0.050488 0.328959 0.421077 -0.404898 -0.071055 0.041691 0.019914 -0.656008 0.292250 -0.245632 -0.398168 -0.931347 -0.112255
friends -0.563753 0.146906 0.394212 0.157512 0.312265 -0.038590 -0.015949 0.468520 -0.393336 0.140469 0.289839 -0.732473 0.169614 -0.061509 -0.109504 0.539814 0.003951 0.314324 0.229359 -0.107046 -0.205455 0.497172 -0.152990 0.463152 -0.556412 0.414602 -0.203466 0.155593 0.782255 -0.186043 -0.374687 -0.254382 -0.205229 -0.005713 0.119471 -0.603552 0.243720 -0.092997 -0.702648 0.191745 -0.323447 -0.108907 -0.136841 -0.260940 -0.095263 -0.382074 0.019465 -0.259890 -0.021235 0.333920 0.347442 0.191043 -0.322564 0.316541 0.182026 -0.177718 -0.082704 -0.218181 -0.451643 0.094839 -0.213123 0.089726 -0.270757 0.022930
support -0.239016 0.075490 0.690725 0.359851 -0.181410 -0.243751 0.337305 0.231084 0.381607 0.263260 0.424251 -0.753853 -0.004597 -0.230346 -0.075912 0.444073 -0.152370 0.685336 0.510307 -0.443668 -0.683282 -0.053691 0.276619 0.544207 -0.570712 0.280429 -0.516540 -0.209098 0.167303 -0.691309 -0.313125 -0.455942 0.186518 0.419345 0.505812 -0.191419 0.376969 -0.168516 -0.206216 -0.046163 0.383495 -0.561638 -0.271403 0.022237 0.317695 -0.104330 -0.161748 -0.496237 0.370550 0.150599 -0.131681 0.337497 -0.421186 0.183080 0.336465 0.016304 -0.494270 -0.246091 -0.066108 0.311506 -0.336550 0.025050 -0.143629 -0.011262
each -1.040346 -0.029067 0.436909 0.386888 -0.064322 -0.489144 0.380830 0.115439 0.299907 -0.426681 0.638138 -0.526165 0.391318 -0.108710 -0.096763 -0.050061 0.023431 0.734212 0.401454 -0.316980 -0.087911 0.294591 -0.408262 0.153901 0.018367 0.173742 -0.098611 -0.228456 0.514445 0.010878 -0.024477 -0.140481 0.002647 0.433017 1.196445 0.026996 0.437207 0.341537 -0.252985 -0.372660 0.250136 -0.149562 0.142779 0.107498 0.318395 0.026518 -0.611241 -0.105897 0.247902 0.027428 0.399618 0.401699 -0.049303 0.207826 0.547337 0.383592 -0.352321 -0.045999 0.034118 -0.206991 -0.268297 -0.035621 0.098863 -0.262662
other -1.089646 -0.164506 0.107573 0.325994 -0.321548 -0.555262 -0.080267 0.058253 0.304018 0.071381 0.415809 -0.569806 0.417089 -0.437898 -0.140899 0.741145 0.038907 0.322287 1.106751 -0.188621 0.168410 0.390516 -0.299516 0.448338 0.001877 0.102659 -0.443958 -0.195273 0.681150 -0.388943 -0.406907 -0.072508 0.285207 0.038692 0.496808 -0.469795 0.413142 0.292632 -0.785072 -0.353900 0.499934 -0.399389 -0.404704 -0.209657 0.409461 -0.368512 -0.427507 -0.606296 0.556658 -0.112313 0.177886 0.514741 -0.482287 -0.161202 0.632913 -0.038471 -0.168004 -0.416456 0.234891 -0.218633 -0.471879 -0.252478 0.410271 -0.064925
himalayas 0.737800 -0.607996 0.511484 -0.443944 0.656852 0.192256 0.263520 -0.267610 0.409583 -0.825040 0.256437 -0.100248 0.144868 -0.210597 0.319379 0.115443 -0.130065 -0.428832 0.534210 0.389202 0.332976 -0.090222 -0.160444 0.171300 0.058729 -0.028287 -0.883254 0.573317 0.270114 0.120556 0.261714 0.683848 0.486431 0.572872 0.553815 0.338051 0.127931 -0.222323 0.043134 0.600760 0.267647 -0.519447 -0.326056 0.331679 -0.260662 0.207125 0.360683 0.589294 0.352578 0.374451 0.703833 -0.201554 -0.314383 0.839248 -0.712939 -0.522340 -0.599776 -0.034328 -0.269738 0.220479 -0.234860 -0.679580 -0.347672 0.435743
chain 1.188920 -0.623931 -0.569142 -0.318997 0.788561 -0.736719 0.581627 0.293300 -0.162292 -1.150041 0.202083 0.322798 -0.038090 -0.163629 0.304364 -0.384242 0.102808 -1.088624 0.284429 0.735873 0.458621 -0.229596 -0.846224 -0.136105 -0.246097 -0.004787 -0.514040 0.519561 0.511322 -0.065244 0.553635 0.447287 -0.200512 0.611362 -0.182578 -0.106912 -0.452456 -0.675922 -0.271238 -0.412635 0.036350 -0.370646 0.071585 0.521795 -0.814760 0.361191 -0.207352 0.166613 0.124166 -0.138602 0.882940 0.440951 -1.014635 -0.199441 -0.981348 -1.023069 -0.240411 0.279867 -0.465982 -0.117338 -0.548411 0.043338 0.110266 0.428824
high 0.621412 -0.338042 -0.033176 0.121092 0.602681 -0.183823 0.331515 0.323863 -0.272443 -0.010644 0.576042 0.225643 -0.172066 -0.425450 -0.033403 -0.345087 0.124781 -0.269009 -0.091972 0.739883 0.225578 0.064082 -0.925710 -0.044301 -0.010586 -0.125238 -0.319257 -0.107218 -0.204295 -0.194024 0.364041 -0.026677 -0.584839 0.203423 -0.019176 -0.067060 -0.379935 -0.689387 -0.169782 -0.276774 -0.154765 -0.094850 -0.081119 0.191308 -0.225994 -0.142504 -0.192869 -0.540524 -0.267591 -0.084512 0.446567 0.479951 -0.989517 -0.356010 -0.916568 -0.436505 -0.197894 -0.030856 -0.077142 0.521415 -0.105627 -0.090458 -0.099331 0.431723
peaks 0.200670 -0.199088 0.195753 0.142654 0.247870 0.273119 -0.023491 0.357300 -0.684808 0.284464 0.316790 0.365970 0.023513 -0.628472 0.446392 0.486493 0.019650 -0.038565 -0.117288 0.298804 -0.072472 0.392095 0.411709 -0.196499 -0.718536 0.381260 0.202132 0.207237 -0.016889 -0.258165 0.103100 -0.083267 -0.569311 0.286262 0.129849 0.433065 -0.555631 -0.481917 -0.105018 0.242640 0.123370 0.109975 -0.069407 0.083172 -0.774890 -0.268644 0.228554 -0.322885 -0.092425 -0.565437 -0.110427 0.658457 -0.499925 -0.371952 -0.677158 -0.100700 -0.292290 0.310218 0.176915 0.258829 -0.157074 -0.522941 -0.383250 0.466510
networks 0.191594 0.214249 -0.086945 -0.118085 -0.694668 -0.059281 -0.084518 0.594030 -0.107506 -0.345110 0.958210 0.242362 0.439133 -0.766354 0.084050 0.391710 -0.565264 -0.073447 -0.124953 0.187469 0.095521 -0.001211 0.515872 0.244208 -0.046439 -0.478434 -0.404930 -0.340451 0.243586 -0.169338 0.329443 -0.437634 -0.378485 -0.026590 -0.182982 -0.192450 0.366277 0.117826 0.230938 -0.201827 -0.640984 -0.445420 -0.200438 -0.082708 -0.152361 0.025285 -0.022490 -0.225783 -0.852194 0.611279 -0.552022 -0.046637 -0.183841 0.641071 0.518416 0.046248 -0.090717 0.338830 0.408478 0.053479 0.031501 0.459304 -0.444881 -0.335967
allow 0.085104 -0.167664 -0.053967 0.407886 -0.265992 -0.304104 0.333432 -0.127988 0.099190 -0.569135 0.617652 0.395530 0.153425 -0.264025 0.416438 0.165780 0.174397 0.274663 -0.185875 -0.309156 -0.620015 0.040025 -0.323068 -0.403865 -0.112987 -0.161644 -0.132881 0.203735 0.274564 -0.067022 0.154024 -0.303070 -0.301785 0.850650 0.336495 0.325760 0.495284 -0.017865 0.784385 -0.404042 -0.351936 0.140216 0.079394 -0.437075 0.373529 0.239428 0.174350 -0.001644 -0.250226 0.501673 -0.788989 -0.461436 -0.173517 0.101955 0.027278 -0.691071 0.876096 -0.008357 0.381297 -0.280475 0.089107 0.206559 -0.421816 0.121221
computers -0.296438 -0.118850 -0.200921 0.485923 -0.428473 -0.542324 0.161013 0.115373 -0.044173 -0.703463 1.133627 -0.333597 -0.098940 -0.654260 0.139741 -0.093330 -0.453081 0.049509 -0.143573 -0.108348 -0.157941 0.150429 -0.018309 -0.580482 -0.463684 -0.458717 -0.335260 0.034088 -0.090879 0.194400 0.592336 -0.249995 -0.172357 -0.328171 0.027599 0.000792 0.006925 0.084482 0.544704 -0.053046 0.189180 -0.239146 -0.212317 -0.045597 -0.250796 0.075392 -0.263679 -0.318877 -0.303249 0.492975 -0.204317 0.170101 -0.049297 -0.144511 0.478870 -0.277743 -0.233841 0.428019 0.835988 0.066043 0.701705 0.196392 -0.139374 -0.355364
data -0.428468 -0.015856 0.088041 0.445510 -0.975295 0.711319 0.050593 0.576127 0.219557 -0.552863 0.607947 -0.135442 -0.224251 -0.705525 -1.044281 0.324102 -0.307866 -0.256512 0.041927 -0.216165 -0.499681 -0.181219 0.206337 -0.553934 -0.231285 0.440908 0.044513 0.238109 -0.032872 0.070560 0.731146 -0.250094 -0.378930 0.115119 -1.227570 0.041874 -0.687723 0.254320 0.257219 -0.087133 -0.467450 -0.428337 -0.287787 0.356016 -0.014103 -0.022376 -0.297981 -0.518020 -0.294831 -0.347443 -0.515599 0.215219 -0.527048 -0.292164 0.462442 -0.616625 0.790886 0.487311 0.380089 -0.103832 0.198917 -0.433324 -0.320304 -0.378653
resources -0.153684 0.130035 0.097118 0.102453 -0.700506 0.901680 -0.049459 0.543252 -0.059165 -0.170253 0.899225 -0.075638 0.011638 -0.370441 -0.958845 -0.072722 0.211669 -0.025228 0.209750 0.016261 0.295315 -0.036497 0.122053 -0.738514 -0.289480 0.442003 0.277691 -0.101907 0.394859 -0.003587 0.790158 -0.091502 -0.326579 0.327994 -0.491834 0.426970 -0.124704 0.096123 0.154568 0.092957 -0.704048 -0.161661 -0.559406 0.076859 0.177708 0.171068 -0.315816 -0.636789 -0.285285 0.245303 -0.839686 0.349157 -0.253801 0.621829 0.507267 -0.205526 0.363162 0.350623 0.025086 -0.335718 0.421936 -0.453927 -0.884307 -0.100733
kindness 0.021952 -0.634132 -0.832286 0.214675 0.114954 -0.176980 -0.619207 0.116964 -0.206610 -0.680276 -0.209299 -0.718845 -0.013988 1.251134 0.044868 0.103422 0.098018 0.091701 0.162453 0.621267 0.497689 -1.196077 0.055356 0.058801 -0.458199 -0.617697 -1.083732 0.710052 1.123523 -0.031310 -0.364410 -0.012586 0.336514 -0.137613 1.154792 0.140237 0.690629 -0.169285 0.976051 0.581544 0.779552 -0.074933 0.527069 0.457881 -0.040029 0.277735 0.223810 -0.072954 -0.269381 0.647520 0.094216 0.297688 0.366098 -0.090961 -0.485867 -0.272420 -0.515380 -0.104171 -0.147074 0.243658 -0.977317 0.113354 -0.053419 0.040731
place 0.398770 -0.469270 -0.547404 0.488877 -0.039169 0.535106 -0.240051 -0.308040 -0.035057 -0.490243 0.176510 0.407005 -1.099779 0.868765 0.547206 0.116313 -0.186382 -0.462060 0.126268 0.571243 0.136005 -0.294717 0.119483 -0.342526 -0.581433 -0.053347 -0.782350 0.098195 0.063461 -0.470802 -0.202129 -0.413128 -0.499002 0.282946 -0.098713 -0.103363 0.978356 0.411485 0.469396 0.568866 0.189531 0.162466 0.303813 0.175749 -0.604606 0.352079 -0.923929 -0.061695 -0.035161 0.229071 0.453866 0.218812 -0.031024 0.114683 0.117963 -0.639952 -0.497776 0.118981 -0.561875 -0.073304 -0.088705 0.147568 0.285387 0.746945
climbing 0.312884 -0.245279 0.230676 -0.436108 -0.385109 0.770971 -0.102055 -0.730943 -0.552929 -0.137425 -0.135380 -0.590642 0.633732 -0.441223 0.322010 0.013720 -0.074997 -0.138029 -0.038875 0.327080 0.059352 0.335887 0.338886 0.286762 -0.225838 -0.404493 -0.661369 0.060341 -0.038305 0.125606 -0.208388 0.018611 -0.672366 -0.012427 -0.336667 0.522474 0.294243 0.097848 -0.082897 -0.383635 1.029956 0.501346 -0.595443 -1.212450 -0.240728 -0.348526 -0.203090 -0.581700 0.516873 0.094598 -0.141471 -0.056426 0.049878 0.352591 -0.002311 -0.643463 -0.153722 -0.365056 -0.795451 0.366998 -0.674987 0.435815 0.000340 -0.545026
strength -0.345683 -0.343874 -0.591380 0.020793 0.240600 -0.270894 -0.378968 -0.138653 0.158711 -0.555050 0.650884 -0.372939 0.390986 0.185836 -0.215942 0.702231 -0.060206 -0.227078 0.134265 0.018583 -0.207560 0.444200 0.445552 0.381349 -0.062846 -0.463777 -0.066708 -0.708949 0.295672 -0.188967 0.335438 -0.144823 -0.130499 -0.208554 -0.262935 0.431289 0.548621 -0.111912 -0.116050 -0.613008 0.377413 0.226215 -0.449395 -0.207303 0.464750 0.347681 -0.142899 0.127324 0.337127 -0.273641 -0.027419 0.135962 0.348193 -0.123100 -0.402751 -0.546775 -0.054548 0.071559 0.106190 -0.037222 -0.136497 0.334586 0.098885 -0.112293
courage 0.049905 -0.351887 -0.605544 0.193801 -0.057652 -0.030882 0.115179 -0.423812 0.095175 0.350969 0.296342 0.055085 0.688010 0.156262 0.199858 -0.374117 -0.202706 -0.338722 0.044754 0.425595 0.588661 0.364970 0.141847 0.003820 -0.612789 -0.712089 -0.239226 0.054954 0.319091 -0.395285 -0.031472 -0.299204 -0.248788 -0.110948 0.139569 0.178958 -0.057423 0.448511 0.344336 -0.322493 0.261276 0.166619 -0.368334 -0.742854 -0.206417 -0.636755 0.349904 -0.205941 0.510333 -0.248042 -0.244717 -0.399827 0.458057 0.192212 0.726669 -0.013926 -0.084936 -0.080076 -0.694283 -0.166407 -0.761221 0.446364 0.171978 -0.423123
good -0.278516 -0.540500 0.123534 0.309929 -0.275407 1.418909 -0.046206 -0.263615 0.465279 0.427696 0.342262 0.016452 0.367603 0.236125 0.198565 -0.471801 -0.202302 -0.522028 -0.030878 0.087285 0.009555 0.373798 0.701459 -0.343764 -0.747240 -0.057725 -0.030822 0.022296 0.186632 0.039426 0.063672 0.274700 -0.955203 -0.340176 -0.445611 -0.036050 0.106242 0.433824 -0.452995 -0.273186 0.402049 0.608140 -0.481883 -0.620609 0.178720 -0.281900 -0.140992 0.037754 0.940447 -0.020422 -0.063552 0.373954 -0.004925 -0.158972 -0.020301 -0.743880 0.094463 0.006600 -0.662109 0.291302 -0.471278 0.592145 -0.337285 0.025409
technique -0.312286 -0.054382 0.395365 -0.530697 -0.339855 1.085332 -0.323594 0.046343 0.230851 -0.461950 0.262388 -0.277841 0.289009 0.133526 0.326284 -0.347104 0.010609 -0.462015 0.354560 0.286561 -0.354545 -0.002524 0.382120 -0.612928 -0.740772 0.056995 -0.194116 -0.185833 -0.039157 0.002865 0.341870 0.087073 -0.805535 0.190590 -0.397392 0.042030 -0.172025 0.598536 -0.793599 -0.084875 0.330489 0.837396 -0.132317 -0.604391 0.268633 0.145428 0.000785 -0.601990 0.758481 -0.277595 -0.411115 0.222698 0.539152 -0.261508 0.132933 -0.232700 0.187196 -0.691501 -1.127859 -0.149589 -0.433673 0.614407 -0.069971 -0.334831
swimming 0.615473 -0.350108 0.476979 -0.265426 0.022642 0.493498 -0.317589 0.057624 -0.130970 0.315985 -0.231199 -0.555680 0.551789 0.532940 -0.066438 -0.089455 -0.552333 -0.508165 -0.109458 0.096858 -0.000819 0.033555 1.000294 0.806308 0.341262 -0.021558 -0.883379 -0.683014 0.340868 -0.182599 0.135175 0.185628 -0.561592 -0.172766 0.442279 -0.233978 0.002540 0.081762 0.722055 -0.123615 0.852509 0.122923 -0.600277 -0.232643 0.440856 0.062079 -0.048443 -0.414157 0.239419 0.580086 0.007063 0.454782 0.527825 0.328216 -0.240029 -0.516240 -0.183375 -0.245571 0.458047 0.578243 0.017814 0.213181 -0.442225 -0.227132
cardiovascular 0.263771 0.413723 0.015496 0.273318 0.193377 0.979715 0.010371 0.699191 -0.128232 -0.260647 0.122087 0.264447 0.337834 0.394816 0.080156 0.241777 -0.127632 -0.726415 -0.573947 -0.324683 -0.067865 0.026081 0.446882 -0.122969 -0.150546 0.827805 -0.116515 -0.604735 -0.169123 -0.050096 -0.491136 0.077884 -0.270928 -0.615085 -0.215134 0.548300 -0.262969 0.021589 -0.058204 0.297392 0.567794 0.274708 -0.346701 -0.259652 0.496903 -0.292262 0.388258 0.268375 0.698488 -0.068944 -0.239775 0.778419 0.201976 -0.021274 -0.550732 -0.891678 0.158228 -0.233849 -0.133591 0.500688 0.136805 -0.049728 -0.366318 0.208325
health 0.442469 -0.067284 -0.149362 -0.162782 0.085643 0.311810 -0.199186 0.229996 0.051282 0.309606 -0.019251 0.501082 0.161961 0.294051 -0.026807 0.737689 -0.003544 -0.576701 -0.368869 0.248384 0.076141 -0.082758 0.158227 -0.197549 0.085057 0.371409 -0.102470 -0.428739 -0.068471 -0.078473 -0.328622 0.192900 -0.155685 -0.684673 -0.027120 0.675216 -0.391822 0.139369 -0.185846 0.281392 0.264792 0.078504 -0.130282 -0.074607 0.421365 0.183077 0.285711 -0.377268 0.683655 -0.486193 -0.005762 0.380221 -0.046613 0.077809 -0.125560 -0.214001 0.345837 -0.189655 0.453114 0.253970 -0.447754 0.214650 0.299273 -0.510317
process -0.444549 0.069504 -0.419907 0.562113 -0.146064 -0.420954 0.488674 -0.012460 -0.019519 -0.056196 0.840547 0.091536 0.276523 -0.203032 -0.090708 0.112705 -0.449144 -0.127053 -0.182567 -0.132746 0.114990 0.225343 -0.386215 -0.619646 0.008603 0.032908 0.341430 -0.279007 -0.058162 0.041385 0.516234 -0.104379 0.024554 -0.095775 0.018944 0.030368 -0.285139 0.485489 0.363847 0.203153 -0.368364 0.089228 0.039510 0.402884 0.117161 0.348935 0.111125 -0.097842 -0.372403 0.405815 0.216401 -0.018313 0.367119 -0.339719 0.013504 0.126041 -0.372816 -0.100392 0.606627 -0.018771 0.902185 0.421564 0.365806 -0.061242
information -0.612391 0.308699 -0.653160 0.396627 -0.284729 -0.219065 -0.115975 -0.224219 0.458031 0.276949 0.522643 -0.099949 0.259653 -0.017990 -0.262659 0.250112 0.196295 -0.114283 -0.224234 0.371272 0.181295 -0.059287 0.150808 -0.222961 0.253613 0.882089 -0.050921 0.073462 0.175718 -0.030607 0.164051 -0.320603 -0.232089 0.127993 0.215329 0.136117 -0.271798 0.240300 0.414194 0.779567 -0.257311 0.466660 -0.209382 -0.218845 0.520005 0.180327 0.242292 -0.466836 0.328407 0.360332 0.115872 -0.190865 -0.036890 -0.490087 0.615541 -0.024786 -0.267067 -0.123948 0.768397 0.418237 0.317727 0.104621 0.691701 -0.204414
birds 0.444470 0.287583 0.158814 0.133554 0.005402 0.064527 -0.205724 0.320763 0.121398 0.106806 -0.364678 -0.528682 0.594291 -0.773221 0.179699 -0.185210 0.345422 -0.425031 0.533190 -0.103413 -0.220363 -0.124596 0.060741 -0.252916 -0.417865 -0.060227 0.230089 -0.184204 0.148452 0.218383 0.117502 -0.491945 0.072120 -0.092438 0.193006 0.154042 0.141271 0.072835 0.109296 1.047981 -0.159508 0.165814 -0.020411 -0.499420 -0.787638 -0.639656 0.455948 -0.051064 0.137446 -0.388726 0.002564 -0.052489 -0.274888 -0.461354 0.447222 0.069555 -0.281229 0.240267 0.146926 0.117091 0.251585 0.004173 -0.213392 0.496086
fly 0.585292 -0.025180 0.300488 -0.281282 0.181898 -0.248761 -0.393446 0.219509 0.191381 -0.571132 -0.303815 -0.857838 0.178422 -1.043325 -0.147456 -0.137405 0.076614 0.210446 0.115414 0.323305 -0.225161 -0.237865 -0.667099 -0.304580 -1.077326 -0.144191 -0.282664 0.047912 0.072474 0.057616 0.442632 -0.148945 0.291450 -0.026985 0.197723 0.286916 0.617901 -0.145157 0.241426 0.346862 0.340504 0.475106 0.480223 -0.605185 -0.409214 0.267563 0.114900 0.138958 -0.192356 0.262545 -0.619300 -0.826470 -0.347667 -0.031250 -0.062232 0.143135 -0.003655 0.236460 -0.128321 0.254740 0.013565 -0.352809 -0.143442 -0.553344
south 0.412776 -0.799617 -0.019613 -0.003434 -0.171183 -0.357283 -1.139332 0.332463 0.051313 -0.303105 0.037012 -0.365142 1.624698 -0.612855 -0.549638 -0.318753 0.141124 -0.956972 0.302925 -0.181437 -0.321197 -0.287897 -0.256184 -0.048751 -1.195103 -0.177548 -0.389588 0.203588 0.320951 0.259273 0.248129 -0.312357 0.773984 0.085252 0.239793 0.035466 0.560409 -0.072708 -0.116985 0.387550 0.356379 0.006883 0.551158 -0.133144 -0.140116 -0.372674 0.100105 -0.203035 -0.347256 0.126006 -0.012416 -0.181339 -0.079898 0.096683 -0.199937 -0.139047 -0.289567 0.045297 -0.190115 -0.050470 0.263844 -0.036891 -0.027375 -0.061428
during 0.212088 -0.636841 -0.207370 0.050260 0.264115 -0.539902 -0.688589 0.288479 0.047986 -0.879612 -0.002761 -0.399634 0.821756 -0.767436 -0.660060 0.178787 0.546734 -0.624303 0.431090 0.327641 -0.909363 -0.092032 -0.676802 -0.426119 -1.247121 0.069612 -0.004605 0.001527 0.283256 0.461001 0.436360 -0.256807 0.392279 -0.271664 0.377091 0.255839 0.728070 -0.377658 0.074986 -0.146095 0.360634 -0.104910 0.495532 -0.241463 -0.214490 -0.095758 0.021949 -0.453415 -0.063430 -0.800598 0.287420 -0.301315 -0.302017 -0.143239 -0.200417 -0.171754 -0.552655 0.373193 -0.013786 -0.518012 -0.023874 0.097249 0.129674 -0.240347
winter -0.547727 -0.115889 -0.198463 -0.322377 0.522791 0.460895 -0.337262 0.699555 -0.217096 -0.050618 0.288903 0.245201 0.256234 -0.443662 -0.271897 -0.365361 0.098951 -0.815019 0.402057 0.154618 -1.127681 0.190076 0.278145 0.072006 -0.990855 0.536870 -0.108254 0.078235 0.043241 -0.042498 -0.073121 0.137263 0.500745 -0.862205 -0.193041 0.132029 0.366056 0.485780 -0.053627 1.115518 -0.114386 -0.235495 -0.205752 -0.007969 -0.197145 -0.270527 -0.223160 -0.666453 -0.250826 -0.560683 0.279523 -0.377351 -0.579374 0.160721 0.232408 -0.047142 -0.401861 0.050028 -0.439304 0.108778 0.166545 0.498316 -0.309902 0.028637
months -0.664911 -0.404851 -0.413576 -0.143616 0.417650 0.097337 -0.310829 0.470113 -0.022004 -0.274957 0.037149 -0.015214 -0.261580 -0.878675 -0.382426 -0.540667 -0.031046 -0.110282 0.026605 -0.001162 -0.968576 0.379163 0.037152 -0.154931 -0.796337 0.691173 -0.582708 0.020887 0.193234 -0.244555 0.285242 0.149368 0.706075 -0.591751 -0.094271 0.384990 0.545355 0.233293 -0.104413 0.935380 0.234268 0.058099 -0.095891 -0.079343 -0.240915 -0.166340 -0.048347 0.044122 -0.218008 -0.192443 -0.179476 -0.004018 -0.319838 0.249249 -0.138366 0.464734 -0.226434 0.364001 -0.681789 0.377594 -0.281218 0.364347 -0.226544 -0.165265
joy 0.015927 0.464031 0.146195 -0.505703 -0.175069 -0.205144 -0.218227 -0.330342 -0.083044 0.019434 0.409254 -0.334045 -0.096355 -0.007265 -0.196604 -0.652250 0.136441 0.239772 0.281346 -0.803855 0.408513 -0.360798 0.651394 0.199571 0.170917 -0.353545 -0.544908 0.724250 0.523455 -0.330070 0.231873 0.574378 0.014307 0.068008 0.265228 0.066002 -0.142851 0.175410 -0.525690 0.252951 -0.334757 -0.285217 -0.373128 -0.033721 0.242942 -0.104356 -0.167483 0.637117 -0.437747 0.660563 0.060089 -0.280597 -0.321293 -0.224966 0.137769 0.808070 0.539499 -0.015011 0.183369 0.490804 0.427132 -0.822410 -0.112718 -0.272410
found -0.689374 -0.227460 -0.322620 -0.186925 0.275279 -0.888836 -0.209378 -0.368921 0.055252 -0.117333 0.388298 -0.846040 0.009335 0.574059 -0.211594 -0.791248 0.172293 -0.101585 0.396553 -0.611816 -0.203406 -0.151832 0.011471 0.066572 0.052823 -0.048156 0.061860 0.502697 0.900656 -0.427078 0.239990 1.103886 0.198443 -0.185349 0.404416 0.495530 0.165964 0.284700 -0.713420 -0.268860 -0.729791 -0.173566 0.372718 0.517252 0.788809 0.014400 -0.114478 -0.097533 -0.407680 -0.181267 0.306497 0.182023 -0.417339 -0.389461 -0.128698 0.621118 0.523864 0.575908 0.516309 0.158101 0.031459 -0.402638 0.145983 -0.104946
everyday -1.101634 0.179442 0.040904 0.166905 -0.001365 0.464283 -0.499173 -0.219162 -0.166308 0.071462 0.354924 -0.454113 -0.192962 -0.152724 0.169092 -0.752194 0.175291 0.042344 0.208741 -0.510117 0.072670 -0.088116 0.015137 -0.139692 0.251214 0.681253 -0.215651 0.555837 0.347803 -0.946845 0.246114 1.604430 -0.233842 -0.059742 -0.537796 0.012344 -0.069986 0.328594 -0.416756 0.251216 -0.323702 0.227653 0.091441 0.394517 0.787980 0.381210 0.058481 0.010921 -0.235024 -0.186350 0.769540 0.215458 -0.073524 -0.417438 -0.181960 0.226515 0.742704 0.514296 0.293424 0.743600 -0.344695 -0.885362 -0.360502 0.315549
moments -0.366680 -0.031918 -0.040347 -0.248462 -0.064983 0.361939 -0.459278 -0.196309 -0.082065 0.141092 0.368504 -0.714559 -0.465219 0.048144 0.062041 -0.526917 0.140992 0.098840 0.326854 -0.203809 -0.340728 -0.206140 0.005757 -0.231917 0.169152 0.639344 -0.070623 0.470835 0.013157 -1.251741 0.562592 0.558240 0.073643 -0.230781 -0.679844 0.092382 -0.162269 -0.004068 -0.515951 0.199187 -0.137412 0.247128 0.167873 0.296219 0.778955 -0.330609 -0.599725 -0.351097 -0.074244 0.274500 0.021109 0.333546 0.253203 -0.021660 -0.242909 0.791400 0.200848 0.172953 0.099814 0.486158 0.047587 -0.911423 0.175969 0.447303
trains 0.162456 -0.661187 -0.116253 -0.757468 0.060648 -0.267624 -0.107134 -0.051397 -0.188026 -0.227203 -0.082697 -0.617732 0.105365 0.438565 0.046658 -0.093874 -0.250513 0.371544 -0.464673 0.056263 -0.134491 -0.795331 0.707063 0.062330 -0.249589 -0.397441 0.213035 0.369680 -0.902433 -0.041686 -0.109789 0.271108 -0.329098 -0.096799 0.070426 -0.382322 0.040212 -0.549590 0.841733 0.586253 0.310343 -0.294682 0.014450 -0.033350 0.138067 -0.018256 0.412369 0.409234 0.116796 0.374716 -0.167555 -0.820589 0.001815 0.783593 0.548883 -0.311325 0.465496 0.203819 0.003941 -0.107077 -0.439570 -0.535483 -0.027899 -0.321056
transport 0.057061 -0.370104 -0.050378 -0.438200 0.250415 -0.092837 -0.045305 0.214848 0.110330 -0.137295 0.318954 -0.764428 0.267908 0.440044 -0.185338 -0.158838 0.003544 0.353221 -0.769435 0.544091 -0.188856 -0.802757 -0.028471 -0.494986 -0.422090 -0.204196 0.297608 0.245542 -0.646313 -0.158878 -0.045758 0.710433 -0.182944 0.022850 0.504422 -0.146548 0.123745 -0.630357 1.093963 0.627784 0.161773 -0.080946 0.137334 -0.289389 0.199301 0.583306 0.445977 0.496692 -0.120467 0.534002 -0.026454 -0.925559 -0.722379 0.585673 0.463352 -0.679218 0.882434 0.067338 -0.346415 -0.242243 -0.035538 -0.370528 -0.028761 -0.352336
goods -0.355392 -0.807396 -0.531353 -0.378690 -0.066769 0.072442 -0.014824 -0.018034 0.143951 -0.227696 0.145294 -0.693635 0.481019 0.366158 0.115455 0.172748 0.011213 0.607036 -0.749423 0.413727 -0.358469 -0.703647 -0.127813 -0.406466 -0.410486 -0.232393 0.684427 -0.220947 -0.050776 -0.223989 -0.049099 0.418533 0.110505 -0.186853 0.499344 0.315821 0.425453 -0.560848 0.658426 0.382861 0.226332 -0.148418 0.274707 0.068146 0.432433 0.826646 0.491040 0.276222 0.256365 0.006568 -0.251279 -0.600488 0.155440 0.503608 0.373852 -0.432417 0.506412 0.362969 0.021948 -0.048087 -0.514938 -0.249812 0.388653 -0.498923
between -0.099871 -0.357717 -0.193904 0.119835 0.081592 0.669694 -0.213733 0.704181 0.319523 0.158363 -0.174876 -0.165215 0.163277 0.450781 -0.482340 0.030102 0.166835 -0.069659 -0.489262 0.387633 0.081004 -0.675128 0.281536 -0.166513 0.064448 0.182585 0.869298 0.101388 -0.441111 -0.381335 0.262240 0.598570 -0.192184 0.082224 -0.467862 -0.073690 -0.394288 -0.010004 0.917795 0.959560 0.307377 0.278381 0.296818 -0.018075 0.032438 0.797293 -0.025840 0.516959 0.264936 0.035232 -0.343650 -0.141478 -1.006342 -0.025909 0.472618 -0.129254 0.554443 0.290278 -0.326203 -0.092373 -0.680776 -0.294675 0.272803 -0.178900
earthquakes 0.219707 -0.596620 0.909455 -1.088655 -0.461483 0.623924 0.701739 0.236404 0.049571 0.121624 -0.071877 -0.480384 -0.081731 -0.522489 -0.662155 0.149666 0.035749 0.445095 -0.567334 0.097735 0.339661 -0.123760 0.142443 0.113584 0.064754 -0.172635 -0.100344 0.741088 0.099657 0.321149 -0.039826 -0.420558 0.111901 -0.002729 -0.300060 -0.278745 -0.362411 0.514685 0.508628 0.250991 -0.280199 -0.232905 -0.163797 0.547703 -0.040845 -0.512013 -0.224935 -0.109904 0.294963 0.759278 0.375119 0.252279 -0.222184 0.425454 0.114165 -0.095502 -0.206141 0.003838 -0.051908 -0.110166 0.133573 -0.863231 -0.064227 0.069057
occur 0.356031 -0.100900 0.988866 -0.933094 -0.485305 0.542952 0.779022 -0.247844 0.200741 -0.453891 0.102827 -0.084862 0.177331 -0.490535 -0.348855 -0.152161 -0.083376 0.408849 -0.566049 -0.524060 -0.316288 -0.241692 -0.180933 0.092580 -0.206060 -0.146154 -0.300541 0.579788 0.472492 0.441880 -0.114437 0.233233 0.250730 0.312951 0.110212 0.015817 0.115736 0.385986 0.426168 -0.079126 0.271701 -0.323470 -0.008375 0.780149 0.155554 -0.142173 -0.413013 0.220528 0.242305 0.592516 0.384875 -0.209249 0.063729 -0.007781 0.222006 -0.212401 0.043708 -0.143939 0.261304 -0.052426 0.140893 -0.512292 -0.119254 -0.331200
move 0.216527 0.179687 0.341359 0.006091 -0.139677 1.069587 0.538148 -0.376537 -0.039957 0.225918 0.007118 0.220465 -0.335778 -0.698041 -0.479487 -0.421252 -0.519716 -0.282379 -0.575690 -0.292438 -0.394892 0.411535 0.003918 0.210165 0.014466 0.389215 0.518623 -0.230020 0.244484 -0.137785 -0.321174 0.311335 -0.261060 -0.375282 -0.195286 -0.249081 -0.215430 0.727091 0.104852 0.064042 0.612213 -0.269111 0.216119 0.863723 0.070542 0.034948 -0.545222 -0.194509 0.811560 -0.680494 0.045319 0.263481 0.048434 0.212950 0.244814 -0.383857 -0.166938 -0.318046 0.001019 -0.129989 -0.101181 -0.241987 0.101712 0.473246
suddenly 0.032432 0.434336 0.490194 -0.323836 0.066003 0.712320 0.795242 -0.119838 -0.297453 0.526508 -0.228304 -0.145336 0.026203 -0.538447 -0.531191 -0.173166 -0.606795 -0.064657 -0.610565 0.419358 0.172777 0.153993 -0.124474 -0.390914 0.002622 0.516842 0.561932 0.360454 0.303718 -0.117434 -0.100422 0.001471 -0.221085 0.147629 -0.281528 -0.117971 -0.206033 0.574506 0.000132 0.654218 0.206142 0.156427 -0.173557 1.048935 0.067188 -0.001575 -0.191582 -0.598282 0.834445 -0.182066 0.030783 0.561576 0.468512 0.659316 -0.001669 -0.300331 -0.311697 -0.328577 -0.096089 0.010311 -0.114480 -0.659434 -0.193592 0.462816
deer 0.272958 -0.436898 0.273774 0.064371 0.121266 0.232522 -1.057423 -0.508897 -0.060373 -0.329697 1.047600 -0.090831 -0.163675 0.218656 -0.162100 0.124450 -0.413493 0.391386 -0.686710 0.303575 0.009032 0.343669 -0.641935 -0.613683 -0.223381 -0.453264 -0.423484 0.515410 0.222290 -0.232114 -0.001808 0.128322 0.254700 0.069993 -0.628606 0.833824 -0.039079 -0.402582 0.122125 0.025713 0.100145 0.154953 -0.323661 -0.101932 -0.518456 -0.099717 -0.368620 0.261033 -0.246212 0.575697 -0.245170 -0.945606 -0.124050 -0.372649 0.408337 0.458025 -1.314256 -0.111128 0.066980 -0.021620 -0.203654 -0.309158 -0.217176 0.019621
grazed 0.234799 -0.819015 -0.006539 0.040192 0.127837 -0.161766 -0.683661 -0.311507 0.236809 -0.372931 0.958189 -0.445643 0.563649 0.433479 -0.389974 -0.021984 -0.356641 -0.500532 -0.664261 -0.312508 0.782919 0.041996 -0.606858 0.070020 0.117544 -0.328320 -0.038203 0.785401 0.256557 -0.532229 0.285418 0.025422 0.217271 -0.050887 -0.825716 0.964753 0.479733 -0.153049 0.313518 0.244096 -0.014663 0.448624 -0.372498 -0.035029 -0.225126 -0.347479 0.206382 -0.197976 -0.134971 0.777523 0.076715 -0.781656 0.112539 -0.650151 0.647171 0.099926 -1.428680 0.020094 0.141711 -0.472252 -0.077611 -0.148390 0.034092 -0.048441
peacefully -0.039942 -0.722183 -0.425091 0.172519 0.079645 -0.139666 -0.762533 -0.329455 0.215898 -0.197797 1.122573 0.031832 0.162880 0.474179 -0.246157 0.391951 -0.274745 -0.439361 -0.445967 -0.178504 0.218788 0.205487 -1.291844 -0.867513 -0.317512 -0.612786 -0.027743 0.210276 0.269470 -0.648509 -0.338906 0.229834 0.535524 0.186296 -0.393983 0.463984 0.041112 0.020555 0.392668 0.041661 -0.249769 0.277129 -0.327801 -0.202818 -0.063478 0.009726 0.086716 -0.236491 -0.192295 0.210348 -0.092855 -0.585600 0.168364 -1.037565 0.986955 0.022808 -1.585334 -0.175154 -0.135731 -0.857223 -0.284551 -0.087719 0.431493 -0.112462
quiet -0.199284 -0.331833 -0.071394 0.202693 0.319392 0.728435 -0.686439 -0.075072 -0.218088 0.439519 0.514032 -0.310108 -0.319185 0.509159 -0.045897 0.169390 -0.263398 -1.024377 -0.615364 -0.049447 0.577367 -0.044548 -1.045163 -0.235694 -0.019281 0.008991 0.194393 -0.230684 -0.176238 -0.791941 -0.451724 0.152785 -0.034617 -0.097065 -0.739085 0.072462 0.022687 -0.003350 -0.411573 0.457880 -0.197209 0.548963 -0.099527 0.002623 0.129191 -0.402451 -0.447001 0.391879 0.289249 -0.244194 0.830321 -0.207873 -0.482112 -1.070703 0.723602 -0.486867 -0.637999 -0.079066 -0.430038 -0.339284 -0.083806 0.093688 -0.248234 0.341294
means 0.415709 -0.465786 -0.446070 -0.251239 -0.034454 0.162128 -0.069089 -0.340874 -0.044903 0.304052 0.093255 -0.298644 0.349297 0.164084 -0.646100 -0.337060 -0.021657 -0.291889 0.162754 -0.047014 0.168180 0.155011 -0.242046 0.069087 -0.027484 -0.749063 -0.307366 0.008907 0.110980 -0.792524 0.090280 0.074529 0.020548 0.097731 0.074070 0.884387 0.388139 -0.395450 0.286402 -0.259852 0.353247 0.153199 -0.258942 -0.051361 -1.166535 0.275067 -0.241784 -0.050453 0.084318 0.159889 0.306551 -0.952161 0.036345 0.392351 0.129176 0.154351 0.200806 -0.307954 -0.758344 0.371854 -0.250250 0.221448 0.112435 -0.039672
doing 0.382192 -0.404899 -0.735603 -0.803758 -0.228089 -0.128329 -0.134245 -0.453922 -0.039891 -0.183704 0.159424 -0.071798 0.134496 0.353113 0.001718 -0.792085 -0.405951 -0.553565 -0.373420 -0.280014 -0.049800 0.763595 -0.474735 -0.233139 -0.097310 -1.003758 -0.471093 0.020391 0.380251 -0.804548 0.094778 -0.140129 -0.056342 -0.248925 0.434022 0.811160 0.767713 -0.453190 0.115831 -0.423901 0.112385 -0.355694 0.100417 -0.237392 -0.395227 -0.422273 -0.329671 -0.562488 -0.026937 -0.078905 0.166783 -0.467977 -0.127451 0.713010 0.564145 -0.101088 0.219189 0.263262 -1.295570 -0.033006 -0.349908 0.001078 -0.033911 -0.624636
right -0.003710 -0.153323 -1.117026 0.142317 -0.118452 -0.119391 -0.127395 -0.142236 -0.019291 0.427861 -0.029323 -0.219628 0.220018 -0.296756 -0.789512 -0.258090 -0.375665 -0.990243 0.233212 0.010416 -0.013803 0.574278 -0.262672 -0.201337 0.207012 -0.500178 0.116986 -0.139462 0.075636 -0.572855 0.257682 -0.441138 0.128156 -0.570800 -0.059588 0.266471 -0.001168 0.216545 0.117866 -1.346979 0.149918 -0.127862 0.136440 0.030691 -0.470863 0.046441 -0.477048 -0.658986 -0.092155 -0.738082 0.276453 -0.325695 -0.481024 -0.127499 0.602084 0.202585 0.083246 -0.270635 -0.589013 0.025816 -0.119377 0.468534 0.607739 -0.082682
thing -0.334718 0.272774 -0.816523 -0.025590 -0.319619 0.160604 -0.032586 0.042656 -0.053172 0.589921 -0.111165 -0.161677 -0.511538 -0.335955 -0.405322 0.052772 -0.334518 -1.044353 -0.291627 0.599562 -0.063754 0.505028 0.024183 -0.535620 -0.167308 -0.015151 -0.053582 0.053846 0.049656 -0.905708 0.336457 -0.368356 -0.172155 -0.877485 -0.070139 0.452262 0.582199 0.111361 -0.065628 -0.537703 -0.204588 -0.011729 -0.159873 -0.149620 -0.374390 -0.130307 -0.725630 -0.663993 0.164954 -0.697005 -0.240560 0.113341 -0.683915 -0.407441 0.270409 0.410425 0.440246 -0.314997 -1.039245 -0.130301 -0.461590 0.539650 0.583416 0.248336
despite -0.180151 -0.097508 -0.863355 0.289921 -0.289008 0.355310 0.105722 -0.035105 -0.053874 0.353743 0.249845 0.094370 -0.170537 -0.441615 0.076025 -0.126968 -0.643156 -1.377114 -0.261043 -0.120799 0.158793 0.972501 -0.243593 -0.380779 -0.353128 -0.012096 -0.243451 0.236289 0.067199 -0.691892 0.240944 -0.063667 0.146360 -0.318815 0.299026 0.085901 0.189961 0.338842 0.371849 -0.407696 -0.138410 -0.296548 -0.142979 -0.233943 -0.470989 -0.393634 -0.098849 0.079570 -0.162213 -0.502730 0.320359 -0.078839 -0.386592 -0.017351 0.661593 -0.107103 0.085626 0.124525 -0.959251 0.228230 -0.361595 0.318259 0.501331 0.215357
sadness 0.751787 0.222899 0.086996 0.964832 0.374112 -0.014319 0.570783 0.189011 0.010876 -0.132708 0.263230 -0.812989 -0.084235 0.147917 -0.047975 0.019559 -0.946003 0.020404 -0.470949 -0.294341 -0.342344 -0.586599 0.492709 0.787280 -0.596423 -0.059363 -0.457121 0.000348 0.073450 -0.113931 0.140539 -0.772813 0.298270 0.193913 -0.183913 -0.007960 0.427969 -0.497070 0.089091 0.224542 0.405159 -0.398231 -0.351929 -0.428033 0.270877 -0.081953 0.133683 -0.506072 -0.312156 0.279708 -0.127965 -0.847590 -0.256060 0.445985 0.088796 -0.373021 -0.484591 0.343827 0.062113 -0.240712 -0.355043 -0.415711 0.175400 0.282972
passes 0.337169 0.118617 0.028412 1.311358 0.530278 -0.134663 0.521888 0.427693 0.159977 -0.719960 0.408690 -0.484198 -0.039852 0.263279 -0.622016 0.025823 -1.082709 0.380579 -0.301183 0.335662 -0.691366 0.093091 -0.056665 0.329816 0.081179 0.088328 -0.612788 0.290343 0.647931 0.162209 0.008182 0.186937 0.594047 0.362581 0.223363 -0.177115 1.043238 -0.512573 0.297008 -0.045700 0.072336 -0.135634 -0.229806 -0.579785 -0.093907 -0.088181 -0.364159 -0.588320 -0.166562 0.130060 -0.264232 -0.698579 -0.361872 0.642218 0.113046 0.035208 -0.081078 0.045760 -0.264548 -0.617366 -0.336137 -0.524618 -0.072297 0.015664
gymnastics 0.451325 0.051815 0.190573 0.273517 0.441827 -0.219408 -0.889368 -0.457635 0.098534 -0.923265 0.105178 -1.258984 0.462241 0.143000 -0.019832 0.074646 0.320583 -0.107610 -0.368733 0.228174 0.613745 -0.191694 0.399068 0.496312 0.359370 -0.615560 -0.318945 -0.116716 0.471123 -0.090031 0.599544 0.373918 -0.478657 -0.121467 0.031335 -0.177187 0.162555 -0.418591 -0.828669 0.964500 0.026758 0.452314 -0.556871 -0.341887 -0.575095 0.037574 -0.292214 0.323447 0.228232 0.346778 -0.521753 -0.277157 0.162079 0.048756 0.110478 -0.960608 0.275733 0.418128 -0.133314 0.454945 -0.006551 0.393521 -0.313375 -0.465983
demands 0.313339 -0.315690 0.104818 0.174104 0.415977 -0.236341 -0.518530 -0.367390 -0.040279 -0.790531 0.079232 -0.693146 0.268281 0.093080 -0.175843 0.253047 0.677298 0.310081 -0.336134 0.005704 -0.036552 -0.394206 -0.395659 -0.439511 -0.069152 -0.030004 -0.034592 -0.394356 0.970610 -0.025013 -0.290615 0.673700 -0.236091 0.276895 0.308619 -0.099785 0.841518 -0.064669 -0.778761 0.324595 0.392359 0.368833 -0.582324 -0.117367 -0.352295 0.449463 -0.321094 -0.384075 -0.439210 -0.076557 -0.448011 -0.185542 0.561960 0.185564 0.141117 -0.939555 0.411637 0.159605 -0.273507 0.212343 -0.144240 0.743363 0.186089 -0.710831
coordination -0.755091 0.369020 -0.193200 0.421963 0.361043 0.450104 -0.316368 -0.047707 0.124132 -0.124052 0.268523 -0.232635 0.079100 0.299885 -0.013767 0.011763 -0.048421 -0.166659 -0.498263 -0.325660 -0.260491 0.179020 0.527072 -0.085347 -0.510394 -0.460074 0.016003 -0.746393 0.471041 -0.178645 0.020454 0.211697 -0.571053 -0.147353 -0.136293 -0.081855 0.290230 -0.190617 -0.922474 0.887756 -0.140680 0.056749 -0.540116 -0.255353 -0.188880 0.030085 -0.084983 -0.110830 -0.446347 -0.773961 -0.600181 0.386496 0.181680 0.298777 -0.129589 -0.622228 0.058361 -0.326674 -0.533187 0.841429 -0.053171 0.490580 -0.069866 0.081469
milk -0.002971 -0.295448 -0.439584 0.917678 -1.037127 0.005957 0.229583 -0.567125 0.183702 0.365329 -0.314277 -0.169634 0.904193 0.920829 -1.468027 0.229870 0.314162 -0.170773 -0.702422 0.276891 0.599702 -0.146282 0.752707 0.162360 0.095692 -0.384899 0.010619 0.286289 -0.522306 -0.051800 0.762718 0.124783 -0.003181 -0.204846 -0.267748 0.395993 -0.179021 -0.546366 -0.899295 -1.137838 -0.152009 0.530015 0.471969 -0.686933 -0.081791 0.475294 0.027844 -0.287490 0.863121 -0.257407 0.032462 0.758527 -0.593628 -0.241553 -0.374122 -0.300625 0.102121 0.330231 0.068737 0.084856 0.799014 0.284590 0.545927 0.149005
cat 0.119238 0.508826 -0.082148 -0.616857 0.648193 -0.037109 -0.081170 -0.227933 0.472884 -0.174205 0.091170 -0.189499 0.733666 0.005183 -0.512489 -0.153994 -0.807612 -0.130230 -0.441733 -0.438168 -0.204286 -0.628975 0.365574 -0.349044 -0.163126 0.294377 -0.408273 0.182467 0.282369 0.422061 -0.140596 -0.393472 -0.570293 0.703038 0.376044 0.309540 -0.088802 -0.215069 -0.436841 -0.203821 -0.057249 0.080161 0.192154 -0.391799 -1.029000 -0.234319 0.667428 0.690856 -0.496572 0.470170 0.219259 0.515284 0.305490 -0.104597 0.370524 -0.580863 -0.142887 -0.128277 -0.427911 -0.290127 -0.132973 0.149578 0.526338 0.518393
sat 0.113865 0.073367 -0.447119 -0.733290 0.182153 -0.332366 0.211871 -0.190383 -0.247024 -0.162933 0.143282 -0.794614 0.535938 -0.144834 -0.409227 -0.336559 -0.851631 -0.196928 -0.622668 -0.631808 -0.145510 -0.427633 -0.072622 -0.309593 0.069855 -0.010913 -0.056039 0.300200 0.780266 0.624319 -0.178889 -0.417032 -0.815744 0.545818 0.741594 0.188378 -0.106194 -0.365739 -0.591452 0.020852 0.362654 -0.409578 -0.182911 -0.210340 -0.592778 -0.770195 1.179130 -0.086016 -0.132377 0.329458 0.270843 0.755796 0.273916 -0.023289 0.707885 -0.661052 -0.560910 -0.008633 -0.116503 -0.338153 -0.005306 0.079175 0.703684 0.547760
quietly -0.034892 -0.008221 -0.281304 -0.638538 0.696500 -0.797964 0.297796 -0.610381 0.482341 0.125574 -0.230104 -0.674237 0.686140 -0.007115 -0.356830 0.107061 -0.335587 -0.747304 -0.282756 -0.674082 -0.036893 -0.692542 0.339825 -0.145561 -0.191231 0.133671 -0.164164 -0.367232 0.416380 0.249149 -0.139327 -0.521609 -0.428831 0.075814 0.394160 0.114504 0.122795 -0.528972 -0.196106 -0.314986 0.110189 -0.221330 -0.557692 -0.313231 -0.670174 -0.447869 1.259186 0.301237 -0.020095 0.411870 0.108602 0.502369 0.259868 -0.123744 0.462770 0.026472 -0.709971 0.205084 -0.214045 -0.435591 0.151537 0.373052 1.031337 0.951442
windowsill 0.035982 0.480580 0.080301 0.634557 0.448563 -0.176975 -0.158363 -0.372228 0.162365 0.154238 -0.641210 -0.643022 0.598268 -0.062822 0.245518 0.268793 0.483444 -0.659027 0.319427 -0.580286 0.371714 -0.808598 -0.073790 -0.838123 -0.673762 0.460497 -0.020650 -0.491244 0.030008 0.087579 0.197582 -0.418476 0.171066 -0.072600 0.015264 -0.399459 -0.145331 -0.016470 -0.357742 0.272312 0.323676 -0.026758 -0.311020 -0.681938 -1.001981 -0.005973 1.050849 -0.002382 0.238034 -0.045193 0.141560 0.748719 -0.202350 -0.241436 0.017300 -0.422860 0.171579 0.543127 -0.330535 -0.153562 -0.282344 -0.202166 0.981073 0.962584
watching -0.118426 0.514996 0.339852 0.870545 -0.074925 0.204885 -0.158304 -0.248578 0.098520 0.064363 -0.162754 -0.782539 0.567369 -0.183618 0.160624 0.049892 -0.031222 -0.618442 0.231950 -0.645818 -0.352867 -0.548089 -0.417100 -0.660467 -0.619606 0.409310 0.445059 -0.481478 0.414720 0.522409 0.157329 -0.331829 0.081024 0.099948 -0.635386 -0.150147 -0.308669 0.412543 -0.499007 0.067767 0.508330 0.171879 -0.214137 -0.771713 -0.767456 0.030124 1.152874 -0.136745 -0.036109 -0.049439 0.509073 0.919054 -0.327593 0.086453 0.332913 -0.461227 0.018141 0.385847 -0.438486 0.118488 0.049924 0.035711 0.383707 1.043035
eggs 0.120497 0.194580 0.792980 -0.414584 -0.209718 0.258918 0.368935 0.229692 0.048650 0.290281 0.465791 -0.223313 -0.256933 -0.027243 -0.127515 0.216061 -0.378646 0.028352 0.759661 -0.160529 0.505332 0.330641 0.024015 -0.423861 -0.192935 -0.168810 -0.547224 0.231992 -0.491723 0.251392 0.236819 -0.306603 0.130251 0.223212 0.072242 -0.198350 0.035038 -0.328993 0.037317 0.256931 1.085575 0.213287 0.643639 -0.346133 -0.122108 -0.108644 0.089488 -0.164748 0.217067 0.706573 -0.572207 0.079287 0.543629 0.002548 -0.196021 0.044252 0.002908 -0.243837 -0.024678 0.104615 0.269177 0.204717 -0.319217 -0.942513
fried -0.508962 -0.072675 -0.098420 -0.065778 0.317086 -0.270230 0.261294 0.144978 0.111912 0.180525 0.372013 -0.116305 -0.229200 -0.042444 -0.252058 0.267501 0.286814 -0.389667 0.998938 0.177610 0.167225 0.309497 -0.083220 -0.136158 -0.159357 -0.371052 -0.488630 0.341496 -0.105721 0.532655 -0.159273 -0.795912 -0.211640 0.205666 0.365863 0.058400 0.100205 0.208875 -0.126807 -0.272305 1.142670 0.219203 0.862491 0.440679 0.458484 0.136736 0.243968 -0.234843 0.728872 -0.040659 -0.185270 0.268162 0.406551 -0.537552 -0.455257 0.006739 0.059121 0.261741 -0.205939 -0.377601 0.571495 0.088276 0.296468 -1.131241
boiled -0.108982 0.014374 0.284703 0.310245 0.384058 0.203744 0.221233 0.459916 0.310376 0.281331 -0.248980 0.196612 -0.083109 -0.252667 -0.264762 0.316553 -0.387176 -0.265422 0.986997 0.420300 -0.061272 0.281013 -0.269288 0.093788 -0.512899 -0.115974 -0.471001 0.613645 -0.153902 0.672956 -0.554560 -0.556658 0.168416 0.067388 -0.312854 -0.418346 -0.402673 0.459689 -0.249985 -0.818708 1.411791 -0.354825 0.728764 -0.084243 0.269996 0.405199 0.094383 0.224734 0.560371 0.134958 0.210166 -0.094781 -0.116956 -0.343826 -0.487618 0.198438 0.492073 0.348039 -0.259759 -0.289645 0.378737 0.464636 0.178894 -0.803436
or -0.690981 0.121214 0.083802 0.178459 0.224426 0.902743 0.390585 0.156708 0.372439 0.708085 -0.176870 0.403423 -0.332267 -0.140820 -0.350479 -0.061376 -0.156850 -0.317099 0.429981 -0.124310 -0.208096 0.551655 0.077601 -0.014203 -0.651160 -0.040650 0.015466 0.439169 -0.421011 0.569622 -0.100923 -0.208249 -0.488195 0.381633 -0.082349 0.130291 -0.421288 0.653827 -0.025953 -0.048920 1.234893 -0.429079 0.556158 -0.150985 0.400701 0.652661 0.125371 -0.134554 0.785604 -0.085665 0.260624 0.015971 0.455761 -0.220660 -0.850320 0.027301 0.056682 -0.192163 -0.889055 -0.057177 0.485919 0.284569 -0.287699 -0.474797
scrambled -0.350509 0.088676 0.179662 0.161507 -0.065388 0.391221 0.004395 0.399739 0.047134 0.631484 0.127566 -0.001050 -0.185623 -0.075035 -0.168554 0.709734 -0.453116 -0.039589 0.693129 0.447363 -0.302959 0.503681 -0.189301 -0.517133 -0.443615 0.053687 -0.256831 0.164389 0.163894 0.213201 -0.446197 -0.086869 0.272591 0.631539 -0.043758 -0.139965 0.091134 0.371577 -0.405272 0.427902 0.791914 0.095303 0.860822 0.300840 0.200336 -0.316915 -0.419703 -0.081449 -0.134326 0.259324 -0.065641 0.476491 0.534425 -0.157479 -0.421227 -0.051443 0.097157 0.187869 -0.620207 0.030736 0.385890 -0.308839 -0.182215 -0.246813
paris 0.229357 0.186578 0.586947 0.370454 0.499536 0.107844 -0.442394 0.375034 0.035602 0.950762 0.280366 -0.137735 -0.215617 0.766463 0.020202 0.318960 -0.185884 0.118414 -0.223614 0.011643 0.888292 -0.154616 1.128118 0.399509 0.074497 -0.163406 -0.051430 0.500795 -0.721745 0.585475 0.707815 0.181792 -0.255501 0.259993 0.182786 -0.356745 0.316594 -0.268284 0.064008 -0.124322 -0.168879 -0.299892 -0.214481 0.094373 0.363658 0.075069 0.196322 -0.076077 -0.392452 0.417206 0.741945 -0.316014 0.401070 0.048843 -0.845891 0.301322 -0.224335 -0.332621 0.189546 0.029649 0.204020 0.290397 -0.244720 -0.013418
famous -0.109930 -0.410966 -0.427036 0.402125 0.235539 -0.089023 -0.177197 0.384323 -0.278106 0.481419 1.147962 -0.669331 0.369040 0.901704 0.142071 -0.461219 -0.130647 0.523556 -0.118884 -0.275929 0.652001 -0.171125 1.068607 -0.177248 -0.260652 -0.393439 0.090386 0.526838 -0.265461 -0.009837 0.768457 0.221212 0.227819 0.827704 0.888050 -0.179893 0.098426 -0.133310 -0.339897 -0.135558 -0.082898 -0.365501 -0.382740 0.355661 0.460814 0.506459 0.114644 -0.003402 -0.499985 -0.222428 0.510756 0.270107 0.519544 0.225807 -0.878151 0.427949 -0.649365 -0.144110 0.136179 -0.442297 0.238002 0.512389 0.178141 0.088993
culture -0.517843 0.273814 -0.271089 0.748233 0.597931 0.656223 0.365841 0.327873 0.698119 0.378681 0.209977 -0.234101 -0.060630 0.739656 -0.048659 -0.218006 0.223612 -0.218625 0.066832 0.004873 0.010956 0.273119 1.549459 -0.296231 -0.078797 0.391848 0.547548 0.250233 -0.526979 -0.105564 0.224742 0.066729 -0.362797 -0.003353 0.073736 -0.453039 -0.200270 0.228658 -0.425549 0.300328 0.211162 -0.111846 -0.438977 0.647007 0.144442 0.363399 0.214386 -0.123707 -0.471623 -0.625695 0.668425 -0.029263 0.135308 0.288363 -1.080235 0.074029 -0.334718 -0.268274 0.060760 -0.271872 -0.101671 0.639421 0.817189 0.449352
cuisine 0.080702 0.011853 0.182805 0.838680 0.559791 0.976406 0.361778 0.730302 0.540595 -0.052778 0.513775 -0.104540 -0.091566 0.369558 0.072630 0.007094 0.215804 0.059198 -0.281225 0.122573 -0.175809 0.256069 0.475451 -0.422912 0.308616 0.517079 0.377968 0.124886 -0.342205 -0.051555 0.251102 -0.198966 -0.530876 -0.038619 0.176494 -0.232948 -0.212176 -0.397651 -0.146451 0.954763 -0.323987 0.088550 0.010954 -0.011400 0.425421 -0.203448 0.330651 0.416653 -0.468241 -0.466818 0.259739 0.479458 0.156275 -0.231190 -0.556359 -0.095591 -0.079848 -0.497663 -0.157022 0.188845 -0.288097 0.033821 0.234085 -0.002569
lasers 0.667346 -0.312782 -0.230639 -0.118395 0.266996 0.343993 0.410330 -0.318575 -0.586942 -0.144493 0.180810 -0.698361 0.132652 -0.252019 -0.280496 -0.189309 0.564266 0.230480 0.632278 -0.342729 0.446959 0.658695 0.266229 -0.418560 -0.147771 0.154600 -0.191907 0.114665 -0.455310 0.762058 0.031057 -0.324216 -0.090426 -0.425063 -0.384910 -0.242735 -0.413513 0.350320 -0.219173 0.460565 0.182812 -0.581169 0.037703 0.232307 -0.010273 0.052025 -0.231273 -0.075294 -0.246500 0.828098 -0.064093 -0.399147 -0.483979 0.300387 0.227039 0.323924 -0.220101 0.174116 -0.339060 -0.390671 -0.583320 0.048214 -0.850154 -0.239861
focused -0.042870 -1.007985 -0.431087 -0.135473 0.215320 -0.436559 0.346174 -0.498977 -0.108627 -0.095496 0.420666 -0.231331 0.807865 -0.033097 -0.323295 -0.363359 0.225166 0.302380 0.127878 -0.686371 0.009522 0.577428 -0.092415 -0.552072 0.125739 0.620333 0.361509 0.083750 -0.133881 0.854712 0.545988 -0.020981 0.291932 0.132164 0.241685 0.262471 -0.411735 0.586407 0.396173 0.001738 0.212848 -0.168655 -0.223792 0.569918 0.360449 0.492924 -0.104889 -0.117471 -0.150935 0.577578 0.009288 -0.418917 -0.047983 0.545058 0.454082 0.599981 0.181507 0.071727 -0.132759 -0.404835 -1.180661 0.406899 -0.434132 -0.553198
beams 0.196316 -1.029888 -0.720713 -0.243378 0.127918 -0.518633 0.159695 -0.511289 0.045899 -0.134357 -0.077598 -0.349442 0.261351 0.132909 0.085016 0.279289 0.400326 0.195466 0.397287 -0.473290 0.313500 0.832229 -0.189289 -0.323854 -0.112703 0.390435 0.561448 -0.176767 -0.102047 0.336680 0.490341 -0.404924 -0.021205 -0.118242 -0.590600 -0.105625 -0.524749 0.232240 0.317699 -0.069914 0.473534 -0.368540 -0.102898 0.572862 0.584906 0.017894 0.090273 -0.282017 0.251998 -0.144268 0.029852 -0.015519 -0.087402 0.017495 0.241316 1.201000 -0.227718 0.229086 0.002437 -0.543610 -0.966574 0.199140 -0.104720 -0.450049
intense -0.216968 -0.624789 -0.327109 0.460210 0.276433 0.440836 -0.225322 -0.109267 -0.368384 0.126121 0.127191 -0.254666 0.173707 -0.342271 0.123888 0.046151 -0.035636 0.029319 0.121824 -0.668934 0.357139 1.136125 0.121564 0.134317 0.012983 1.040273 0.523248 -0.115162 -0.216421 0.042042 0.433141 0.061759 -0.112587 0.197496 -0.851863 -0.332038 -0.755824 0.652193 0.025946 0.298368 0.333640 -0.015087 -0.139018 0.539122 0.375304 0.148967 0.128309 0.301345 0.640325 -0.380985 -0.175656 0.248228 -0.123430 0.237887 0.444332 0.811239 0.320172 0.571722 -0.444213 0.250122 -0.652178 0.128624 -0.280198 0.255441
chocolate 0.383890 -0.134086 0.518658 -0.136617 -0.162444 -0.254641 0.042603 -0.301565 0.025867 0.671837 0.183463 0.051222 0.063968 -0.313400 -0.213159 -0.259938 0.313258 0.639052 -0.600646 -0.199872 1.099613 0.380652 0.167050 0.641667 0.487227 -0.363825 -0.503090 -0.159798 -0.318526 0.187170 0.377252 -0.322195 -0.043316 -0.003746 0.286355 -0.095838 -0.720694 0.080055 -0.194933 0.270717 0.157125 0.218184 -0.611182 -0.419596 -0.126113 0.067324 0.455405 -0.275714 0.326101 0.482646 0.049516 0.096710 0.177088 -0.031511 -0.254135 -0.401827 0.246975 0.082359 0.028745 -0.395266 -0.313855 -0.654909 0.431756 0.423316
cacao 0.530751 -0.003678 0.497757 -0.020696 0.047126 -0.566350 -0.234842 -0.857372 0.195971 0.792438 0.437449 -0.226540 0.095879 -0.149509 -0.311527 -0.396949 0.233554 0.814846 0.134337 -0.684552 0.702815 -0.322062 -0.492603 0.582413 0.386203 -0.078947 -0.454633 -0.020453 -0.509132 0.480189 0.173524 0.034646 0.030157 0.020234 -0.010410 0.419202 -0.192549 0.174475 -0.777282 0.057784 0.022424 0.309193 -0.840851 0.177690 0.497170 -0.033138 0.465104 -0.649280 -0.168482 0.411705 0.286234 0.355449 0.290586 -0.046707 0.048576 -1.131513 -0.169139 -0.180157 -0.569288 -1.385829 -0.126490 -0.767118 1.057984 0.518059
beans 0.390930 -0.059414 0.111650 0.775047 0.118410 -0.295150 -0.309004 -0.291828 -0.063342 0.589025 -0.225842 0.192955 0.002229 -0.155669 -0.381810 -0.105328 -0.249435 0.202888 -0.227662 -0.590953 0.241582 -0.709873 -0.612898 -0.120017 0.023183 0.269776 0.068788 -0.006607 -0.530089 0.321132 -0.270871 0.141955 0.213512 -0.098195 -0.286191 -0.049799 0.035156 0.182151 -0.513086 -0.270777 -0.145315 0.183562 -1.101584 0.264656 0.633332 0.180491 0.215818 -0.392685 0.386620 -0.325017 0.929752 0.292439 -0.361594 -0.515587 -0.617835 -1.091529 0.374624 0.094132 -0.780387 -0.522319 -0.526775 -0.207954 0.639393 0.289740
grown -0.635391 -0.196717 0.138340 0.913909 -0.308767 -0.222207 -0.891502 -0.255032 -0.235362 0.848612 0.195348 0.053286 -0.165634 -0.268772 -0.118130 -0.344754 0.082201 0.693694 -0.048393 -1.069422 0.530204 -0.816539 -0.642226 0.305805 -0.132272 0.235022 0.113825 -0.146063 -0.396271 -0.175243 0.310582 -0.160663 0.070500 0.140639 -0.117561 0.828562 -0.135728 0.391923 -0.886173 0.319620 -0.010170 0.791129 -0.680270 0.026055 0.734757 -0.157381 0.020891 -0.983833 -0.111472 -0.079941 1.125400 0.792831 -0.031113 0.122507 -0.101819 -0.720888 -0.386239 -0.142450 -0.672839 -0.833064 0.029789 -0.727152 0.724447 0.799300
climates -0.470473 0.631652 0.522954 1.049455 0.250051 0.154260 -0.681130 -0.183651 -0.202479 0.801223 0.072041 0.554744 -0.309989 0.226988 0.532892 0.265953 -0.791695 0.737437 0.427955 -0.198625 -0.277771 -0.350078 0.076160 0.051061 -0.259862 0.221058 -0.290838 -0.112042 0.067980 -0.163992 -0.124147 -0.089414 -0.064459 0.224755 -0.440374 0.918630 -0.272455 0.340382 -0.247011 0.558960 0.427165 0.731528 -0.633635 -0.479681 0.191519 -0.241016 0.269474 0.291233 -0.242175 -0.086112 0.701130 0.333002 0.086570 -0.108093 -0.428368 -0.430616 0.295586 0.100599 -0.492435 -0.440570 -0.249168 -0.419823 0.421046 0.426118
ambition 0.255133 0.395321 -0.155182 -0.003157 0.557512 -0.521037 -0.361944 0.237309 0.015726 0.101442 0.055866 -0.258662 0.381727 -0.292155 -0.253427 0.237482 -0.397182 0.801249 -0.006341 0.567044 0.476582 0.851959 0.168946 0.088201 0.448706 -0.644530 -0.410542 0.646850 0.146219 0.324123 0.286229 -0.244307 -0.630877 0.728805 0.292574 -0.509057 0.356752 -0.423733 -0.141220 0.261319 0.770757 0.619768 -0.377013 0.207064 -0.354148 0.047878 0.434587 0.255442 -0.646743 0.180586 0.315232 -0.078784 0.191899 -0.369310 -0.064334 -0.584000 0.513102 0.242905 -0.073554 0.625307 -0.042111 -0.336983 0.053427 0.145916
motivates 0.293913 0.269754 -0.012237 0.534019 0.541844 -0.323591 0.126289 0.183656 0.568593 -0.135436 -0.005323 -1.061081 0.789838 -0.116046 0.160321 0.210195 -0.308982 0.985375 -0.037135 0.067617 0.001154 0.518998 -0.247668 0.221639 0.424168 -0.094689 -0.132250 0.995965 0.265520 0.615360 0.255692 0.505377 -0.909064 0.720198 0.718996 -0.342219 0.105991 -0.657025 0.181030 -0.142190 0.834310 0.459145 -0.386598 0.373792 -0.065316 0.431184 0.424576 0.522982 -0.423719 0.238991 0.267591 -0.366694 0.127877 -0.143302 -0.458931 -0.588533 0.962810 0.150119 0.088810 0.394887 -0.344794 -0.378480 0.096790 0.186727
hard -0.233196 0.339730 0.107281 -0.293749 -0.057032 0.054462 -0.080912 0.387189 0.537894 -0.236663 0.623044 -0.468869 -0.402025 -0.172221 -0.268936 0.593037 0.015753 0.324129 -0.397747 0.063848 -0.084242 0.234434 -0.225381 -0.190567 0.169473 -0.097796 0.271628 0.016456 -0.161568 0.075265 0.099146 -0.104695 -0.510041 0.272104 0.066964 0.024319 0.085026 0.402667 -0.455712 0.524006 0.264428 -0.128766 -0.589219 0.929795 0.054573 0.072850 0.354425 0.118493 -0.805193 0.167624 -0.011767 0.610465 -0.568064 -0.842708 0.188826 -0.079992 0.340630 0.276000 0.380270 -0.210010 -0.042568 -0.241944 -0.013220 0.092561
succeed -1.018836 0.773565 -0.683909 0.207109 0.093770 0.641318 0.196380 1.170479 0.020719 0.292062 0.302741 -0.158622 -0.423410 0.109015 0.477908 0.636578 -0.313069 0.210202 -0.357456 -0.030506 0.352973 0.815292 0.623574 -0.212064 0.044791 0.039543 -0.031947 -0.242523 0.288198 0.378744 0.372657 0.883047 -0.749617 0.015258 -0.131788 0.545842 0.049156 -0.131969 -0.080572 0.370783 0.204438 0.626497 -0.523246 0.384685 -0.288709 -0.029137 0.787124 0.693860 -0.385410 -0.270409 -0.225031 -0.194505 0.343544 -0.098198 0.418378 -0.419112 0.862114 -0.111435 -0.016587 -0.164953 -0.232286 -0.456297 -0.302386 0.708649
football 0.094152 0.767920 -0.373121 -0.355973 -0.314773 -0.244116 0.748499 0.061615 -0.123353 0.158916 0.881331 -0.925198 -0.310725 0.357079 -0.331001 0.032184 0.026119 -0.083834 0.100020 0.119700 0.044347 -0.092449 -0.028846 0.425754 0.126781 -0.605777 -0.454823 0.124111 -0.106879 0.899911 0.392896 0.707518 -0.149787 0.232130 -0.457557 0.190709 -0.211580 -0.049609 -0.480449 0.447772 -0.046154 0.124218 0.123949 -0.334941 -0.212792 -0.500853 0.115769 0.565790 0.345066 0.182434 0.563085 -0.478546 0.015258 0.132583 0.367380 0.580547 0.263726 0.196366 0.001420 0.340870 -0.068184 -0.154225 -0.750595 -0.007212
two 0.308795 0.181242 -1.431356 -0.041754 0.007867 -0.889667 0.757491 0.025344 -0.190313 0.268534 0.811521 -0.410939 -0.015982 0.566222 -0.628836 0.053015 0.778419 -0.130934 0.086261 -0.233763 -0.203740 -0.270383 -0.414778 0.077472 -0.235715 -0.501941 0.075613 -0.219639 -0.107520 0.634723 0.353625 0.933404 0.134742 0.760207 -0.110576 0.155781 -0.311518 -0.079526 -0.358647 -0.590933 -0.279384 -0.368402 0.844413 0.764560 -0.026492 -0.038556 0.393796 0.143826 0.911919 -0.536196 0.799556 -0.356681 -0.705149 -0.183248 0.423541 1.212445 0.141588 -0.009113 -0.119469 -0.303947 -0.290250 0.101668 -0.244762 0.199873
teams 0.118696 -0.011496 -1.607648 0.517332 -0.186657 -0.409707 0.451354 -0.037053 -0.465478 0.872257 0.372086 -0.207664 -0.286867 0.384442 -0.338235 -0.394241 0.844370 -0.098408 0.269110 -0.169599 -0.290699 0.097520 -0.213331 -0.080526 0.114954 -0.266061 0.133097 -0.228637 0.043459 -0.117962 0.665629 0.315713 0.133575 0.634462 -0.126942 -0.192642 -0.543239 0.003363 -0.615826 0.336040 -0.357402 -0.517461 0.712564 0.639506 0.005561 -0.166176 -0.066904 -0.451769 1.571749 -0.790668 0.206633 0.195007 -1.009333 0.066085 -0.035230 1.349334 -0.319434 0.065675 -0.021731 -0.122420 -0.292871 -0.040087 -0.417435 0.783613
eleven 0.530245 0.604829 -1.003078 0.226358 -0.197511 0.149366 0.281522 0.427398 -0.603581 0.547953 0.307741 -0.344510 -0.323618 0.102713 -0.210097 0.046261 1.035922 0.291337 0.280579 -0.717552 -0.416248 0.258495 0.002502 0.045359 0.140828 -0.105257 0.054279 -0.265780 0.071048 0.110016 0.245609 0.347395 -0.191240 0.707354 -0.540109 -0.322864 -0.313687 -0.110995 -0.067781 0.199736 -0.127512 -0.224114 1.175264 0.791804 -0.350166 -0.190979 0.250078 0.069256 0.992816 -0.439940 0.314674 0.042955 -1.319165 0.017555 0.044835 0.485519 0.102766 0.435400 -0.466932 0.427911 -0.192085 -0.377833 -0.478478 0.592724
players -0.193102 0.263980 -0.155994 0.550776 0.242628 0.428459 0.228843 0.235069 -0.779476 0.421876 0.104700 0.134683 -0.297962 -0.117904 -0.004947 -0.176447 0.425948 0.754395 0.046031 -0.169801 -0.456772 0.364342 0.150293 -0.169435 -0.010064 -0.214949 -0.235185 0.059385 0.190458 -0.190696 0.386477 0.234475 -0.313413 0.310461 0.301080 -0.080686 -0.270664 0.119219 0.000745 0.307195 -0.311125 -0.248141 0.486087 0.255907 0.083213 -0.427124 -0.020801 -0.158206 0.734077 -0.563718 -0.017974 -0.224121 -0.718017 0.027456 0.231844 0.507309 0.056738 0.240483 -0.731308 0.103064 -0.564942 -0.361677 -0.668078 0.373204
dog 0.198438 0.431741 0.338618 0.148614 0.256179 0.241318 0.290640 -0.402077 0.582657 -0.195500 0.197681 -0.216783 0.042412 0.111830 -0.085698 -0.509955 -0.570092 -0.553861 0.051530 -0.203165 -0.072977 -0.038660 0.287487 -0.123010 0.079259 -0.586889 -0.289833 -0.738297 0.516988 -0.698761 -0.359266 -0.075007 0.140826 0.519682 0.179722 0.066332 0.338378 -0.137358 0.504857 -0.226629 0.118810 -0.135386 0.215076 0.512406 -0.235675 0.483535 0.443220 0.210575 -0.732923 0.665357 -0.431130 -0.323447 0.238046 0.181501 0.564934 0.027171 0.009778 -0.088670 -0.246021 -0.189115 -1.640018 -0.261965 0.154736 0.071923
ran 0.139697 -0.282923 0.154034 0.408139 0.027764 0.070879 0.179091 0.170268 0.451791 -0.096850 0.207112 -0.517572 0.165345 0.069657 -0.358372 -0.485597 -0.119017 -0.787573 -0.239014 -0.278322 0.735514 -0.081134 -0.009140 -0.347039 0.314060 -1.055209 -0.676024 -0.728579 0.250953 -0.958438 -0.409263 -0.067361 0.106963 0.471455 0.325005 0.667379 0.176465 -0.266412 0.298401 0.052660 -0.103610 0.099827 0.638665 0.721595 0.079267 0.016649 0.572100 -0.012226 -0.438469 0.780210 -0.286629 -0.585933 0.050248 0.609679 0.735167 -0.055925 -0.443279 0.149281 0.060711 -0.158734 -1.683828 -0.618679 0.461174 0.061533
field -0.707817 0.335890 -0.092825 0.170112 0.868097 0.209854 0.001885 -0.538949 -0.207833 -0.091768 -0.362233 0.463523 0.118287 0.469675 0.119931 -0.402510 0.070839 -1.867596 -0.096187 -0.616914 0.127740 0.091197 0.531564 0.115009 0.013197 -0.660435 0.171827 -0.705825 0.734423 -0.993595 0.446750 -0.177089 0.011135 -0.118977 0.048761 -0.100797 -0.186610 0.234392 -0.173306 -0.038698 0.419288 0.200770 0.533081 1.296815 -0.073125 0.589827 0.459035 0.130662 -0.319628 -0.301376 -0.160304 0.080440 0.144570 -0.202822 0.770591 -0.043924 -0.287892 0.150362 -1.147938 -0.941296 -1.262355 -0.948452 0.587206 0.350140
chasing -0.661399 -0.010414 -0.165892 0.092955 0.447514 0.438366 -0.058496 -0.575766 0.019528 -0.033702 -0.539882 0.196424 -0.284926 0.587216 0.126296 0.049499 0.084908 -1.595215 -0.454215 -0.313012 0.266432 -0.476472 0.508344 0.116405 -0.088903 -0.402529 -0.195717 -0.627745 0.021966 -0.634911 0.194894 0.380713 -0.500489 0.164806 -0.156750 -0.191475 -0.713496 -0.035754 -0.298154 0.166498 0.206641 0.225999 0.329539 1.179218 -0.169879 0.145847 0.128075 -0.164371 -0.162637 -0.526628 -0.127827 -0.215785 -0.169671 -0.030065 0.559128 -0.435632 -0.174729 0.232737 -1.027108 -0.568400 -1.236632 -0.528256 0.490264 0.422286
batteries 0.326793 -0.311935 0.566217 -0.426896 0.611096 0.175921 0.216736 0.045593 -0.437682 -0.114798 0.628156 -0.229545 0.686499 -0.378332 0.473724 -0.284167 -0.598863 0.375104 -0.353794 -0.099107 0.495884 0.137069 1.068164 0.137593 -0.455689 -0.627817 0.313580 -0.081818 -0.672887 0.421601 -0.095939 0.195308 -0.305282 -0.435787 0.397900 0.013686 0.319343 -0.135858 -0.097641 0.483654 -0.738478 -0.076133 0.429826 -0.195345 -0.002369 -0.050197 -0.234400 -0.691579 0.194724 0.002824 -0.141211 -0.690608 -0.112575 0.391174 -0.258838 -0.209550 -0.234217 -0.116409 -0.492710 0.260898 0.037678 -0.243793 0.005414 -0.229696
store 0.390974 0.022099 0.125975 -0.098969 0.584840 -0.109848 0.277185 -0.330932 -0.200822 0.009201 0.966619 -0.249126 0.267953 -0.583442 0.435267 -0.274053 -0.325746 0.476288 0.096488 -0.205744 -0.228697 0.012482 0.691957 -0.083088 -0.637577 -0.816140 0.223840 0.071275 -0.166464 0.663310 0.060206 0.518272 -0.223123 0.062325 0.291038 0.094228 0.439046 0.116609 -0.279011 -0.055555 -0.461566 -0.269542 0.556724 -0.066314 0.360860 0.107266 -0.234627 0.279710 0.299488 -0.191487 -0.143920 -0.821759 -0.244164 0.043696 -0.264014 -0.161491 0.228868 -0.310611 -0.344420 0.063727 -0.182937 0.206662 0.516296 -0.073004
electrical 0.049935 -0.602325 -0.219354 -0.101265 0.265078 -0.573473 0.526624 0.064830 0.017377 -0.248482 0.818199 0.207252 0.590990 -0.602843 0.259064 -0.129868 -0.115706 0.075540 -0.091075 -0.397208 0.120215 -0.199851 0.299500 -0.288741 -0.439862 -0.324997 0.496961 -0.272819 0.155331 0.736665 -0.235543 0.545575 0.086609 0.132738 0.790853 0.326911 0.112125 0.024237 -0.571859 -0.430342 -0.598957 0.104974 1.050936 0.449678 0.364641 0.385599 -0.252119 -0.579287 -0.319146 -0.680457 0.331715 -0.350671 0.282384 -0.160880 0.086723 -0.125029 -0.229684 -0.160433 -0.532121 -0.004322 -0.093577 0.062722 0.241949 -0.521935
energy -0.061628 -0.318917 -0.408707 -0.309241 0.127162 -0.314225 0.315718 0.002676 0.067420 -0.231736 0.837860 -0.045153 0.245822 -0.343448 0.032009 -0.433939 -0.094256 -0.095533 -0.131844 -0.244004 -0.068774 0.066804 1.032515 -0.440689 -0.449956 -0.757361 0.563937 0.122337 -0.171137 0.340743 -0.385834 0.038658 -0.394114 -0.285156 0.485354 -0.187837 0.180231 0.446203 -0.425387 0.009756 -0.555472 -0.491192 0.331729 -0.303586 0.261899 -0.107726 -0.163110 -0.574357 0.066811 -0.984616 0.091266 -0.249638 -0.363039 -0.009962 -0.493893 -0.192121 -0.197191 0.000130 -0.228180 -0.163020 -0.091113 0.170305 0.744227 -0.205872
portable -0.061656 0.250057 -0.201837 0.090248 0.305839 0.470150 0.314479 0.109614 0.018182 0.049656 0.534311 0.448586 -0.010196 -0.845649 -0.004874 -0.134003 -0.132261 -0.261327 -0.141130 -0.759434 -0.193127 -0.542772 0.669486 -0.214837 -0.468048 -0.128351 0.731319 -0.314089 0.214469 0.707596 -0.027657 0.211865 -0.233511 -0.443700 -0.404628 -0.455135 0.230169 0.560718 -0.839693 -0.103883 -0.457561 -0.050740 0.544285 -0.255543 -0.064186 -0.031189 -0.249224 0.383294 0.098100 -0.993341 0.301814 0.131247 -0.383401 0.035204 -0.010668 -0.243023 0.429740 -0.167033 -0.437602 0.946151 -0.365178 0.143872 0.153446 -0.137001
devices -0.412930 0.384389 -0.113751 -0.202599 -0.172138 0.304152 0.536444 0.123500 0.124203 0.263799 0.146448 0.262318 -0.102894 -0.622265 0.563247 -0.127561 -0.050398 0.153002 -0.247584 -0.447345 -0.393097 -0.293362 0.828089 -0.282305 -0.137373 -0.257665 0.789937 -0.250768 -0.136083 -0.296233 0.000497 0.030036 -0.071354 -0.334289 -0.475613 0.054731 -0.056213 -0.041369 -0.849266 0.391874 -0.837665 -0.073149 0.853775 -0.212907 -0.279540 -0.208142 -0.140408 -0.519068 0.102493 -1.208491 -0.298883 0.330779 -0.119097 0.423448 -0.364870 0.008617 0.112659 -0.221354 -0.771330 0.307576 0.126834 0.246523 0.085905 0.217265
wolf -0.030923 0.173403 -0.517531 -0.104781 0.386215 0.056495 0.320501 0.070571 1.519205 -0.060787 0.232921 -0.233261 0.425571 -0.217385 0.072507 -0.053656 0.016602 -0.002541 -0.444471 -0.777049 -0.352562 -0.075881 0.383800 -0.547217 0.067573 -0.945539 -1.004582 0.275555 0.202068 0.585845 -0.012004 -0.136189 0.105676 0.228124 -0.233612 0.635414 0.293097 -0.303645 0.007088 -0.190555 -0.178045 0.238740 0.408812 -0.295301 -0.071072 0.866828 0.473039 -0.034958 -0.529466 0.556091 0.355133 -0.534431 0.029734 0.384225 0.163148 0.295672 -0.596455 0.161264 -0.316208 0.784956 -0.149079 -0.256629 -0.244816 -0.151001
howled -0.009147 -0.148211 -0.800681 0.151113 -0.017269 -0.353160 0.246027 0.297869 1.313074 -0.220306 0.177745 -0.617910 0.346886 0.068327 -0.315467 -0.502436 -0.562180 -0.504353 -0.122245 -1.125309 0.074013 -0.706664 0.177513 -0.381779 -0.130161 -0.979596 -0.856014 0.523719 0.185276 0.487740 -0.066577 -0.936308 -0.039436 -0.094973 0.060269 0.488945 -0.116602 -0.049238 -0.268156 -0.088127 0.307744 0.770190 0.350900 0.206909 0.444669 0.042801 0.447981 -0.366329 -0.604106 0.178607 0.488354 0.138637 -0.185343 0.090963 -0.159526 0.660689 -1.219708 0.345920 -0.081106 0.752367 -0.328445 -0.022537 -0.234333 -0.153592
bright 0.097917 0.101116 -1.006087 0.344380 0.263260 0.201914 0.215380 0.085177 0.842668 -0.064970 -0.029420 -0.027205 0.060039 -0.011534 0.115685 0.417326 -0.173432 -1.304772 -0.070398 -0.617245 -0.304211 -0.686120 0.225793 -0.302462 -0.143479 -0.018654 -1.046950 0.190059 0.217422 0.089809 0.309395 -0.747826 -0.041257 0.274724 -0.592793 0.149062 0.013519 0.434441 -0.124627 -0.218833 0.132168 0.588446 -0.052115 0.058210 0.438389 0.325572 -0.145965 -0.531920 0.167574 -0.458291 0.355968 -0.152839 -0.559448 -0.066170 -0.214198 0.397776 -0.746504 0.578749 0.096718 0.406413 -0.688663 0.056342 0.160112 0.253020
full 0.002681 0.148651 -0.541218 0.863486 0.350967 0.695831 0.187330 0.410207 0.449861 0.127927 -0.084387 0.467993 -0.045727 0.145190 -0.016612 -0.083044 -0.735923 -0.902396 -0.174163 -0.777333 -0.293997 -0.228759 -0.134672 -0.471280 -0.014630 -0.004892 -0.978013 -0.035076 0.302858 0.254157 0.217613 -0.352089 -0.023953 0.053106 -0.482091 0.013418 0.091518 0.023746 -0.405114 -0.209261 -0.043222 0.770471 -0.150321 0.034591 0.356877 0.305614 0.301436 -0.114409 -0.113257 0.063416 0.370505 -0.176556 -0.335756 -0.260166 -0.548364 0.245294 -0.667930 0.092738 0.186438 0.657279 -0.396537 -0.421587 -0.627867 0.534913
moon 0.077700 0.037224 -0.099956 0.450425 0.113198 0.200767 -0.070300 0.046631 0.252976 0.436050 -0.085591 0.036926 0.153223 -0.033983 -0.069978 -0.022210 0.078296 -0.219818 -0.642075 -0.670102 -0.043403 -0.118639 -0.385618 0.640784 0.310608 -0.125537 -0.927388 0.166475 0.243655 0.378447 0.558146 -0.796455 0.169153 0.207481 -0.444499 0.277994 0.111474 -0.030147 -0.053415 -0.144846 0.038112 0.370608 -0.196296 -0.289111 0.042913 0.968835 0.303366 -0.430595 0.086813 0.012794 0.085810 -0.593716 0.035553 0.664848 -0.352663 0.547199 -0.300202 -0.081730 -0.232839 0.311665 -0.441837 -0.181091 -0.208586 0.480921
gravity -0.097560 0.103920 0.409639 -0.674360 0.175951 -0.025321 -0.357167 -0.986233 -0.049788 -0.184806 -0.238966 -0.094947 0.615613 -0.167112 0.184303 0.079601 -0.103071 0.023999 -0.246826 -0.084312 0.193775 0.039848 0.268513 0.483435 0.110923 -0.437875 -0.115110 0.683694 0.295522 0.369223 0.632677 0.263027 -0.165153 -0.432976 0.004756 -0.094644 0.183443 0.074538 0.760133 0.373917 0.068239 0.037898 -0.295257 -0.059777 0.021889 -0.273240 0.010309 -0.176123 0.041715 1.178712 0.218104 -0.309037 0.476334 0.004217 -0.006126 -0.462683 -0.191163 0.635809 0.113297 0.659304 -0.460570 0.141562 0.401971 0.726914
pulls -0.172663 -0.346719 -0.085020 0.038835 0.461470 -0.192759 0.107790 -0.935092 -0.114018 -0.626233 -0.145491 0.230074 0.480895 -0.435861 -0.191594 -0.354408 0.118040 -0.108150 -0.588269 -0.137227 -0.453170 -0.201319 -0.453623 -0.321548 -0.435810 -0.064563 0.070803 0.197028 0.608206 0.456047 0.561114 0.716252 0.064113 0.200373 0.105994 0.269172 0.344641 0.091277 0.670356 -0.101258 -0.020491 0.079758 -0.196333 0.526174 0.810414 -0.103190 -0.117774 -0.596807 0.264862 0.657821 0.190562 -0.154151 0.717670 0.003053 -0.017926 -0.040491 -0.351398 0.634344 0.137012 0.441955 -0.063808 0.013326 0.493508 0.659578
objects -0.397717 -0.488283 -0.144723 0.255025 0.163184 -0.316354 -0.144434 -0.942962 -0.259328 -0.245377 -0.115244 0.099893 0.731618 -0.001903 -0.140829 -1.221631 0.078564 -0.233128 -0.513106 0.049358 -0.111220 -0.008769 0.148523 0.220024 -0.053347 -0.388613 0.335040 0.285193 0.259896 0.108154 0.301938 0.219045 0.224089 0.198656 0.168896 0.019925 0.116263 0.342190 0.715147 0.304684 -0.260681 0.169706 0.029393 0.178222 0.953412 -0.070718 0.412618 -0.922968 -0.263056 0.335458 0.335003 0.653543 0.574790 -0.229985 0.177470 0.501952 -0.395767 0.222117 0.191847 0.376330 -0.374903 -0.230485 0.676203 0.321400
swim -0.028904 -0.242531 -0.031292 -0.438082 -0.217913 0.011424 -0.390203 0.577072 -0.111611 0.076763 0.040296 0.442230 0.372669 -0.236062 -0.224428 -0.355077 -0.288669 0.814411 -0.714075 -0.425476 -0.022549 -0.342782 0.127555 0.044159 0.124430 0.963353 -0.750665 -0.326988 -0.152112 0.078769 -0.226293 0.493594 0.013325 -0.048935 0.612417 0.233345 0.545341 -0.029656 0.689169 -0.256154 0.320771 -0.421864 -0.311236 0.541508 0.536251 0.197632 0.300501 -0.273399 -0.812209 0.584156 -0.135743 -0.636514 -0.662605 0.066091 -0.062580 0.292421 -0.129133 -0.429745 0.012165 -0.569726 -0.124898 -0.338141 -0.651915 -0.417337
lakes -0.492071 0.231865 -0.742369 -0.008257 -0.170465 0.442603 -0.348138 0.082132 -0.331726 -0.021355 -0.273103 0.438658 0.295044 -0.383390 -0.317496 0.012623 -0.010908 0.188894 -0.464203 -0.011921 -0.175523 -0.628356 0.135768 0.544041 0.312683 0.783907 -0.733019 -0.169898 -0.253581 -0.003946 -0.721503 0.373348 -0.412943 -0.402508 0.335661 -0.052363 0.093836 0.186629 0.455988 -0.612423 -0.347881 -0.640074 -0.302268 0.697468 1.141304 0.253522 0.382436 -0.581127 -0.366138 -0.164430 0.408677 -0.251038 -0.956820 -0.444126 0.052267 0.471098 0.016403 -0.363412 0.087571 -0.568448 -0.315462 -0.461673 0.338613 -0.283244
tennis 0.164707 0.851831 -0.102910 -0.249385 -0.304777 -0.223069 -0.233243 0.011643 -0.031953 -0.055017 -0.203435 -0.946202 -0.162255 -0.330967 -0.236820 0.193089 -0.168200 -0.299342 -0.366831 0.694599 -0.255203 -0.744954 0.696156 0.434398 0.644070 -0.006989 -0.664640 0.487368 -0.037844 -0.012309 -0.316865 0.193931 0.236590 1.008674 -0.682603 -0.500896 0.074004 -0.018294 -0.381392 0.189806 -0.232649 -0.121885 0.041880 0.426625 -0.702340 -0.067723 -0.003323 0.169897 0.089813 0.531891 0.404232 0.039955 0.258176 0.449591 0.122209 0.194551 0.235409 0.397394 -0.094934 -0.511702 0.182404 -0.389179 -0.104899 0.000898
racket -0.668288 0.464924 -1.196031 0.061693 -0.164051 0.607847 0.776770 -0.233465 0.118221 -0.204814 -0.444514 -0.364558 -0.155312 0.952139 0.871324 -0.279746 -0.280865 -0.621565 -0.718326 0.585691 -0.306012 -0.727697 0.554800 0.771135 0.244619 0.125590 -0.009067 0.223796 -0.039164 -0.356321 -0.081618 0.306250 0.186813 0.330100 0.128308 -0.019901 0.523918 -0.420109 -0.355450 0.125252 0.610835 0.190667 -0.322345 1.021811 -0.418021 0.437877 0.008776 -0.723652 1.026072 -0.680577 0.093579 0.090533 -0.060958 -0.380376 -1.036718 -0.336506 0.287057 0.449618 -0.564983 -0.656349 0.222195 -0.535566 0.236009 0.243004
reflects 0.016853 -0.689119 -0.502854 0.502597 -0.192827 -0.611960 -0.386744 -0.485049 0.265499 -0.304480 -0.024270 -0.118032 -0.005712 0.140121 -0.446841 -0.233624 -0.414407 -0.170342 -0.671942 -1.169167 0.035638 0.572368 -0.685980 0.021893 0.040983 0.095469 -0.275517 0.040320 0.254155 0.469300 0.883514 -0.815219 0.412228 0.813912 0.185414 1.051295 -0.142161 0.346439 0.252808 -0.412549 -0.249027 0.206035 0.111560 0.134247 0.354637 0.307901 0.408345 -0.297440 -0.371211 0.043264 0.212150 -0.321063 0.054285 0.193758 -0.512264 0.188446 -0.088986 0.102573 -0.524575 0.062534 -0.604102 -0.170084 0.336896 -0.347860
bread 0.589239 0.156212 0.921754 -0.105272 -0.198329 0.149451 -0.116893 -0.063666 -0.094391 0.236666 0.069670 -0.070197 0.497063 0.599863 -0.748493 0.391000 0.326352 0.333407 -0.369035 -0.190820 0.498890 -0.362506 0.359880 -0.096468 0.174541 -0.514024 -0.423511 0.075481 -0.325199 0.271870 0.473663 0.578633 0.147729 -0.058860 -0.038922 0.109548 -0.120347 -0.097973 -0.729079 0.348542 -0.633779 0.290543 -0.372474 -0.868981 0.071758 0.114115 0.027095 0.581754 0.341158 0.620451 0.286488 -0.070899 -0.277052 0.611128 -0.551646 -0.154448 -0.091809 0.144716 0.432134 0.233003 -0.159029 -0.233191 -0.055748 -0.151881
flour -0.080596 -0.748001 -0.263742 0.552162 -1.014352 0.331612 0.109538 -0.379550 0.672863 -0.229263 -0.279070 -0.185262 0.343661 0.863819 -1.095733 -0.049728 0.810747 0.015587 -0.199950 -0.109130 0.182657 -1.012138 0.093276 -0.070668 0.307718 -0.158094 0.118719 -0.274536 -0.176738 0.479550 0.422944 0.175101 0.347865 -0.440227 -0.511564 0.267260 0.102670 0.132467 -0.223753 -0.485610 -0.329755 -0.058062 0.052413 -0.143793 0.417462 0.489577 0.060089 0.026074 0.621680 -0.207343 0.499161 1.004509 -0.598438 0.439580 -0.301499 -0.114123 -0.194639 0.448393 0.386342 -0.352792 0.204873 -0.091388 0.465222 -0.155384
yeast -0.019497 -0.868924 0.142343 0.452795 -0.262955 0.981044 0.424870 -0.567848 0.601725 0.095248 0.164603 -0.209188 -0.011602 0.457433 -0.496524 0.046665 0.053587 0.084916 -0.270454 0.327056 -0.743309 -0.690050 0.332725 -0.327532 0.152210 0.382615 -0.164940 -0.227979 0.159508 0.221620 0.224274 -0.296208 0.255489 -0.399212 -0.467757 0.420759 0.015987 0.012377 -0.195161 0.562244 -0.365000 0.373137 0.054084 -0.307222 0.100648 -0.083175 0.020920 -0.342108 0.344228 -0.034026 0.170558 0.487302 -0.625219 0.924406 -0.316151 -0.738944 -0.043699 0.301876 -0.629492 -0.078524 0.260713 -0.080241 0.287956 0.216529
heat -0.126899 -1.209384 -0.887321 0.042610 -0.017427 0.462770 0.851023 0.462021 0.512578 -0.681917 0.088650 -0.300962 0.309962 -0.499653 0.023082 -0.402911 0.568903 0.748842 -0.009324 -0.065729 0.606356 0.324921 -0.215409 -0.688637 -0.305249 -0.335324 0.123504 0.114871 0.348455 0.567665 -0.324961 0.630050 0.149672 0.242970 -0.186093 0.404683 0.297788 0.021630 -0.814907 -0.210021 0.324840 -0.368823 -0.284841 -0.527681 0.045453 -0.185002 0.615727 -0.633102 0.346404 -0.019887 0.159820 0.342291 0.168411 0.556991 0.070800 -0.207132 -0.701178 0.394393 -0.076168 -0.412476 -0.234230 -0.351783 -0.194150 -0.660477
vegetables 0.616235 0.032678 0.182679 0.352489 -0.356145 0.013863 0.332614 -0.480022 0.038791 0.358744 -0.562451 -0.507352 -0.363698 -0.158947 -0.084215 -0.228201 -0.008729 0.035023 -0.207407 0.225932 0.296865 0.012277 0.401774 -0.178989 0.408824 -0.131862 -0.002632 0.276000 -0.094609 -0.051554 -0.023020 -0.469304 0.240340 -0.517096 -0.151850 0.457273 0.405985 -0.312405 0.115166 0.189910 0.374398 0.309919 -0.507094 -0.020560 0.056776 -0.144677 0.189059 -0.231359 0.029588 -0.155508 -0.388030 0.121597 0.713206 -0.432038 0.122748 -0.273738 0.087641 0.240145 -1.029174 0.565859 0.144593 -0.697163 -0.219507 -0.359691
carrots 1.075980 -0.099177 0.180665 -0.034472 -0.158086 -0.616139 0.593479 -0.269519 -0.165091 -0.046301 -0.197042 -0.184291 0.459883 -0.106014 -0.422840 -0.059498 -0.150802 -0.158125 0.093457 -0.311017 0.748523 -0.631110 -0.257386 -1.011559 0.601969 -0.555189 0.487510 0.415784 -0.101976 -0.049996 -0.066339 0.144273 0.653117 0.063835 0.358468 -0.060340 1.077647 -0.259788 0.252580 0.058865 0.245934 -0.031195 -1.444260 0.109509 0.333513 -0.247790 0.054432 0.011669 -0.388703 0.174216 -0.055278 0.317204 0.079061 0.030128 -1.155362 -0.502099 0.246522 0.197390 -1.091766 -0.019380 -0.198533 -0.372513 0.362385 -0.172837
peas 0.299775 -0.568236 -0.165394 0.203076 -0.025559 -0.835340 0.739498 -0.720528 0.008404 0.139554 -0.001051 0.328606 0.364193 -0.071024 -0.371097 -0.152198 0.116925 0.131434 0.004425 -0.318807 0.131168 -0.042115 -0.468985 -0.979898 0.187940 0.018574 0.552749 0.293607 0.274065 0.082012 -0.008707 0.043155 0.732962 -0.555692 -0.155382 0.286689 1.321254 -0.060747 0.012663 -0.187623 0.082065 -0.194341 -1.043628 0.065392 0.461064 0.162270 -0.311534 0.002877 0.109814 0.266927 0.007836 -0.076401 0.208362 -0.349751 -1.188654 -0.395667 0.001380 0.113209 -0.801122 -0.536044 -0.446186 -0.368352 0.649319 -0.026965
healthy 0.280171 0.017854 0.421689 0.113093 -0.073160 0.204857 0.302011 -0.219114 -0.608532 0.502242 -0.076734 0.760355 0.148647 -0.140459 -0.142402 -0.023981 -0.078998 0.457843 -0.317228 -0.127621 -0.094971 0.062949 0.492333 -0.538964 -0.044794 0.415534 0.102497 0.636231 -0.405045 -0.594433 0.385443 -0.127802 0.294035 0.119519 -0.610094 0.071367 0.165471 0.032252 -0.505177 0.758301 -0.515035 0.312550 -0.625795 0.229834 -0.261280 -0.200432 -0.443584 -0.452484 0.469709 -0.034183 0.224700 -0.037869 -0.085411 -0.533026 -0.937467 -0.178224 -0.280715 -0.046980 -1.095816 -0.151478 -0.038797 -0.386319 0.131473 0.496819
firefighters 0.411848 0.005901 0.138929 0.135038 -0.353167 0.318730 -0.302281 -0.086008 -0.316778 0.648219 0.011622 -0.375332 -0.318654 -0.122207 0.099235 -0.072115 0.161322 0.204176 -0.118282 -0.185968 0.227562 -0.145768 -0.214774 0.745241 -0.476023 -0.795877 0.121754 0.124816 -0.782637 0.065619 0.204929 0.335580 0.203060 -0.304720 0.484610 -0.232972 0.015532 -0.441541 0.002255 0.082258 -0.120313 0.014195 0.321643 -0.255159 -0.435097 0.035302 0.487475 0.193131 0.516291 1.360165 -0.852134 -0.433907 -0.639289 0.257528 0.043584 -0.229542 0.379598 0.511140 0.171157 0.330325 0.151990 -0.129964 0.079546 0.155003
rescue 0.154472 -0.148751 -0.141155 0.138005 0.028136 -0.001428 0.152202 -0.292895 -0.169269 0.166272 0.105197 -0.250368 -0.340933 0.108283 0.067183 -0.194577 0.642131 0.628238 -0.071686 -0.063330 -0.615855 0.097915 -0.583175 0.414197 -0.422825 -0.478361 0.505766 -0.210413 -0.083019 -0.118041 -0.058842 0.960918 0.817258 0.169620 0.886846 0.421881 -0.141227 -0.102255 -0.311509 -0.584868 -0.041992 0.205557 0.498546 0.639432 -0.227408 0.597461 0.237628 -0.176596 0.099542 0.968513 -0.455775 -0.117625 -0.252238 0.006939 -0.153987 -0.505123 0.504654 0.312768 0.211800 -0.080733 0.062964 0.212647 0.326492 -0.195224
burning -0.267580 -0.156899 -0.489037 0.705385 -0.010651 0.640397 -0.320714 0.208339 0.459005 0.683003 0.104526 0.475670 -0.666946 0.038171 -0.074269 -0.039768 0.816726 -0.211781 -0.112655 -0.154122 0.200207 0.395312 -0.419798 0.829395 -0.011306 -0.535936 0.371095 -0.103389 -0.518254 0.193474 -0.288333 0.909043 0.639568 -0.355593 0.216627 -0.050194 0.131812 -0.031187 -0.046570 -0.520063 -0.599994 0.253288 0.804312 0.051005 0.052312 0.626561 0.116759 0.082713 0.087403 0.570472 0.122174 0.147016 -0.530465 -0.116285 0.220255 -0.104229 1.145534 0.391197 0.047775 0.464725 0.179283 0.101336 0.589261 0.062489
buildings -0.593490 -0.055407 -0.231378 0.384611 0.192416 0.802838 0.122360 0.226992 0.196309 0.711709 -0.063612 0.105137 -1.146993 -0.116844 -0.417024 -0.088171 0.151118 0.385007 0.065428 -0.141640 0.018000 0.444857 0.326040 -0.356750 -0.369664 -0.235165 0.347299 -0.299326 -0.497699 -0.003079 0.281131 0.368726 0.019156 -0.063493 0.148667 -0.233522 0.255344 -0.023869 -0.003827 0.466670 0.163738 0.448636 0.174435 0.076848 -0.252303 0.563255 -0.155070 -0.028677 0.061981 0.754769 -0.837412 0.221392 0.208211 0.114713 -0.237289 0.129321 0.403127 0.186921 -0.147546 0.173917 -0.042782 0.006029 0.175662 0.236589
engineers 0.007577 0.415267 -0.004363 0.186810 -0.177107 0.499710 0.295035 -0.013370 -0.051792 0.372981 -0.032658 -1.015021 -0.356773 -0.206590 -0.121601 -0.362335 -0.199289 0.108859 -0.545266 0.211267 0.682761 0.089052 0.638049 -0.034938 0.181845 -0.873021 0.046564 -0.052639 -0.204251 0.692423 0.444945 0.387535 -0.042199 0.010438 0.301673 -0.596637 0.312837 -0.017905 0.574219 0.266543 0.008376 -0.194903 -0.355237 0.057841 0.417485 0.473179 -0.295467 0.186347 -0.194858 1.348863 -0.838121 0.267388 -0.009950 0.098292 0.324712 0.182222 -0.324202 -0.153135 -0.319798 0.150190 -0.292268 0.173499 0.257532 -0.980262
bridges -0.204605 -0.152324 -0.586480 0.312723 -0.320952 0.024569 0.351383 -0.064763 0.369603 0.204833 -0.068519 -0.547367 0.003809 0.114156 0.005511 -0.774730 0.117943 -0.249544 -0.104115 0.339778 0.627671 0.247194 0.467429 -0.735863 0.329428 -0.308179 0.614447 -0.343379 0.241633 0.125424 0.060712 0.309062 0.121517 0.089417 0.457986 -0.161032 0.779664 0.294584 -0.269376 -0.125552 0.437510 -0.081643 -0.524546 0.085478 0.635231 0.578475 -0.445112 -0.125529 -0.154605 0.491878 -0.637008 0.947576 0.135354 -0.148577 0.224814 -0.046950 -0.571258 0.270813 -0.097213 -0.171451 -0.212016 0.083456 0.181097 -0.716201
roads -0.421719 0.382884 -0.517764 0.171132 0.155677 -0.213845 0.550261 -0.176244 0.118174 0.429164 -0.746482 -0.162795 -0.488202 0.171906 -0.428422 0.245576 0.016416 -0.532019 -0.024811 0.288372 0.140669 0.189579 0.042264 -0.248756 -0.009218 -0.412194 0.476229 -0.431118 0.138671 0.410248 0.345707 0.150670 0.177267 0.124281 0.060615 -0.691883 -0.054184 0.186485 0.304861 -0.243110 0.078072 -0.353973 -0.330968 0.326237 0.061659 0.636343 -0.501199 -0.160702 -0.086449 0.418283 -0.493118 0.343614 -0.289429 -0.437937 0.051434 0.200933 -0.023078 0.303114 -0.175419 -0.379153 -0.607528 0.412695 0.424223 -0.397004
curiosity 0.481707 0.049037 -0.442573 -1.037229 -0.187837 0.817899 -0.467444 0.436458 -0.205703 -0.641380 0.364195 -0.076851 0.367745 -0.043306 0.190244 -0.095748 -0.992622 1.085633 0.182023 -0.472298 0.248993 -0.103066 0.439060 0.121793 -0.524669 -0.527885 0.146303 0.034228 -0.063594 -0.018917 0.368144 -0.187639 0.121774 0.187186 0.079449 -0.070018 -0.227742 -0.134922 0.122238 0.173764 0.506591 0.395638 -0.280286 -0.466754 0.189836 -0.080647 0.405405 0.093247 0.248916 0.849652 -0.497572 -0.251214 -0.265658 -0.319967 0.525931 -0.064737 0.937598 -0.125716 -0.057175 0.113681 -0.204091 -0.438425 -0.274113 0.257688
drives 0.332826 0.240835 -0.832605 -0.873617 -0.370367 -0.003575 -0.532760 0.317179 0.129651 -0.973565 0.466550 -0.293985 0.210231 0.419870 -0.022738 -0.423548 0.056745 1.179834 0.302193 -0.905355 -0.321262 -0.310601 0.159595 -0.366105 -0.433108 -0.495035 0.056058 -0.076977 0.054282 0.629932 0.446096 0.102980 0.145979 0.297254 0.151303 0.074079 0.661745 -0.038357 0.430014 -0.072319 0.615113 0.427977 -0.056012 0.192715 0.233377 -0.075099 0.307193 0.046657 -0.070481 0.740971 -0.904020 -0.245836 -0.205712 -0.428323 0.895757 -0.432734 0.974284 0.041277 -0.357477 0.259321 -0.583232 -0.044665 -0.264931 0.239890
explore -0.287526 0.377782 -0.672024 -0.043615 -0.269309 0.792774 -0.008729 0.937760 0.013287 -0.667320 0.308663 0.342018 -0.123984 0.167345 0.539696 -0.245488 -0.534077 0.497699 0.440028 -0.464201 -0.116121 0.218954 0.229793 -0.624850 -0.587807 0.268272 0.614474 -0.303606 0.096185 -0.113961 0.395551 0.329237 -0.108241 0.318845 -0.603197 -0.088999 0.249062 -0.211699 -0.063236 1.189001 0.346808 0.495519 -0.443210 -0.096529 1.049185 0.027268 0.508809 -0.025722 0.247023 0.300644 -0.187083 0.113074 0.080689 -0.499369 0.732576 0.201618 0.889976 0.196227 -0.308034 0.331835 -0.119549 0.088968 -0.009614 0.934628
smartphones 0.402082 -0.246823 0.221346 0.258246 -0.057885 -0.125982 0.096594 0.274363 -0.893015 -0.144887 0.517526 -0.483897 -0.006365 -0.231389 0.226597 0.039961 -0.292800 0.041414 0.194783 -0.577293 -0.376708 0.191482 0.319305 0.219882 0.291939 -0.639348 -0.465894 0.059825 -0.670377 -0.298911 0.345814 -0.623674 -0.595477 0.169877 -0.024131 0.307882 0.113364 0.430568 0.675647 -0.024248 0.713288 0.079267 -0.702609 -0.405555 -0.043474 0.070474 0.333128 0.068387 -0.241646 0.765059 0.409390 -0.424930 0.040275 0.331586 0.550716 -0.536025 0.506134 -0.228920 0.835790 -0.324220 -0.079015 -0.522775 -0.623959 0.333002
communicate -0.455800 -0.520938 0.008868 1.130096 -0.115057 0.371584 0.217355 0.218720 -0.301342 0.112879 0.348418 0.579165 0.000928 -0.088841 -0.002946 0.723600 -0.142371 -0.410744 0.345521 0.350076 -0.429744 0.229007 -0.256555 -0.242228 0.429706 -0.367406 -0.005008 -0.105406 -0.892227 -0.186912 -0.048471 -0.347457 -0.388735 0.459405 -0.406142 0.868622 0.142117 0.290050 0.710996 -0.929655 0.933451 -0.160712 -0.227033 -0.030095 -0.021135 0.039884 0.419041 0.046688 -0.007052 -0.131297 0.619868 -0.173664 -0.305560 -0.558945 0.001646 -0.849517 0.853436 0.073310 0.507662 -0.009317 0.188477 -0.261022 -0.015752 0.461618
anywhere -0.610800 -0.344625 0.130178 1.003731 -0.288723 0.503168 0.217501 0.789931 -0.568458 0.158949 0.233787 0.640870 -0.797025 -0.156525 0.125186 0.310865 -0.359087 0.027748 0.319223 0.127274 -0.808410 0.150599 0.122246 -0.375049 -0.125774 -0.007797 -0.245602 0.214278 -0.699700 -0.291579 0.323699 -0.696294 -0.657633 0.298735 -0.610197 1.028739 -0.053117 0.352367 0.497411 0.127077 0.482541 -0.088843 -0.452179 -0.020350 -0.009515 -0.048021 0.425870 -0.081131 -0.155506 0.227235 0.199326 -0.175213 -0.079434 0.165445 0.160404 -0.647222 0.680900 -0.100858 0.069537 0.002501 0.539757 -0.259018 -0.401142 0.468876
gratitude 0.656221 -0.295810 -0.171679 -0.320587 -0.104405 0.157079 -0.065782 0.255600 -0.026019 -0.036860 0.197803 -0.276456 -0.248784 0.079195 -0.301562 -0.116489 -0.301762 -0.067627 -0.017547 -0.392250 0.600891 0.134524 1.103267 0.213725 0.365071 -0.435867 -0.701994 0.101871 -0.419536 0.429839 0.188640 0.281735 -0.418518 -0.871736 0.246064 0.590763 0.249163 -0.473114 -0.224004 0.648159 -0.132894 -0.290241 -0.358071 0.257136 -0.427131 0.509717 0.190304 -0.193506 0.483632 -0.021530 -0.223491 -0.200517 -0.293002 0.686518 -0.203366 -0.225000 0.069838 0.229658 0.630414 0.564678 0.323593 -0.700801 -0.009079 -0.319458
butter -0.266466 -0.500922 -0.039825 0.029716 0.143736 -0.345096 0.221456 0.688240 0.232594 -0.432527 0.660581 0.076890 0.572852 0.860208 -0.607832 0.065816 0.476775 0.573383 -0.436136 -0.429776 0.379885 -0.380322 -0.540100 -0.935284 -0.290652 0.254407 -0.061446 -0.308276 0.374986 -0.365289 0.444264 0.655514 0.611053 0.332829 0.328839 0.750500 0.206882 0.252567 -0.180866 -0.146053 -0.572620 0.288250 -1.008449 -0.227031 0.137450 0.107184 -0.393663 0.421337 0.053331 -0.634297 0.190872 0.457111 -0.060711 0.103908 -0.211704 -0.400597 0.187146 -0.207824 0.116356 0.272867 -0.236488 -0.714770 0.606903 -0.559755
satisfying -0.132888 0.177427 0.021417 0.170985 0.285773 0.575441 0.198101 0.862933 0.015398 0.226469 0.447044 -0.037435 -0.199025 0.677370 -0.100819 0.244502 0.190920 -0.042449 -0.037171 -0.467176 0.576434 -0.041197 -0.132664 -0.607268 -0.000767 0.586012 0.036718 -0.113120 0.304665 -0.304477 0.417024 0.176141 -0.181443 0.002556 -0.053209 0.436827 0.136622 0.227147 -0.058319 0.603428 -0.227322 -0.181728 -0.936974 -0.305727 0.044856 -0.159420 -0.469566 0.058466 -0.073314 0.029515 0.129151 0.682392 -0.467616 0.182106 -0.429173 -0.687783 0.566309 -0.178424 0.149290 0.977855 -0.189705 -0.695735 0.046110 -0.064854
eagles 0.271173 0.270236 0.098079 0.105902 -0.054445 -0.353525 -0.358836 0.238870 -0.116084 0.093243 0.225067 0.419415 -0.073298 -0.406393 -0.178205 -0.163307 -0.747224 0.165261 0.018756 0.150136 0.523839 0.156195 0.281481 0.362854 -0.231752 -0.398595 -0.619910 0.200549 -0.194691 -0.108852 0.576118 -0.790819 -0.073814 0.382912 0.787510 0.300296 -0.415403 -1.007742 0.281303 0.003824 0.344006 -0.130241 -0.200469 -0.479288 -1.025527 0.143363 -0.077590 -0.445979 -0.472585 0.463381 -0.003304 0.111288 -0.142052 0.126765 -0.271357 -0.129451 -0.250083 0.042351 -0.021100 0.477206 -0.205289 -0.988779 0.228930 0.014304
soar 0.764030 0.316224 -0.128987 0.214549 0.458050 -0.231849 -0.013493 -0.497868 0.045801 -0.050465 0.456616 0.631233 0.085898 -0.386083 -0.230950 -0.190182 -0.065703 0.086470 -0.183129 0.398656 0.097393 0.368181 -0.735554 -0.115084 -0.275660 -0.031535 -0.567212 0.214093 0.014338 0.265144 0.568328 -0.288193 0.215368 0.648634 0.975741 0.437305 -0.226879 -0.814877 0.413796 -0.461265 0.183208 -0.020846 -0.351389 -0.347242 -0.707560 -0.016582 0.341053 -0.109605 -1.023299 0.187415 0.278891 -0.508218 -0.335032 -0.598320 -0.118497 0.067257 -0.382547 -0.296963 0.080596 0.405510 -0.277124 -0.737546 -0.093181 0.466109
above -0.020243 -0.282912 -0.758201 0.185499 0.450132 -0.430173 0.142263 -0.133187 0.507694 0.115187 0.327842 0.786027 0.202730 -0.370513 -0.276296 0.046514 -0.009021 -0.367197 -0.114601 0.586162 -0.049062 0.220972 -0.416819 0.260551 -0.272336 0.001831 -0.204107 0.348581 0.176496 -0.085104 0.606109 -0.710255 -0.534240 0.419379 0.411481 0.407520 -0.523943 -0.258486 -0.271522 -0.605584 0.166490 -0.397289 -0.124622 -0.195674 -0.559184 0.171293 0.412083 -0.544055 -0.276148 -0.529286 0.185186 0.019699 -0.496626 -0.631941 -0.267010 0.305248 -0.805695 0.288769 0.481985 -0.475444 0.140337 -0.905034 0.448057 0.128288
electricity 0.780784 0.087262 -0.060331 -0.442767 0.100619 0.357470 -0.497678 0.568804 0.562299 0.246733 -0.163219 -0.284152 0.049727 0.393592 0.306117 -0.661886 0.450432 0.650555 0.402998 -0.469495 0.380865 -0.410330 0.196578 0.273954 0.560647 -0.603887 -0.367061 -0.107961 0.042707 -0.622856 -0.140038 -0.032719 -0.247626 -0.007238 0.435329 -0.157194 -0.130755 -0.653759 -0.077400 -0.177537 0.560198 -0.217238 -0.651310 0.001489 -0.154027 -0.428379 -0.221471 0.126045 0.271542 0.365334 -0.527302 -0.809146 0.184746 0.112320 -0.048221 -0.223558 -0.126676 0.417175 -0.730232 0.165661 0.028026 0.296354 -0.524224 -0.451899
powers 0.234950 0.000006 0.263070 0.102837 0.279143 0.101162 -0.188610 0.443351 0.323214 -0.028060 0.006466 -0.110044 0.107639 0.400887 0.086765 -0.912423 0.266047 0.720680 0.461744 -0.318932 -0.022536 -0.297251 -0.569968 -0.014592 0.004539 0.041573 0.129507 -0.781914 0.004422 -0.438929 0.208590 0.651076 -0.102273 0.288016 0.585636 0.429004 -0.112076 -0.447022 -0.095726 -0.335723 0.792962 0.322089 0.000906 0.115519 0.081188 0.026561 -0.394911 0.048636 -0.287163 -0.019563 -0.495548 -0.918239 0.300739 -0.213941 0.130057 -0.294932 0.157511 0.287827 -0.561513 -0.162382 -0.285964 0.124061 -0.390556 -0.211693
homes 0.168156 -0.139064 -0.495625 -0.411667 0.050277 -0.250458 -0.499929 0.876364 0.297172 0.164295 0.297232 0.012156 0.239401 0.515517 -0.136121 -0.735301 0.147116 0.376260 0.370292 -0.218246 0.137363 -0.324443 -0.361805 0.244721 0.097159 -0.422755 0.514454 -0.307183 -0.177379 -0.606703 0.000498 -0.158676 -0.116370 0.397014 0.241450 0.221195 -0.624605 -0.552906 -0.460487 -0.327722 0.676110 -0.028795 -0.192216 0.162383 0.207185 -0.200072 -0.224126 -0.298313 0.359221 -0.349759 -0.375934 0.076690 0.415427 0.121855 -0.106911 0.184089 -0.337643 1.031580 -0.307934 0.060677 -0.287115 0.042238 -0.370344 -0.464192
offices 0.279948 0.152378 -0.555395 -0.355990 -0.002216 0.058704 -0.514081 0.571627 0.318734 0.293347 -0.155065 0.081426 0.036783 0.486400 -0.132214 -0.206396 0.305291 0.076912 0.636168 -0.071422 -0.054855 -0.640357 -0.065674 0.287174 0.104265 -0.357189 0.360505 -0.159623 0.139654 -0.408083 -0.313140 -0.368061 -0.150654 -0.149605 0.132728 0.027562 -0.562564 -0.513700 -0.034873 -0.683442 0.431167 -0.350286 -0.553919 0.062748 0.292297 -0.052000 -0.195991 -0.502764 0.397117 -0.179701 -0.407009 -0.536359 -0.068759 -0.132706 -0.189825 0.064927 -0.295802 0.521902 -0.482634 -0.427757 -0.090602 0.387920 -0.219100 -0.595752
snake -0.357524 0.250442 0.186434 -0.378452 0.613814 -0.306657 -0.309119 -0.072869 0.235317 -0.168588 -0.313963 -0.169206 -0.055288 -0.572616 -0.341262 0.160098 0.328913 -0.023213 -0.451588 -1.243689 0.357918 -0.285790 -0.231229 -0.045430 -0.129436 -0.801854 -0.638694 0.610242 1.050090 0.749538 -0.113174 0.210492 0.014552 0.099409 0.551531 0.164811 -0.393427 -0.138507 -0.303040 0.496707 0.610484 -0.182304 0.207832 0.371121 -0.223824 0.229013 -0.077979 0.031319 -0.370890 0.272740 -0.222709 -0.659530 0.589652 0.452232 0.117056 -0.436022 -0.514484 -0.193347 -0.308978 -0.100190 -0.020583 0.030965 0.009167 -0.343646
slithered -0.217143 -0.001630 0.334372 -0.299058 0.295720 -0.425684 -0.193323 0.550073 0.004901 -0.667340 0.032820 -0.926822 0.076333 -0.497155 -0.734738 -0.164859 -0.052554 0.034961 -0.291682 -0.905947 0.439194 0.005821 -0.110417 -0.151400 -0.611680 -1.285895 -0.673205 0.212642 0.115999 0.321301 -0.113517 -0.618481 0.357903 0.141872 0.157250 -0.183031 -0.231709 0.108874 -0.224273 0.167013 0.204726 -0.640730 -0.098074 0.226242 -0.040472 0.115009 0.250473 -0.178373 -0.045896 0.029234 0.003950 -0.233234 0.331688 0.341754 0.277358 -0.136331 -1.189733 0.039373 -0.097975 -0.274313 -0.313081 -0.118936 0.226956 0.042268
silently -0.463712 -0.149545 0.093646 -0.540997 0.442498 -1.063498 -0.120125 0.055002 0.108658 -0.987107 -0.239852 -0.195924 -0.020812 -0.229882 -0.896131 0.312886 0.570037 -0.018157 -0.821677 -0.851724 -0.294886 0.126024 -0.624266 -0.221443 -0.383257 -0.897853 -0.351539 0.210310 0.764211 0.426210 -0.021572 -0.131499 0.426720 -0.018529 0.111580 -0.142323 -0.428921 0.243203 -0.720322 -0.221966 0.369049 -0.384581 0.158394 0.491409 0.055967 0.373066 0.047240 -0.104459 0.183344 -0.713162 -0.122771 0.027622 0.254082 -0.169045 0.113081 -0.000101 -0.755459 -0.090010 -0.195590 -0.530404 -0.084934 0.225642 0.367870 -0.110678
tall -0.607780 0.392385 0.271295 0.442378 0.488310 0.184145 -0.241780 0.402050 -0.323153 -0.393874 -0.543477 -0.126290 -0.238309 -0.786714 -0.831817 0.554280 0.352063 -0.192799 -0.972841 -0.156007 0.325828 0.081254 -0.490285 -0.534124 0.193124 -0.807686 -0.384194 0.066820 -0.168946 0.047607 0.220958 -0.110018 0.198435 0.497228 -0.724898 -0.072489 -0.309883 0.571692 -0.953724 0.086263 0.235812 -0.035021 0.220526 0.477823 0.015741 0.318741 0.388732 0.123426 0.550441 -0.566698 -0.411279 0.641698 0.375940 0.036500 0.066520 -0.150127 -0.520680 -0.431525 -0.546678 0.435454 0.377680 0.340264 0.198107 0.867594
grass -0.506429 0.447507 -0.086365 0.155239 0.115241 0.228126 -0.187130 0.171328 0.001734 -0.230198 -0.824989 -0.157379 0.096418 -0.221363 -0.204242 0.651806 0.529560 -0.094498 -0.562038 -0.201195 -0.004970 0.019414 -0.208441 -0.420393 -0.481618 -0.629044 -0.115222 0.135979 0.250532 -0.058747 0.016000 0.362453 0.168069 0.483467 -0.174696 -0.092320 -0.302269 0.453689 -0.672089 1.297192 0.163133 0.269985 0.271651 0.181289 -0.138049 0.234497 0.203436 0.318331 0.378964 -0.134915 -0.468831 0.139347 0.738374 -0.002639 -0.303792 0.107579 -0.508484 -0.418047 -0.294072 0.297041 0.233623 0.380634 -0.038963 1.185365
hope 0.216948 0.033519 0.300229 -0.173798 -0.087592 -0.223913 -0.592039 -0.006874 0.055401 -0.448789 0.514131 -0.325020 0.176049 0.121986 -0.072338 0.839378 -0.012644 0.016916 -0.111471 0.454738 -0.069801 0.505110 0.602744 0.482362 -0.167169 -0.315072 -0.147693 0.505001 -0.412230 -0.082653 0.479628 -0.015844 -0.439514 0.483252 0.398412 0.029799 0.390774 -0.206935 -0.161871 0.285612 1.119038 -0.256704 0.292028 -0.974603 -0.281305 -0.140795 0.295603 0.487767 -0.547291 0.363640 0.354628 -0.045160 0.677559 -0.241714 0.047348 -0.651104 0.143800 0.212126 -0.005867 0.802417 -0.055513 -0.218555 -0.376686 0.632163
gives -0.464831 -0.222263 0.144029 -0.050622 0.070019 -0.415071 -0.615426 -0.076704 0.202056 -1.063551 0.624198 -0.077959 0.350101 0.378994 -0.311538 0.648411 0.010599 0.174654 0.017365 0.159000 -0.171133 0.310838 -0.207358 0.015627 -0.135809 -0.347650 -0.368445 0.297891 0.064435 -0.336534 0.569440 0.216726 -0.446265 0.843398 0.620067 0.729639 0.192319 -0.265817 0.046454 -0.091998 1.233219 0.305069 0.048425 -0.653894 -0.263690 0.268531 0.136752 1.071493 -0.552277 0.208603 0.211230 -0.471302 0.758690 0.088567 0.038009 -0.727660 0.155340 0.127063 -0.033626 0.064901 -0.354953 0.038581 -0.103247 0.648692
face -0.777117 0.049167 -0.462084 0.019874 0.120233 0.294423 -0.898133 0.434738 0.263747 -0.167276 0.069792 0.383143 0.098157 0.631605 0.052450 0.770609 -0.225591 -0.712027 -0.424227 -0.460800 -0.229488 0.147620 0.269616 0.508168 -0.216193 -0.145764 0.250053 0.285662 -0.355312 0.071510 0.719974 -0.252864 -0.409652 0.322892 -0.558888 0.205604 0.138772 0.470020 -0.191473 -0.502727 0.192135 0.432121 0.228740 -0.143853 -0.375311 -0.691965 0.189233 0.337649 -0.096662 -0.097802 0.062827 0.384556 -0.209477 -0.563756 -0.415110 -1.270620 0.441033 -0.112146 -0.289507 0.327025 -0.054052 0.656431 -0.404305 0.607207
challenges -0.978268 -0.022264 0.008415 -0.109040 0.103311 0.028455 -0.560475 0.224093 0.470185 -0.243408 -0.078454 0.530009 -0.147762 0.407614 0.119811 0.378303 -0.178090 -0.451624 -0.549407 -0.428087 -0.565925 0.420756 0.502558 0.129509 0.190557 -0.267939 -0.094978 -0.249274 -0.003552 -0.770906 0.678340 -0.143333 -0.523643 0.498015 -0.129513 0.393938 -0.486703 0.160030 0.164399 0.004753 0.090697 1.030830 -0.402483 -0.204644 -0.322925 -0.256968 0.115822 0.455924 0.099843 0.288809 -0.376654 0.236416 0.658269 0.277623 0.015321 -0.812406 -0.115967 -0.205620 -0.435927 0.082443 -0.213165 0.809090 -0.381590 0.553480
engines -0.237014 0.102717 0.449125 -0.216080 0.312341 -0.070904 -0.268386 -0.333592 0.549615 -0.432878 0.380719 -0.471218 -0.084535 -0.303319 -0.239812 0.093632 -0.689567 -0.191473 0.066429 -0.155972 0.270403 -0.008791 0.589244 0.223013 0.272576 -0.731732 -0.308866 0.099727 0.494197 0.329023 0.292255 0.492223 -0.315260 -0.081386 -0.019841 -0.301275 -0.236314 -0.038676 0.246920 -0.324258 -0.365033 0.016241 -0.342571 0.173439 -0.141320 -0.237442 0.312926 0.053097 -0.203391 0.141837 -0.089111 0.153256 0.180599 0.792652 -0.135759 -0.542724 -0.151343 -0.091835 -0.470308 0.953782 0.042642 0.119205 -0.350929 -0.627052
convert -0.306976 -0.074595 0.435432 -0.435765 0.101978 -0.618482 0.504119 -0.717085 0.959287 -0.031482 0.046366 0.272989 -0.214131 -0.078211 -0.242483 -0.030617 -0.285223 -0.005220 -0.388959 0.018094 -0.058535 0.078476 -0.105993 -0.436160 -0.242285 -0.018915 -0.411787 -0.131020 0.844932 0.184833 -0.105648 0.953079 0.132632 0.465170 0.324603 0.401626 -0.376058 -0.147475 0.275708 -0.344714 -0.431270 0.141362 0.045467 0.189424 0.028642 0.144427 0.595024 -0.219901 -0.332983 -0.333918 -0.378048 0.191638 0.088243 0.321130 -0.237943 -0.557448 0.042494 -0.162180 -0.665433 0.412424 -0.008976 -0.120837 -0.173999 -0.847297
into -0.823515 0.286115 0.223115 -0.548178 0.225739 -0.897452 0.669540 -0.473438 0.854336 -0.040700 0.310245 -0.146852 -0.233828 0.185611 -0.633804 0.251416 -0.432648 -0.433512 -0.297652 0.333427 0.108492 0.054414 0.432515 0.258349 -0.145971 -0.295017 -0.313367 0.023135 0.547917 0.410064 0.167339 0.232549 0.244206 -0.258212 -0.061470 -0.353672 -0.791383 -0.137545 0.141326 -0.363721 -0.407364 0.164544 -0.128042 0.450178 -0.042345 -0.141884 0.392734 -0.604466 -0.107361 -0.795961 -0.211557 0.252255 0.026829 0.257397 -0.466691 -0.370735 0.097042 0.130015 -0.423733 0.318292 -0.087874 0.037891 0.012519 -0.585275
mechanical -0.557810 0.473780 0.413559 -0.066849 0.270768 0.076672 0.377376 -0.352173 0.504582 0.190654 0.290147 0.136662 -0.169421 -0.328791 -0.500277 0.254170 -0.426104 -0.604818 0.226887 -0.090531 -0.013466 -0.157805 0.242928 0.811193 0.036415 -0.008455 0.009509 -0.085544 0.432084 0.263618 0.246484 0.557934 0.455647 -0.142065 -0.222409 -0.086225 -0.544962 -0.190108 0.400695 -0.546110 0.005931 0.287692 0.048374 0.792891 0.109322 0.135023 0.451250 -0.215606 -0.279520 -0.452404 0.186278 0.483714 -0.283313 0.077363 -0.035485 -0.817190 0.180372 0.079330 -0.278022 0.683567 -0.012169 0.172189 -0.243790 -0.374155
dogs -0.068390 0.552624 0.170877 -0.302002 0.250770 -0.294012 0.068181 0.241027 -0.317253 -0.213575 0.232322 -0.470461 0.154166 0.122845 -0.229088 -0.221121 -0.697593 0.548653 -0.680038 -0.452589 0.620630 -0.257768 0.145435 -0.387315 0.638780 0.085268 -0.662369 0.641944 -0.108507 -0.124340 0.046804 -0.121081 -0.542036 0.685347 0.027360 -0.319697 0.600863 0.043696 0.530673 0.334739 0.315586 0.013175 -0.924685 0.102435 0.687585 -0.238663 -0.459641 0.308160 0.222248 0.276312 -0.340194 -0.272186 -0.288370 1.124143 -0.089349 -0.571465 0.070461 -0.188813 0.333455 0.206708 0.250185 -0.516488 0.599206 0.031590
cats -0.385395 0.085827 -0.153383 0.062476 0.202984 -0.739283 -0.085303 -0.016949 -0.377466 -0.596609 -0.231210 -0.035483 0.176439 0.244425 -0.480339 0.104574 0.004943 0.243686 -0.838119 -0.461584 -0.090329 -0.392897 -0.290500 -1.040296 0.238401 0.137886 -0.068702 0.419793 0.494007 0.142499 0.478523 -0.022730 -0.130407 0.655894 0.312659 -0.078765 0.861694 -0.107293 -0.065330 -0.143781 0.188657 -0.045095 -0.471130 0.416773 0.940899 -0.292087 -0.272940 -0.405335 0.218001 -0.205299 0.242338 0.020270 -0.554707 0.966518 -0.415505 -0.551677 -0.356576 0.306806 0.391889 -0.443050 -0.420374 -0.313871 0.752472 -0.454514
household -1.084554 0.535934 0.121642 0.148269 -0.026493 0.245400 -0.182906 0.137242 -0.680457 -0.523699 -0.510435 0.305089 -0.578541 -0.000892 -0.257712 0.173095 -0.228488 -0.330840 -0.791435 -0.280491 -0.322861 -0.147875 0.203204 -0.330141 0.025749 0.332196 0.346170 0.319564 0.321949 0.097775 0.460585 -0.005012 -0.458896 0.114476 -0.178636 -0.669252 0.428676 -0.000963 -0.474909 0.328692 0.553922 -0.184223 -0.214603 0.171223 0.545880 0.062085 -0.268247 -0.018675 0.785826 -0.453081 0.045289 0.812575 -0.216482 0.749998 -0.283053 -0.862586 0.379227 0.201840 0.035766 0.164328 -0.260797 -0.284215 0.792167 0.306687
pets -0.388189 0.655975 0.162806 0.062489 0.196983 -0.099233 -0.333925 0.053328 -0.513522 -0.597893 -0.288656 0.188229 -0.570614 -0.064340 -0.130336 0.217640 -0.223059 0.129010 -0.423193 -0.272651 -0.198687 -0.402492 0.125904 -0.464298 0.080030 0.807506 -0.464749 0.158547 -0.241964 -0.204702 0.299863 0.026747 -0.519820 0.325532 -0.137867 -0.631248 0.353508 0.064519 -0.407163 0.448927 0.137705 0.116972 -0.233002 0.121682 0.268457 0.067846 -0.674606 -0.063736 0.086683 -0.380438 -0.087843 0.679315 0.414261 1.279163 -0.274935 -0.399558 0.573942 0.134743 0.073954 0.374501 -0.109069 -0.304857 0.701563 0.306893
loneliness 0.089950 0.258655 0.468242 -0.179730 -0.270743 0.113695 -0.510053 -0.437487 0.547717 0.384020 0.471487 -0.290122 0.261359 0.020654 -0.001777 -0.126090 -0.201241 -0.634561 0.102431 -0.080603 0.082132 0.053454 0.802125 0.715131 0.002184 -0.475111 -0.275270 0.081839 -0.196677 -0.371734 -0.319494 -0.177435 0.662352 0.376056 0.137072 -0.359808 0.209667 0.195157 0.313290 0.775805 -0.238350 -0.093220 0.134783 -0.296365 0.675238 0.123381 -0.001388 0.627530 -0.010015 0.334927 0.250730 0.028898 0.418492 0.173471 -0.005072 0.207147 0.747911 0.201016 0.463931 -0.229704 0.630169 0.121445 -0.403365 0.558511
painful -0.309250 0.008096 0.199822 0.090988 -0.068523 -0.730071 0.047038 -0.350907 0.820625 -0.116911 0.726905 -0.233880 0.099789 0.087374 -0.384059 -0.233665 -0.156903 -0.739804 -0.175363 -0.144786 -0.388035 -0.102088 -0.297973 0.077963 -0.147139 0.004719 -0.027817 0.045992 0.220737 -0.294832 -0.163476 0.492535 0.598288 0.388000 0.214216 0.217500 0.231917 0.132096 -0.073986 0.466226 -0.175086 -0.034066 0.587505 0.319027 1.042823 0.242810 -0.123177 0.395308 -0.228332 0.378975 0.479703 0.488529 0.107979 -0.193051 -0.165366 0.332876 0.663406 0.115391 0.177063 -0.282088 0.884119 0.168602 -0.385620 0.122870
but -0.444911 0.202103 -0.220717 -0.024989 -0.204342 -0.862941 0.241068 0.146096 0.843236 0.561597 0.164897 0.016131 0.325011 0.532772 -0.165167 -0.235332 0.398403 -1.140806 0.177164 0.048299 -0.321176 0.069369 0.262121 0.726795 0.043193 -0.277663 0.305226 -0.225746 0.137498 -0.383712 -0.299237 -0.474377 0.846462 -0.042670 0.032557 0.206646 0.192831 0.043331 0.470588 0.615369 -0.155407 -0.377185 0.507170 0.060785 1.340493 -0.018454 0.078526 -0.083155 -0.139665 -0.424668 0.005266 0.613408 0.330628 -0.465049 -0.386408 0.166465 0.560862 0.735202 0.716049 -0.585881 0.601963 0.353386 -0.057098 -0.195495
connection -0.103918 0.262783 0.016513 0.160204 -0.062620 -0.621721 0.161904 -0.296767 0.959118 0.588106 0.174664 0.022437 0.007347 0.343296 -0.204956 0.138223 0.154668 -1.289479 0.026930 0.253216 -0.271677 -0.407278 0.068373 0.459742 0.137612 -0.100101 0.249806 0.041844 0.124430 -0.144916 -0.456984 0.271474 0.403099 -0.320956 0.262658 -0.272932 -0.002929 0.039136 -0.012551 -0.087722 0.029363 -0.350899 0.438801 -0.011383 1.366014 0.242687 0.169053 0.560473 0.049867 0.047076 -0.114384 0.222201 -0.099547 -0.751492 -0.263172 0.118920 1.009993 0.469931 0.214051 -0.187336 0.719948 0.541524 0.058144 0.286712
heals -0.368776 -0.106155 -0.005940 0.605013 -0.154480 -0.111503 0.102921 0.009335 0.785909 0.761936 -0.238438 0.211878 -0.205379 -0.056001 -0.478940 -0.149187 0.074802 -1.153421 -0.122075 -0.269158 -0.570303 -0.226632 0.299631 0.527003 0.203518 0.266380 0.068074 -0.310359 -0.208736 -0.060420 -0.140390 0.027127 0.191535 -0.331502 -0.350766 -0.195958 -0.034752 -0.194272 0.021028 0.819638 -0.145010 -0.426980 0.442670 0.087982 0.662040 -0.052074 0.069830 0.333686 -0.392774 -0.133810 0.188668 0.514323 -0.167078 -0.500129 -0.105947 -0.015196 0.870062 0.358524 -0.385373 0.158275 0.859355 0.156308 -0.275824 0.789159
it -0.074635 -0.167275 0.027531 0.189251 -0.193241 -0.167658 0.182705 0.174194 0.470751 0.569155 -0.166774 0.139470 -0.456503 0.353540 -0.150435 -0.403780 0.253740 -0.660549 -0.292207 -0.051571 -0.344310 -0.022365 -0.160375 0.003850 0.360567 -0.149175 -0.060867 -0.036725 0.069854 -0.394646 -0.051852 0.074045 0.389161 0.336842 -0.187363 0.385340 -0.159649 0.121553 -0.137479 1.257970 -0.160628 -0.236281 0.474449 -0.347277 0.904385 -0.254346 0.360758 0.427749 0.080403 -0.130542 -0.056447 0.391063 0.596548 -0.054933 -0.286607 0.311873 0.709672 0.275439 -0.425185 0.367736 0.650291 0.090257 -0.314519 0.952211
doctors 0.422806 0.056970 0.018379 -0.580677 -0.467521 0.124273 0.108178 0.544966 -0.011716 0.202598 -0.478664 -0.728291 0.390716 -0.146213 0.373256 -0.314663 -0.746393 0.278128 0.280977 -0.593387 0.155362 -0.185078 0.228515 -0.221272 -0.237723 -1.138572 -0.401329 0.019612 -0.176862 0.600056 -0.075592 -0.030862 -0.107450 0.253222 0.295018 -0.516090 -0.099047 -0.220623 -0.184606 0.225635 0.413871 0.292600 0.054441 0.036968 0.213396 -0.220892 0.105202 0.171263 -0.237862 0.351876 0.066550 -0.467012 0.265108 -0.681360 -0.131842 -0.093951 -0.071260 -0.867475 0.274520 0.111751 -0.240268 -0.594083 -0.216273 -0.283601
nurses 0.136359 -0.499977 -0.026518 -0.440172 -0.341534 -0.373794 0.719481 0.211697 0.307389 -0.345001 -0.249770 -0.083718 0.220640 0.336666 -0.017391 -0.216250 -0.839423 0.265317 -0.124737 -0.762065 -0.026341 -0.068462 0.022785 -0.879261 -0.352031 -0.321447 0.095788 0.028271 -0.095005 0.594129 -0.265009 0.206487 0.170644 0.604963 0.337604 0.047506 0.030927 0.076772 0.032382 -0.121596 0.521387 0.176638 0.308042 0.239254 0.485394 0.346788 0.500397 -0.257925 -0.130641 -0.222637 0.434389 -0.047972 0.140886 -0.485467 -0.130894 -0.237505 -0.412890 -0.708421 0.814391 -0.101773 -0.631931 -0.417782 -0.016670 0.016365
sick -0.333500 0.218877 -0.223929 -0.133187 -0.703026 0.755703 0.881814 0.382895 0.340568 -0.087954 -0.400440 0.743443 0.064430 0.367507 0.328640 0.026596 -0.798903 -0.318397 -0.466349 -0.444504 -0.157429 -0.331579 0.144650 -0.772392 -0.389857 -0.168678 0.585924 -0.086185 0.016206 0.153779 -0.294603 -0.336549 -0.142794 0.438376 -0.713244 -0.002984 -0.570698 0.057533 -0.177995 -0.074280 0.477287 -0.177369 0.145683 0.223188 0.482428 0.747649 0.069902 0.065257 -0.208737 -0.424974 0.642097 0.323910 -0.096115 -0.761336 -0.365514 -0.046347 0.096416 -0.985457 0.240977 0.440955 -0.557806 -0.175502 -0.061315 0.363845
patients -0.224789 0.299190 0.154971 -0.012255 -0.522522 0.300733 0.963417 0.146549 0.028034 0.175073 -0.037124 0.854732 -0.430335 0.122873 0.103483 -0.527520 -0.742094 0.259444 -0.613645 -0.328964 -0.159674 -0.100181 0.077638 -0.981085 -0.003352 0.002038 0.163632 -0.194084 -0.204021 0.292150 0.207702 -0.582557 -0.083609 0.396489 -0.510109 0.129999 -0.318086 -0.006271 0.175480 0.381503 -0.108184 0.461942 0.090977 -0.280926 0.212424 0.073795 0.599778 -0.217601 -0.208478 0.379660 0.439762 0.346241 0.017713 -0.353003 -0.546599 0.071699 -0.124992 -1.020834 0.185626 0.184546 -0.245512 -0.255841 0.410517 0.313984
librarians -0.496745 0.475973 -0.749597 -0.144657 -0.298889 0.507446 0.325737 0.515545 0.426655 -0.721468 0.081723 -0.354924 0.850285 0.128484 -0.193577 0.071537 0.562506 0.145679 -0.175836 -0.014545 0.558954 0.293714 0.528430 0.586747 0.646679 -0.007750 -0.207564 0.534729 -0.554007 -0.191359 -0.077253 -0.640508 -0.252703 -0.118842 0.431920 -0.202372 0.016642 -0.323589 0.339456 0.733826 0.455214 0.313759 0.013291 -0.421780 0.282779 -0.076083 0.362628 0.467175 0.198666 0.887363 -0.072591 -0.722666 0.212244 -0.254187 0.369887 -0.030875 0.418897 0.340429 -0.102878 0.975731 0.187513 -0.101326 -0.280286 -0.058997
find -0.958374 -0.167667 -1.114081 0.321085 0.165613 -0.246962 0.326990 -0.128119 0.228618 -0.845017 0.374887 -0.589993 0.251884 0.320297 -0.837513 -0.039506 0.481812 0.699163 -0.844395 0.058763 -0.142843 0.213885 0.399388 0.311948 -0.040337 0.057101 0.083432 0.042706 -0.227556 -0.671788 0.165224 -0.556382 0.329428 -0.375548 0.146106 -0.267579 0.086563 0.012109 0.089028 0.054396 0.492458 0.439911 -0.339228 0.270530 0.424680 0.206622 0.356548 -0.328659 0.746413 0.647470 0.039188 -0.333912 -0.065712 -0.554778 0.095247 0.127057 -0.148786 0.117813 0.307524 -0.177051 0.491977 0.173193 0.597697 0.148096
books -0.807784 0.480561 -0.447284 0.475194 0.150490 0.019476 0.291484 -0.572498 0.494983 -0.482523 0.004969 -0.339703 0.201490 0.592161 -0.926474 0.002901 0.427328 0.069161 -0.818202 0.036729 0.204033 0.051050 0.086260 0.324754 -0.145785 0.528094 0.086395 -0.306827 -0.458165 0.182701 -0.257093 -0.592812 0.004244 -0.685474 -0.259696 -0.218782 0.072636 -0.102424 0.248664 -0.013732 0.499333 0.229387 -0.403059 0.631077 0.524444 -0.184240 0.451168 0.336872 0.682514 0.512145 -0.025313 -0.580760 -0.661475 -0.582965 0.266023 -0.048130 0.359038 -0.028922 -0.106244 0.216513 0.516523 0.160929 0.104880 0.316483
creativity 0.002017 0.753868 0.433690 -0.067788 -0.940357 -0.134769 -0.764756 -0.137854 0.399140 -0.319923 -0.035219 -0.350641 -0.218009 0.148311 -0.417033 0.075410 0.213213 0.197497 0.105869 -0.393129 0.518649 0.255276 0.502125 0.429948 -0.453521 -0.108157 0.506131 0.069462 0.183886 -0.134172 -0.138290 0.052503 0.314972 -0.602051 -0.285958 0.400195 -0.361164 -0.523711 0.563190 0.430523 0.814288 0.190606 -0.177320 0.419909 -0.246791 -0.648001 -0.514102 0.282130 -0.403129 0.700137 -0.512387 0.136996 0.195193 0.068852 0.144053 -0.119193 0.270998 0.582045 0.045550 -0.105249 -0.406808 -0.016672 -0.281262 -0.438231
imagine -0.031598 0.294650 -0.558577 0.055255 -0.322836 -0.123268 -0.656047 0.169916 0.922512 -1.025953 -0.424689 -0.092474 0.349132 -0.104699 -0.376634 -0.235889 0.123877 0.122578 -0.785359 -0.182479 0.095770 0.598857 -0.164297 0.344671 -0.533121 0.106997 0.669971 -0.121840 0.593911 0.443544 -0.073630 0.591175 0.578118 0.144793 -1.113189 0.950264 0.197688 -0.009145 0.830106 -0.226728 0.714242 0.448371 -0.065568 0.189601 -0.044658 -0.069508 -0.613123 0.225122 -0.709227 0.213498 0.078430 0.195990 -0.101922 -0.227215 0.137516 -0.491588 0.512503 -0.080081 0.242830 -0.581857 -0.188925 0.054498 0.539125 -0.847409
invent -0.161244 0.738386 -0.273802 0.449851 -0.266946 0.334975 -0.786676 -0.043206 0.822984 -0.252189 -0.359854 -0.552637 -0.359789 -0.084579 -0.413997 -0.401014 0.195612 -0.215513 -0.245655 0.291648 0.143474 0.487219 0.559527 0.101692 -0.222159 -0.103903 0.310731 -0.216660 0.281310 0.299561 0.125232 -0.431351 -0.048324 -0.262059 -1.488734 0.599663 0.589086 -0.209713 1.248623 0.392366 0.075109 0.215056 -0.324486 0.316226 0.000956 -0.721819 -0.637974 -0.263309 -0.116535 -0.378470 -0.169858 0.358818 -0.468290 -0.289930 -0.274408 -0.494596 0.284951 0.068676 0.040347 -0.573805 -0.098394 0.513625 -0.024910 -0.327765
things -0.369618 0.035737 -0.524437 0.249498 -0.335537 0.379075 -0.329701 0.438254 0.195155 -0.032062 -0.194137 -0.454337 0.002187 -0.484380 -0.190364 -0.230077 -0.232473 0.198044 -0.864956 -0.018951 0.270236 0.733171 0.780614 -0.445316 -0.158562 0.121071 -0.140699 -0.353919 0.512020 0.037139 0.244462 -0.014749 -0.040093 0.210068 -1.049036 0.583447 0.518706 0.346471 0.851431 1.079202 -0.365119 0.877799 -0.579856 0.199248 -0.083109 -0.419248 -0.779480 -0.029569 -0.196615 -0.192062 0.375739 0.243674 0.010246 -0.145037 -0.210832 -0.163303 0.277590 -0.079849 0.094503 -0.246209 0.190224 0.356078 -0.057475 -0.327063
telescopes 0.330728 0.460088 0.101948 0.074199 -0.095543 0.014849 -0.500547 -0.151250 -0.218084 -0.544127 0.511049 0.013603 -0.084483 -0.477186 0.220537 -0.289680 0.201256 0.162171 0.200503 -0.614978 -0.057429 -0.185621 0.642509 0.327305 0.317550 -1.009720 0.065246 -0.250482 -0.227052 -0.074319 0.637326 -0.489178 -0.326442 0.441859 -0.374728 0.082816 0.228263 0.046119 0.261933 0.131487 -0.295003 -0.106372 -0.042808 -1.061343 -0.520127 -0.072488 0.119815 0.167401 -0.210492 0.096656 -0.474180 -0.160864 0.077370 0.112320 0.014260 -0.562564 0.006377 0.031884 0.055865 0.231622 0.426710 0.167095 -0.632745 -0.232996
astronomers -0.304744 -0.519963 -0.465433 0.546538 -0.451117 -0.496010 -0.211696 0.001460 0.076742 -0.994725 0.805733 0.443755 0.030370 -0.195397 -0.262441 -0.457320 -0.063791 0.217341 -0.028122 -0.844565 -0.461952 0.148330 0.144569 -0.031505 0.282394 -0.885262 0.357229 -0.073168 -0.120095 -0.142056 0.351797 -0.513728 0.418249 0.776081 -0.397291 0.281838 0.676076 0.230187 0.470861 -0.369327 -0.240351 -0.343572 0.255007 -0.460069 -0.365382 -0.014390 -0.037836 0.068581 -0.083040 -0.034531 -0.538731 0.523540 0.115144 -0.328581 0.129902 -0.789058 0.162865 0.175473 0.363510 -0.100562 0.265062 0.225620 -0.450636 -0.126448
study -0.322915 0.020536 -0.649640 0.481058 -0.121795 -0.118964 -0.647212 -0.094334 0.172966 -0.428788 0.321889 0.315012 -0.154371 -0.460212 -0.195386 -0.033500 0.183513 -0.570319 0.305041 -0.557166 -0.480475 0.092799 0.187830 0.478228 0.305169 -0.760631 0.473048 0.215820 0.150348 0.318714 -0.029642 -0.697143 0.595186 0.400197 -0.924925 0.005547 0.500292 -0.055911 0.045880 -0.634720 -0.288007 0.022736 0.122892 -0.547108 -0.281435 0.075571 -0.279796 0.318588 0.232973 -0.272851 -0.240589 -0.072005 -0.303303 -0.252309 0.188309 -0.382085 0.793710 0.124554 0.066238 0.060209 0.268834 0.253082 -0.140568 -0.169350
distant -0.158572 -0.301599 -0.019601 0.817933 -0.023304 0.911918 -0.525782 0.203945 0.352269 -0.134055 0.449669 0.390036 0.054587 -0.303152 0.094262 0.161171 -0.138499 -0.523005 0.069293 -0.551785 -0.682205 0.360452 0.013909 0.115775 0.471691 -0.335131 0.251800 -0.199930 -0.087940 -0.051029 0.197359 -0.261573 0.490345 0.706296 -0.783732 -0.087169 0.518854 0.223040 -0.124480 0.094516 -0.488987 0.108642 0.005178 -0.262396 -0.246017 -0.118262 -0.204405 0.348197 0.523992 -0.345508 -0.048598 0.277236 -0.481218 -0.298847 0.013248 -0.651542 0.479380 0.367643 -0.104839 0.085429 0.087861 0.217451 -0.377724 0.319421
stars -0.456440 -0.539656 0.043492 0.669171 -0.429856 0.609408 -0.625047 0.240067 -0.247661 -0.157114 0.358138 0.037614 -0.514505 -0.543826 0.432883 -0.044281 0.302423 -0.699661 0.167481 -0.193537 -0.688005 0.521074 0.134247 -0.072618 0.312129 -0.466615 0.304546 -0.263643 -0.376317 -0.320815 0.097023 -0.680298 0.508713 0.914855 -0.730911 -0.453903 0.776014 0.025588 -0.093795 0.447499 -0.565752 0.199918 0.154805 -0.520883 -0.147379 -0.233258 0.184440 -0.106731 0.103435 -0.034475 -0.497062 0.313486 0.203000 -0.051542 -0.385927 -0.102153 0.581257 0.362908 -0.305697 0.030546 0.823690 -0.097215 -0.198866 -0.116280
orbits -0.049155 -0.356533 0.125629 -0.234287 0.145559 -0.040602 -0.147426 -0.480500 0.163164 -0.970696 0.053631 -0.456154 0.277478 0.063648 -0.451057 -0.309965 -0.306809 -0.098978 -0.166548 -0.296074 0.438043 -0.099185 -0.281475 0.285844 0.212556 -0.846447 -0.293175 0.269989 0.014815 -0.041672 1.107495 -0.026313 -0.112376 0.461986 0.138471 0.413632 0.582065 0.108556 0.505196 -0.444564 -0.022819 -0.211470 0.277180 -0.385064 0.383289 0.176535 0.387408 0.098462 -0.115281 0.299495 -0.707337 -0.668766 0.082423 0.045552 -0.516126 0.629118 -0.544774 0.567693 0.199571 0.130122 -0.971903 -0.093194 0.279919 0.319910
once -0.443909 0.456975 0.051470 -0.005263 0.942960 0.417531 -0.245187 -0.113841 0.209584 -0.466935 -0.410657 0.082677 0.117243 0.528945 0.202704 0.087139 0.212043 -1.022311 0.412018 0.056697 0.162004 -0.467502 -0.533098 0.828480 -0.241195 0.342378 0.191561 -0.508503 -0.417076 0.037395 0.838722 -0.332063 -0.110498 -0.328146 -0.421014 0.148928 0.298631 0.632786 0.471860 -0.536556 0.076371 -0.801271 -0.138313 -0.263448 0.037298 -0.397648 0.402174 -0.360031 0.087536 -0.404432 -0.464739 -0.202944 -0.253343 0.377051 -1.083309 0.693036 -0.112684 0.615941 0.248499 0.138252 -0.444928 0.113437 0.367225 1.064727
year 0.014600 0.242804 0.014440 0.034407 0.252943 0.466152 0.061117 0.470960 -0.324856 -0.328747 -0.008788 -0.097382 -0.121321 0.430877 -0.250840 0.220747 -0.264714 -0.331050 0.076151 -0.503751 0.209172 -0.047623 -0.457327 0.338325 -0.531283 -0.044554 0.028509 -0.923297 -0.338443 -0.536543 0.965322 -0.348957 -0.419777 0.128657 -0.091925 0.334963 0.520877 0.344701 0.607594 0.583493 -0.021600 0.112806 -0.451656 -0.464128 -0.011569 -0.046096 0.417929 -0.678951 -0.118014 -0.346976 -0.456166 0.078296 0.644535 0.220995 -1.202304 0.869805 -0.022507 0.393892 -0.256922 0.270958 -0.490139 0.080928 -0.041832 0.503765
dna 0.076023 0.872925 0.527815 -0.387075 -0.077281 -0.372722 -0.022238 -0.116604 -0.456248 -0.670230 1.356921 -0.297697 0.331086 -0.067775 -0.050686 -0.431270 -0.448515 0.532008 -0.128624 0.584263 0.296991 0.077862 0.774331 0.024568 0.514281 0.431895 -0.385118 0.154486 -0.415698 -0.183255 -0.177975 -0.426891 -0.418695 -0.262623 -0.087914 0.611081 -0.064941 -0.064879 -0.582004 0.081753 -0.298840 0.201513 -0.353092 -0.112641 -0.099526 -0.062658 0.450986 -0.328603 0.370220 1.128268 0.252775 0.097243 -0.604746 0.112297 0.789736 0.058198 -0.236914 -0.907100 -0.239203 0.658221 -0.089838 -0.072364 0.632489 -0.509573
carries 0.169333 0.882307 -0.020790 -0.031561 -0.089835 -0.217753 0.066829 -0.141833 0.035191 -0.861229 1.117248 0.181622 0.294433 -0.178394 -0.096048 -0.301060 -0.280104 0.613788 -0.092469 0.063365 0.363696 -0.036741 0.441668 -0.193703 0.172173 0.800783 -0.072812 0.747223 0.215121 -0.001224 -0.129711 0.493586 -0.016755 0.464423 0.128939 0.647298 -0.152702 0.298431 0.024313 0.141112 0.338488 0.268057 -0.173456 0.204950 0.087931 0.023357 0.402179 -0.554396 0.137169 0.797367 0.685092 -0.484352 -0.618121 -0.103323 0.486601 -0.233299 -0.268665 -1.054639 0.024298 0.524122 -0.373283 0.160757 0.670172 -0.414288
genetic -0.085500 0.269215 -0.504592 0.239276 -0.178367 -0.377109 -0.182090 -0.641848 0.232566 -1.029166 0.990584 -0.537976 0.271640 -0.103393 -0.077428 -0.677047 -0.375396 0.635097 -0.259212 0.045452 0.065914 0.298193 0.029543 -0.360934 0.251164 0.809610 -0.000127 0.041532 0.423190 -0.303750 0.264455 0.110473 -0.095872 0.203561 0.267250 1.177867 0.117162 -0.015126 0.143163 -0.170110 -0.035029 0.139534 0.374639 0.111949 0.327074 0.395255 0.305519 -0.672658 0.017385 0.305097 0.406809 0.670551 -0.264264 -0.203176 0.447390 -0.088419 -0.011880 -0.746381 -0.003459 -0.068149 -0.131093 0.129897 0.729585 -0.590239
living -0.206288 0.723516 -0.147251 0.576144 0.042929 0.346322 -0.517931 -0.643971 0.328471 -0.195572 0.433969 0.226900 0.021105 -0.457934 -0.036208 -0.458234 -0.608055 0.141875 -0.428222 -0.052544 -0.049317 0.345928 0.609742 0.197011 -0.228011 1.394104 0.116540 0.027738 0.223654 -0.322177 0.376471 0.208013 -0.475271 0.318949 -0.484510 0.370294 -0.336429 0.411257 -0.207659 0.030645 0.187186 0.382504 -0.082106 0.023541 0.383200 -0.022219 -0.201816 -0.113597 0.088788 0.171159 0.788566 0.338824 -0.980464 -0.457865 0.451060 -0.428051 0.202620 -0.493323 -0.698047 0.513207 0.199526 0.576939 0.613232 0.213428
cells -0.516204 0.429615 -0.284364 0.172537 0.162955 0.071252 -0.334351 -0.353205 -0.510582 -0.453186 0.762844 -0.159410 -0.176203 -0.295782 -0.076944 -0.530454 -0.998198 0.545050 -0.311902 0.205866 0.024817 0.407638 0.670991 0.305252 -0.330461 1.155524 -0.315421 -0.257648 -0.127543 -0.203365 0.442937 -0.212878 -0.456907 0.064561 -0.313064 0.746907 -0.369064 -0.077625 -0.619291 0.437666 -0.042852 0.186391 -0.020287 0.005838 0.403294 -0.058359 -0.078374 -0.608769 0.305586 0.474340 0.226807 0.421514 -0.565522 -0.197775 0.110700 -0.163293 -0.307807 -0.119104 -0.206159 0.337288 0.564061 0.127712 0.649167 0.338712
rice -0.221507 -0.047638 0.513772 -0.361134 -0.073940 0.386071 0.186621 -0.151522 -0.149705 -0.075837 -0.176742 0.037975 0.662739 -0.292434 -0.554701 -0.070158 -0.537461 0.355124 -0.043565 -0.541037 1.038954 -0.031276 -0.127195 0.291589 -0.211381 0.110430 -0.104284 0.031819 0.216608 0.082661 0.769655 -0.112282 0.326573 0.317211 -0.015876 -0.738050 0.648236 -0.102746 0.304564 0.709090 0.358745 0.691156 -0.188044 -0.363896 0.071638 0.854596 0.008668 0.117121 0.237600 0.109233 -0.542588 -0.495837 -0.136412 -0.112243 0.130541 -0.144022 -0.699428 -0.505883 -0.088121 -0.048255 -0.139051 0.337668 -0.301584 -0.690166
staple -0.686327 0.012136 -0.061734 -0.247966 -0.184331 0.029804 -0.010338 0.003293 0.319111 0.447043 -0.136333 0.269974 0.570856 0.263025 -0.766605 -0.025481 -0.365945 -0.492074 0.056135 -0.106636 0.051616 -1.107519 -0.610851 0.121040 -0.184803 0.778393 0.100869 -0.175289 -0.160299 -0.104294 0.622225 -0.180667 -0.129674 -0.066272 -0.597977 -0.575102 -0.060687 0.209791 0.033759 0.932541 0.467306 0.279476 -0.443861 1.073287 -0.292563 0.489394 -0.449496 0.009043 0.507456 -0.240054 -0.238859 0.541621 -0.164969 -0.151172 -0.534710 -0.594971 0.161756 0.169719 -0.152798 0.197850 -0.123319 0.489365 0.148475 -0.468061
worldwide -0.825768 -0.122935 0.010505 -0.463826 0.036390 0.005401 0.187702 -0.095037 -0.197669 0.765946 0.063743 0.776857 0.874727 -0.057083 -0.173641 0.249637 -0.516937 -0.393929 0.191557 0.052796 0.162771 -0.750080 -0.330749 0.083175 -0.338202 0.545022 -0.167431 0.206407 0.128627 -0.018067 0.851396 -0.089370 -0.251577 -0.007794 -0.579580 0.348983 0.467616 0.276601 0.050576 1.050657 -0.045201 0.455805 0.128823 0.352195 -0.318531 0.129574 -0.327924 0.023940 0.482990 -0.078829 -0.158810 0.357290 0.414891 0.183931 0.104423 -0.555911 0.080662 0.217241 -0.386326 0.278971 0.066794 0.352944 -0.328785 -0.238945
cycling -0.427474 -0.099433 0.035466 -0.038112 -0.894088 0.079924 -0.037310 0.092856 0.058052 0.347146 -0.273749 -0.875932 0.621531 0.786199 0.235434 -0.079184 -0.181941 0.199806 0.387433 0.480301 0.681801 -0.121940 0.402539 -0.355086 -0.176692 -0.635682 0.086823 0.465843 -0.536915 -0.217194 0.085808 -0.112104 0.215361 0.053415 0.310347 0.397226 0.241346 -0.540156 -0.556600 0.043264 -0.623251 -0.728237 0.056657 -0.080733 -0.490541 -0.330819 0.323539 0.982689 -0.201888 0.608049 0.227510 -0.314712 -0.504233 0.203350 -0.193837 0.435983 0.487784 -0.170676 0.356558 0.059151 -0.181020 0.167419 -0.022909 0.037754
fast -0.370553 -0.310688 -0.181472 -0.315198 -2.058599 -0.288601 -0.127621 0.094464 -0.206564 -0.247189 0.023003 -0.349680 0.736605 0.354972 0.106922 -0.294791 -0.015041 0.320817 0.308205 0.783893 0.469572 -0.079313 0.381083 -0.203653 -0.052059 -0.419022 0.285373 -0.016649 0.498043 -0.188177 -0.221719 0.094233 0.330474 0.283748 0.390280 0.217063 -0.049468 -0.737590 -0.315355 -0.308644 -0.462316 -1.115182 0.110358 0.647510 -0.749711 0.467783 0.072334 1.059914 -0.499028 0.253840 0.299945 -0.174074 -0.151720 0.351661 -0.644546 -0.292814 0.484138 0.429272 0.061398 -0.308191 0.424068 -0.393861 -0.416871 0.315270
environmentally -0.801753 -0.590843 -0.197505 0.460243 -1.996871 0.012417 -0.420542 0.131634 0.828958 -0.592649 -0.281208 0.158297 0.442529 0.946374 -0.017597 -0.020609 -0.118626 -0.208209 0.261986 0.315189 0.150044 0.308032 0.228966 -0.887381 -0.004664 0.003065 1.179879 -0.064691 0.695304 -0.768170 -0.196267 0.601476 0.008316 0.299846 0.283867 0.430248 0.148464 -0.666580 -1.053902 -0.527254 -0.113967 -0.461051 0.109046 1.099873 -0.555335 0.236719 -0.175083 0.409146 0.036280 -0.297603 0.686822 -0.088296 -0.473497 0.023737 -0.359460 -0.971232 0.971299 0.286027 0.053550 -0.233174 0.117190 -0.049449 -0.580587 0.529279
friendly -1.372688 -0.228747 -0.179533 0.290984 -1.221688 0.240247 -0.415797 0.473333 0.504183 -0.539610 -0.329321 -0.126330 0.228707 0.944419 0.118959 -0.167879 -0.134060 0.020025 0.577240 0.379625 0.495693 0.427164 0.320086 -0.267229 0.077708 -0.069110 0.907020 0.326258 0.420794 -0.776463 -0.139120 0.407989 -0.063114 -0.125807 0.013489 0.171261 0.304887 0.028543 -1.001452 -0.138335 -0.463075 0.061984 -0.120758 0.576251 -0.412679 -0.206752 -0.119281 0.085074 -0.066152 -0.125173 0.441280 0.434807 -0.398319 -0.196361 -0.378976 -0.815072 0.195855 0.433951 0.044793 -0.041694 0.556543 0.116178 -1.050537 0.987985
way -0.703282 -0.183049 0.053281 0.478434 -0.849842 0.249929 0.145670 0.261748 0.698791 -0.770231 -0.475617 -0.117007 0.026007 0.631736 0.378671 0.404417 -0.753255 0.186403 0.342465 0.509146 0.133447 0.347445 0.327859 -0.244871 0.160021 0.179100 0.479023 0.004091 0.127042 -0.317668 -0.458366 -0.125228 -0.128809 -0.613644 -0.336762 0.059363 0.046837 -0.354204 -0.384780 -0.167300 -0.093483 0.035917 -0.012840 0.667582 -0.473855 -0.182229 -0.435127 0.448242 0.014541 -0.402101 0.124310 0.002410 -0.543831 -0.279702 -0.131104 -1.145452 0.339084 0.329344 -0.212109 -0.009896 0.203327 -0.072945 -0.517627 0.603599
travel -0.298021 0.123973 0.150914 0.059490 -0.787420 0.491552 -0.089450 0.207441 0.439712 -0.623252 -0.586727 0.021702 0.091676 0.378853 -0.004383 0.071825 -0.075266 0.393190 0.217419 0.115903 0.007088 0.585058 0.350323 -0.564707 -0.028204 0.192926 0.348866 0.105802 -0.055200 -0.445781 -0.046434 -0.016286 -0.138757 0.148508 -0.392801 -0.041485 -0.030766 -0.363582 -0.534106 0.457436 -0.069307 0.051014 -0.370112 0.090888 -0.512363 -0.103316 -0.154029 0.492226 -0.173406 -0.352167 -0.434141 -0.152552 0.582076 -0.067164 -0.161907 -0.730834 0.163670 0.011670 -0.235366 0.368584 0.639235 -1.037323 -0.863775 0.321726
train 0.387173 0.227276 0.829916 -0.417186 0.040443 -0.136812 -0.332211 -0.032567 0.718007 -0.073017 1.278470 -0.218184 -0.141512 -0.561207 0.273946 0.326306 0.015279 0.756120 0.125943 -0.337896 0.203877 -0.305300 -0.074011 0.214215 0.325164 -0.063162 -0.098588 0.560354 -0.009904 0.357231 0.135983 0.813509 -0.522318 0.446571 0.592429 -0.006544 0.367537 0.097057 -0.098640 0.185931 0.389349 0.309441 -0.077904 1.199097 -0.675566 0.368513 0.558633 0.588574 -1.170879 0.405328 0.089918 0.084199 -0.335608 0.019846 0.061053 -0.249589 -0.254465 -0.147883 0.228425 -0.359614 0.089927 0.046033 -0.314638 0.366104
compete -0.388180 0.542573 -0.004807 -0.043856 0.272950 0.076037 -0.844109 0.196153 0.526501 0.004473 1.036607 0.000316 -0.332958 -0.848150 0.162003 0.229458 0.210734 0.182378 0.637954 -0.284487 -0.014366 -0.098930 -0.339215 0.425638 0.237413 0.322906 0.474750 0.284484 0.198590 0.216480 0.021449 0.241391 -0.378868 -0.312859 -0.516499 0.006974 0.275073 0.376003 -0.213566 -0.185256 0.676990 0.148974 -0.258968 1.156664 -0.249114 0.320846 -0.036496 0.399371 -0.809476 -0.375051 0.416147 0.791525 -0.651435 -0.123981 -0.091816 -0.341046 -0.091780 0.159230 0.473653 -0.436074 -0.029703 0.002083 -0.415372 0.617104
sports -0.769252 0.034469 0.099573 0.136078 0.000032 0.118884 -0.464435 0.402120 0.353554 0.464958 1.047512 0.397102 -0.677616 -0.554190 0.498157 0.209398 -0.213421 0.580896 0.136596 -0.333804 -0.067830 0.589587 -0.251028 -0.217569 -0.141576 0.617605 0.024515 -0.026187 0.158456 -0.333464 0.254292 -0.023806 -0.190765 0.325500 -0.048268 -0.199282 -0.136711 0.505912 -0.101714 0.500380 0.500929 -0.002796 -0.273623 0.781475 -0.515927 0.499351 0.263622 0.091741 -0.657584 -0.270509 0.127795 0.629841 -0.005311 -0.218671 -0.007147 -0.070166 -0.265439 0.009423 0.100585 -0.283486 0.417779 -0.588635 -0.161861 0.598557
lions -0.011303 0.220544 -0.057563 -0.603491 0.335033 0.454392 0.145362 0.340412 0.081079 0.284345 0.585913 0.078112 0.230406 -0.208145 -0.086026 0.148879 -0.626325 0.078066 -0.014371 -0.614328 0.861469 -0.147661 0.044191 0.214033 0.011169 -0.684698 -0.815351 0.534730 0.220666 -0.050662 -0.536119 -0.054539 0.477667 0.380305 0.340811 0.008272 0.312649 0.389360 1.117941 0.265765 -0.120675 -0.569573 -0.438737 -0.823936 -0.548083 -0.089676 0.695233 0.195612 -0.446089 0.214739 0.062964 0.765063 0.225342 0.226996 0.475886 0.134613 -0.515365 0.725391 0.460567 0.018056 -0.428628 -0.072821 -0.160889 0.099009
hunt -0.190250 -0.267079 -0.152486 -0.917952 0.963641 -0.082393 0.404091 0.492288 0.363079 0.119504 0.455328 0.171246 0.158239 -0.254071 -0.694531 0.469906 -0.613967 0.137828 -0.422469 -0.275315 0.555528 0.042497 0.021090 -0.215113 -0.279248 -0.340834 -1.018823 0.411485 0.360347 0.565015 -0.384061 0.273307 0.595204 0.138441 0.515511 0.557101 1.085272 -0.146525 0.587471 0.179382 -0.165084 -0.616231 -0.756556 -0.544827 -0.424044 0.423813 0.190302 0.221814 -0.512686 0.431887 -0.216610 0.398123 -0.423719 -0.035283 0.108126 0.324818 -0.190478 0.443300 0.134421 0.145476 -0.408216 0.512593 -0.037607 0.160165
prey -0.236535 -0.498699 -0.255493 -0.396452 0.604831 -0.372298 0.420788 0.291893 0.163064 -0.522364 0.328813 0.322309 0.165628 0.113606 -0.254049 0.056624 -0.155864 0.065128 -0.412544 -0.349144 0.580028 -0.005168 -0.553066 -0.179291 -0.115539 -0.162449 -0.178405 -0.221280 0.148617 0.383615 -0.348141 0.072550 0.618192 0.417367 0.335019 1.042210 0.529318 0.074554 0.593671 -0.456659 0.226452 -0.433551 -0.023088 -0.506058 0.241561 0.302208 0.356734 -0.137879 -0.476871 -0.214783 0.222070 1.108912 -0.148459 -0.285650 0.451636 0.669181 -0.064880 0.664149 0.543431 -0.161319 -0.414804 0.206546 0.292300 -0.223351
savanna -0.726157 -0.076548 -0.381227 0.002987 0.385010 0.673470 -0.177089 0.442619 0.326879 0.356910 0.540226 0.566836 -0.173871 -0.338313 -0.137874 0.385421 -0.458947 -0.187265 0.196454 -0.446239 0.472658 -0.096775 0.366177 -0.351221 -0.204282 0.118545 -0.927782 -0.081575 0.127990 -0.293708 0.129452 -0.215597 0.233280 0.396465 0.219166 0.344392 0.159641 0.466421 0.173177 0.754830 0.383115 -0.720416 -0.451800 -0.775062 -0.661621 -0.141111 0.118622 0.109167 -0.172204 -0.118266 -0.323763 0.714657 0.100335 0.296727 0.270886 0.279428 0.108113 0.861122 -0.590011 -0.217440 -0.210900 0.105993 0.041083 -0.023160
pizza 0.903502 0.300180 0.033375 -0.293242 -0.423582 0.056578 0.309480 -0.195193 0.378627 0.796260 0.513598 -0.258940 0.427757 0.044284 -0.197108 -0.283480 -0.393352 0.043196 0.158669 0.249841 0.113901 -0.607337 1.459203 0.031957 -0.200221 0.041529 -0.002982 0.232823 0.104604 0.025247 -0.145637 0.523039 0.518792 -0.042975 -0.511929 -0.015801 0.190260 -0.174348 -0.561980 0.136822 0.151149 -0.110356 -0.209327 0.431680 0.073143 0.574337 0.103339 -0.400338 0.435690 0.484436 -0.341656 -0.006907 -0.248562 0.098034 0.355035 0.354983 0.014179 0.381920 -0.185674 0.491681 0.737788 -0.725073 -0.681321 -0.041595
topped 0.666400 -0.010168 -0.418997 0.169490 -0.710528 -0.593364 0.547309 0.120962 0.757070 0.343105 0.668420 -0.229512 0.718181 0.296716 -0.402274 -0.352598 -0.422779 0.400292 0.184557 -0.320156 -0.254798 -0.687425 1.401355 -0.426459 -0.399144 -0.341742 0.291754 0.124338 -0.028751 0.112454 -0.197515 0.810265 0.065888 0.440074 0.060909 0.484565 0.480784 -0.563302 -0.417554 -0.229226 0.217444 -0.261064 -0.304675 0.510344 0.382071 0.773130 0.184126 -0.425490 0.385635 0.463817 -0.101213 0.267106 -0.308942 -0.199365 0.217559 0.387823 0.158188 0.538646 -0.258830 0.121909 0.638496 -0.966273 -0.170921 -0.119380
tomato 0.159075 0.320180 -0.692092 1.060455 -0.273811 0.152280 0.324682 -0.064237 0.882006 0.575479 -0.464635 0.220213 -0.114537 0.321985 -0.371808 0.067572 -0.165292 -0.249088 0.258112 0.567920 -0.394455 -0.653402 0.769270 -0.532333 -0.322298 0.397194 0.161279 0.200482 -0.096474 -0.222936 -0.076791 -0.125379 -0.328759 -0.132102 -0.514927 0.130624 0.196967 -0.379554 -0.687171 -0.436433 0.665289 0.164157 -0.336331 0.360301 0.162921 0.517157 0.339777 -0.632968 0.548849 -0.588664 -0.481858 -0.065620 -0.385695 -0.208673 0.031778 0.127220 0.365506 0.197824 -1.111487 0.468706 0.543913 -0.763525 -0.032885 -0.087068
penguins 0.012356 -0.454077 0.286698 -0.301941 0.021970 -0.043497 -1.050194 -0.031458 0.312720 -0.217653 0.285178 0.123124 0.199282 -0.148787 -0.350446 -0.327059 -0.242519 0.090801 0.345542 -0.104123 -0.359055 -0.446183 -0.102271 0.047906 -0.179899 -0.567175 -0.764011 0.885708 -0.292048 0.368649 -0.011429 -0.307095 -0.104692 -0.067160 0.444962 0.015716 0.302966 -0.001944 -0.508417 0.417839 -0.071255 -0.002393 -0.065009 0.301162 -0.578565 -0.297447 0.072464 0.101358 -0.016610 0.491237 0.305743 -0.789520 -0.360001 0.114917 0.752903 -0.080067 -1.042782 0.265832 -0.210090 0.290931 -0.321723 -1.131316 -0.323251 -0.166492
ice -0.079746 -0.587330 -0.484036 -0.079833 -0.021264 0.553130 -0.358792 0.156851 0.317665 0.138578 0.033147 0.070812 -0.283713 -0.221811 0.323370 -0.415467 -0.054727 0.272432 0.431068 0.404933 -1.103053 -0.587321 0.374023 -0.511563 -0.630948 0.062861 0.108600 0.303112 -0.362803 0.024799 -0.091799 0.102296 0.013904 -0.071991 -0.086955 -0.001488 0.176559 0.354040 -0.464146 0.979176 0.391999 0.392713 -0.518805 0.322730 -0.306896 -0.187399 0.436630 -0.835356 -0.468526 -0.092203 0.359580 -0.245064 -0.276041 -0.042228 0.405497 0.105290 -0.441378 0.042062 -0.654112 0.144536 -0.546262 -0.407953 -0.705368 -0.099038
